Close,MA5,MA14,Daily Return,RSI,Bollinger Band Width,High-Low Range,Relative Volume,Target
53.00639343261719,53.09189071655273,56.45864731924875,0.011454256275499564,16.644387200671076,0.20612743527786712,0.7548936569120528,0.7462508190444455,-0.012868804347481944
52.32426452636719,52.78083724975586,55.946721758161274,-0.012868804347481944,19.362367393610768,0.22216946361957146,1.2369378272551685,0.9857542318311325,-0.004693182484267977
52.07869720458984,52.50798416137695,55.42959867204939,-0.004693182484267977,19.24265476640396,0.23154231094542788,0.9458940684578465,0.7212625274600241,-0.0062872295712649295
51.75126647949219,52.313348388671876,54.956002371651785,-0.0062872295712649295,20.293397195785673,0.2419249226596248,1.064128038626997,1.1314325047737455,-0.0008786488621349564
51.70579528808594,52.173283386230466,54.42523711068289,-0.0008786488621349564,14.447361053162226,0.24657735465720187,0.763990802065571,0.6692622131295773,0.012176447378866362
52.33538818359375,52.03908233642578,53.956983293805806,0.012176447378866362,19.74636577677329,0.2407229358917804,0.9151143458701156,0.8092739697323871,0.008393146409815921
52.7746467590332,52.12915878295898,53.59286608014788,0.008393146409815921,25.145409609458582,0.22020430173942332,0.7046350291953587,0.6400187269370475,-0.029477994850142464
51.21895599365234,51.957210540771484,53.17804554530552,-0.029477994850142464,23.51752570146293,0.2177202817335884,1.2354030896810002,1.1538320349917635,-0.016615944508354907
50.36790466308594,51.680538177490234,52.637469972882954,-0.016615944508354907,15.304214061936548,0.21586366367513268,1.2171040027979672,1.1666095277819852,-0.025799544428795618
49.06843566894531,51.15306625366211,52.07748631068638,-0.025799544428795618,14.932202053680712,0.22204351869078148,1.1255938417483549,0.973523809186461,0.007273266663536226
49.425323486328125,50.57105331420898,51.75932856968471,0.007273266663536226,23.817974059334716,0.21515766992221388,0.8510566071869476,0.9336298476273233,0.024810381650920643
50.65158462524414,50.14644088745117,51.559944425310405,0.024810381650920643,34.986012800841735,0.1974746268934062,1.4550321500119097,0.8954953324735084,-0.0003613493559162517
50.63328170776367,50.02930603027344,51.410575594220845,-0.0003613493559162517,37.83600510181893,0.1815802858593545,1.0340802551688881,0.6404286636490115,-0.008855958064706404
50.18487548828125,49.9927001953125,51.25191525050572,-0.008855958064706404,37.27195863975651,0.1684218311079662,1.2262534760173196,0.5997260038975104,0.009482303591821672
50.660743713378906,50.311161804199216,51.0843688419887,0.009482303591821672,36.364700758647544,0.13627577056336238,1.4550323220088046,0.7629044656311533,0.01065742699208827
51.20065689086914,50.666228485107425,51.00411115373884,0.01065742699208827,43.35864237587829,0.10197902550891924,0.8053017361531687,0.7613244595695635,0.0023232847400282974
51.319610595703125,50.79983367919922,50.949890681675505,0.0023232847400282974,45.445056378843894,0.09331272334271498,0.6680330067654197,0.6465120537722232,0.015691963980421608
52.12491607666016,51.09816055297851,50.97657993861607,0.015691963980421608,52.1204952195227,0.08713688550268135,0.90596131310555,0.7262176178369026,-0.0015800373442084181
52.04255676269531,51.469696807861325,51.0006343296596,-0.0015800373442084181,51.90318341272606,0.08465565865162313,1.04323338466871,0.8716015055997034,0.0008792283959031533
52.08831405639648,51.755210876464844,50.98298617771694,0.0008792283959031533,48.505024644277114,0.08360693731617226,0.5856727033785702,0.6109578710210339,0.014230475078836013
52.82955551147461,52.080990600585935,50.98690823146275,0.014230475078836013,50.320523954455936,0.08255086062609754,0.8053016741172456,1.2806178420800927,-0.010566359863645847
52.27133941650391,52.27133636474609,51.06207847595215,-0.010566359863645847,56.95285658983509,0.0823582723879079,0.6497339499860502,0.8197233581531264,-0.004026748757062326
52.06085586547852,52.258524322509764,51.18300356183733,-0.004026748757062326,62.219194783211115,0.08230891212405679,1.1255902543500724,0.8238836436211985,0.010370808710585155
52.60076904296875,52.37016677856445,51.43531308855329,0.010370808710585155,78.63495519120275,0.0848967016149493,0.851056570146568,0.775662211184524,-0.02157245034003974
51.466041564941406,52.24571228027344,51.5810786655971,-0.02157245034003974,64.69049460230144,0.0847237831585454,0.9242641188691749,0.9145564801349257,0.020092407716435723
52.500118255615234,52.17982482910156,51.713116782052175,0.020092407716435723,63.685695177802025,0.08535755473471576,1.1072877149505231,0.908093830194084,-0.004880767000922992
52.24387741088867,52.17433242797851,51.82815933227539,-0.004880767000922992,61.51830289670826,0.08309164248932689,0.603975320147903,0.7376735440692863,-0.0015762935036890413
52.16152572631836,52.19446640014648,51.96934863499233,-0.0015762935036890413,64.917195941297,0.08416112074903523,0.9517199036960378,1.418113835463912,0.0
52.16152572631836,52.1066177368164,52.07654735020229,0.0,62.20239258342561,0.08281744362280744,0.46670685208830776,0.6222321068777886,0.00666660279770892
52.5092658996582,52.31526260375976,52.17001942225865,0.00666660279770892,60.98311570556987,0.07151859201917261,1.006624456111048,1.205943459603323,0.008190998191135668
52.93936920166016,52.40311279296875,52.28571646554129,0.008190998191135668,62.919792071098,0.061979808509752314,0.9059613448805095,0.8381650819363877,0.005877254636166063
53.25050735473633,52.60443878173828,52.36611584254673,0.005877254636166063,59.7464773658908,0.06252272288038589,0.8876621130120839,1.0227654456502833,-0.0034368483063729194
53.0674934387207,52.78563232421875,52.439325605119976,-0.0034368483063729194,58.72285966403416,0.06024502870582385,0.5673700344455312,0.9750265002516469,-0.013278246320893361
52.36285018920898,52.825897216796875,52.4589353288923,-0.013278246320893361,52.100862904449976,0.049496054074425956,1.4641817304445013,1.0177440147993544,-0.0006990802606935409
52.32624435424805,52.789292907714845,52.42298453194754,-0.0006990802606935409,45.682885458057825,0.04100280050426334,1.0981380344828366,1.0053360605180621,-0.02640793974722333
50.94441604614258,52.39030227661133,52.32820429120745,-0.02640793974722333,40.02743105110116,0.043257866851392976,1.509940128901171,2.3981844244168986,0.0035926481116526077
51.12744140625,51.96568908691406,52.261531829833984,0.0035926481116526077,42.95579657199309,0.044661399732716094,0.6131284735215417,0.8349812141585921,0.0
51.12744140625,51.57767868041992,52.15629414149693,0.0,37.894759276764646,0.04868329478557266,0.7137881268633564,0.8110318529734536,-0.010918205455118457
50.56922149658203,51.21895294189453,52.09223556518555,-0.010918205455118457,41.860391040253496,0.05624289185122149,0.6771862092447449,0.8845925438875697,0.014658032056623416
51.31046676635742,51.0157974243164,52.00726045880999,0.014658032056623416,38.59647326573955,0.058023187680504386,0.6954854437624789,0.9127733920856134,-0.0028535252098937924
51.1640510559082,51.05972442626953,51.93013000488281,-0.0028535252098937924,39.42659237976564,0.05858772908283684,0.6039754244686861,0.9307070655835499,0.028080614365164625
52.60076904296875,51.35438995361328,51.9615045275007,0.028080614365164625,53.399349209657586,0.059298898509726,1.2720083063160104,0.9868234927456233,-0.012699927826402724
51.932743072509766,51.51545028686523,51.94516290937151,-0.012699927826402724,48.39534619896059,0.0593228104462273,1.7844738081574008,1.1419780697754667,-0.01074890091764591
51.3745231628418,51.676510620117185,51.86410985674177,-0.01074890091764591,42.26930529624809,0.059392844930562405,0.9059648150089359,1.2637468447655291,-0.002315719082120693
51.25555419921875,51.66552810668945,51.74383735656738,-0.002315719082120693,38.02078414386712,0.060054751027721724,0.7046384820396554,1.0447982518083256,0.013390629707384694
51.94189834594727,51.82109756469727,51.65036528451102,0.013390629707384694,41.16195811460058,0.0592438181552091,0.613128540434488,0.7299000273404136,-0.011804125024961087
51.32876968383789,51.566697692871095,51.52617073059082,-0.011804125024961087,38.90184253431744,0.05982192593029862,1.1987976963545464,1.0896300685403468,-0.002317634631830545
51.209808349609375,51.42211074829102,51.44381059919085,-0.002317634631830545,42.045471890472555,0.060685416909930595,0.6771862893612663,0.6428239360126822,-0.010185823605235567
50.68819427490234,51.284844970703126,51.32680702209473,-0.010185823605235567,39.4083129222504,0.06348244650956039,0.8510568092419604,0.8197448917277508,0.010832199570035561
51.23725891113281,51.281185913085935,51.347724369594026,0.010832199570035561,52.122064528541586,0.06258472520395489,0.732090852101976,0.8143097040749436,0.013216578292585934
51.9144401550293,51.27569427490234,51.403938565935405,0.013216578292585934,55.32179654453517,0.058563116704517984,0.5948222730536443,0.6740078856400477,0.0024678414576644325
52.04255676269531,51.41845169067383,51.469303948538645,0.0024678414576644325,56.0827443093129,0.05140300486218157,0.8785090167777838,0.6974260116471387,-0.006154378872599731
51.722267150878906,51.52094345092773,51.55166435241699,-0.006154378872599731,57.914601153998795,0.043834319014544564,1.0340767754366738,0.7290758185325823,-0.012561766696792542
51.07254409790039,51.59781341552734,51.53466987609863,-0.012561766696792542,48.34609889358073,0.041574664941731496,0.7595467492349002,0.8536933734855483,-0.015051207537651545
50.30384063720703,51.411129760742185,51.47322627476284,-0.015051207537651545,44.49645648325185,0.042863157005934016,1.8576811500781858,1.130509959610261,-0.006003253240918216
50.00185394287109,51.02861251831054,51.28758948189871,-0.006003253240918216,30.547998867067804,0.04849175257071872,0.7686962922925318,1.2896594502937437,0.010980885565919252
50.55091857910156,50.7302848815918,51.18888773236956,0.010980885565919252,39.469995459363105,0.0501760570126655,1.18049835746492,0.9472948906536464,0.01792188426773489
51.45688629150391,50.677208709716794,51.19477081298828,0.01792188426773489,50.59604689310803,0.050194567813497,1.162195797213485,0.8823707596263334,-0.004801649685813425
51.209808349609375,50.7046615600586,51.1915032523019,-0.004801649685813425,49.67497232711358,0.04845819577383656,0.7869990557035322,1.6843695091062045,-0.052895024144196556
48.50106430053711,50.34410629272461,50.94572939191546,-0.052895024144196556,31.01006094505688,0.06915206125626715,2.1871229070864757,2.8097348573850818,0.024717044157416046
49.69986724853516,50.28370895385743,50.82937921796526,0.024717044157416046,41.555976629224936,0.07391393085088843,1.6289061017601796,1.3312843854502567,-0.02080665788490832
48.66577911376953,49.90668106079102,50.647662843976704,-0.02080665788490832,37.95489157448192,0.08033339666255701,0.8144511744917295,1.559640670178511,-0.002068204582078459
48.565128326416016,49.328329467773436,50.49601527622768,-0.002068204582078459,39.53067702433305,0.08807675342634497,0.8968118297008019,1.1092186261545922,0.011871048884629198
49.14164733886719,48.914697265625,50.34632873535156,0.011871048884629198,39.69396622237167,0.09172128156082103,0.7137881637314152,0.6748053899394191,0.00037229700420460254
49.159942626953125,49.0464729309082,50.14957891191755,0.00037229700420460254,35.514888225469306,0.09462010241806716,0.5948257072511822,0.6692257247317064,-0.0007446272921577402
49.12333679199219,48.93116683959961,49.94106319972447,-0.0007446272921577402,34.49947417119178,0.09406959361221559,0.8510565936677281,0.734261223204766,0.007079153008358485
49.47108840942383,49.092228698730466,49.780264718191965,0.007079153008358485,38.08141026132996,0.09380532038645202,0.8236044011158583,0.677880435086322,-0.0029597759934438805
49.32466506958008,49.244136047363284,49.65541621616909,-0.0029597759934438805,40.22513531756432,0.09379722487894432,0.6771826669636027,0.7249435795527277,0.006311675063698008
49.635986328125,49.343003845214845,49.60771233694894,0.006311675063698008,46.063711246192426,0.09391162851051182,0.4052656534992707,0.6351993368369563,0.0005566496072479943
49.66361618041992,49.443738555908205,49.583552496773855,0.0005566496072479943,47.9398213227692,0.09207214685752177,0.368425870316031,0.7980084599837464,0.002411011152222864
49.78335571289063,49.57574234008789,49.52872657775879,0.002411011152222864,45.066834037795864,0.08546438487726164,0.5342136534443256,0.608871070665709,-0.002035108787403539
49.68204116821289,49.617932891845705,49.401951926095144,-0.002035108787403539,37.2770304821857,0.07610347346503518,0.8105348610914476,0.6723228071572027,0.0037077364763673515
49.866249084472656,49.72624969482422,49.30598340715681,0.0037077364763673515,40.28109829996626,0.06741807975768445,0.47895220988569775,0.7670965633572214,-0.011082349344843201
49.31361389160156,49.66177520751953,49.36402266366141,-0.011082349344843201,58.54238971151457,0.06299934851557937,0.8473780692017172,0.6267995151174347,-0.000933994715666131
49.267555236816406,49.58256301879883,49.33314323425293,-0.000933994715666131,44.00106715450866,0.06218412450314699,0.4605305074859416,0.649049856013048,-0.00037382326583712544
49.24913787841797,49.4757194519043,49.37481171744211,-0.00037382326583712544,61.27232735185365,0.062064897300028496,0.45132148256102766,0.7665462196999471,-0.014587580243658471
48.53071212768555,49.245453643798825,49.372353417532786,-0.014587580243658471,49.46314363853179,0.06191447978603758,0.8842178862340617,0.9495187149630208,-0.009489519561925452
48.0701789855957,48.88623962402344,49.29581996372768,-0.009489519561925452,32.65872863974759,0.0544214214572174,0.8473745508969799,0.6544709529820475,0.004790216635430555
48.30044555664063,48.68360595703125,49.234427315848215,0.004790216635430555,36.98256577122909,0.04359994325302721,1.0039532828745834,1.0300251198331136,-0.008199785936644166
47.90439224243164,48.410973358154294,49.14735984802246,-0.008199785936644166,33.351291250673555,0.04787376216812456,0.8842214366437915,1.27189819000834,0.023457042683026286
49.0280876159668,48.366763305664065,49.1157169342041,0.023457042683026286,45.00756624765708,0.04661575483555947,0.9763261440857249,1.2119632867066588,0.010896081119048384
49.56230163574219,48.57308120727539,49.132690974644255,0.010896081119048384,52.46280393163053,0.04660195228759552,0.6079002171001449,1.0820051402262987,0.0
49.56230163574219,48.87150573730469,49.127427782331196,0.0,49.183674159373716,0.04585302943118975,0.46053057397190855,0.8297966726854,-0.012637021780324886
48.93598175048828,48.99861297607422,49.07545389447893,-0.012637021780324886,42.88290950554797,0.04607776820612716,0.7184266000698827,1.071200924615535,0.014304496458370064
49.635986328125,49.34493179321289,49.064927509852815,0.014304496458370064,48.70550248565499,0.04681991064591239,0.9394828233374213,0.9043803202464074,0.0009278518166928595
49.68204116821289,49.47572250366211,49.064927509852815,0.0009278518166928595,50.0,0.04758819039675787,1.022378521028017,0.8057596176906491,0.0022246879551506282
49.79256820678711,49.521775817871095,49.05966459001814,0.0022246879551506282,49.337783991755124,0.048503116575027566,0.7736915247676777,1.2150062109100002,-0.007214224846226802
49.433353424072266,49.49598617553711,49.06821741376604,-0.007214224846226802,51.11493780089894,0.04860405473152824,0.5802695457460203,1.00920756198169,0.001117785585342812
49.48860931396485,49.60651168823242,49.08400699070522,0.001117785585342812,52.054794520548,0.04827211794610287,0.49737380542332943,0.8590580702576822,-0.00409445915260942
49.285980224609375,49.5365104675293,49.086638586861746,-0.00409445915260942,50.33112582781457,0.04761552199940571,0.7000084364017312,0.7400367923049637,0.002616326409300873
49.4149284362793,49.48308792114258,49.14979689461844,0.002616326409300873,58.888888888888836,0.046573220240684984,0.4697431192433754,0.766861233938418,-0.0014911423473543683
49.34124374389648,49.39282302856445,49.24058723449707,-0.0014911423473543683,63.8554747925016,0.045767644318564185,0.8565836061056089,0.999382616756817,-0.003173293524586951
49.184669494628906,49.34308624267578,49.30374608721052,-0.003173293524586951,59.79602773049142,0.04389627037733018,0.50658295738085,0.7501160957479359,0.008239599809702014
49.58993148803711,49.36335067749023,49.42414174761091,0.008239599809702014,68.63551398715828,0.044527823268727826,1.0776398379400476,1.1134171069956222,0.021359641831817155
50.64915466308594,49.63598556518555,49.53993225097656,0.021359641831817155,68.18190764280789,0.05203409883070011,0.9947477379133289,1.215707017143471,-0.008546947392902737
50.21625900268555,49.796251678466795,49.586643491472515,-0.008546947392902737,57.50537408443549,0.054970638821846,1.0776399594849764,1.1715018600027494,0.011005104797662035
50.76889419555664,50.08178176879883,49.672828674316406,0.011005104797662035,62.28902228179571,0.059095967722505575,0.6723777922485468,1.006197125495204,-0.0052613462665682675
50.50178146362305,50.34520416259765,49.78467151096889,-0.0052613462665682675,67.2065065843031,0.05653269473133496,0.6539525333938982,1.049818701984963,-0.010395778631182129
49.97677612304688,50.42257308959961,49.80901363917759,-0.010395778631182129,53.894720137834184,0.052021911040577344,0.8473780794611088,1.8097197353225005,-0.023590058614871734
48.79782104492188,50.0523063659668,49.745855058942524,-0.023590058614871734,41.973198399577875,0.04389278540545909,1.0868524768297902,1.752185426656519,-0.002076210423094027
48.69650650024414,49.74835586547852,49.6675649370466,-0.002076210423094027,40.03346620842568,0.045857274320380864,0.5710569817784332,0.9119276219080044,0.011915948121722364
49.27677154541016,49.44993133544922,49.65638051714216,0.011915948121722364,48.631220067213576,0.04629272044713069,0.8013222170324568,0.9478772282820085,0.00990655392135209
49.76493453979492,49.3025619506836,49.67611803327288,0.00990655392135209,52.24557237496777,0.046353549741263836,0.6447435301226889,0.8367743277394476,0.0035165936291521316
49.939937591552734,49.29519424438477,49.72282927376883,0.0035165936291521316,55.3383909125503,0.0447345953171657,0.6355309402491542,0.6703214533394806,0.008115064368322766
50.3452033996582,49.604670715332034,49.78927748543875,0.008115064368322766,57.26622957931634,0.046301420790273926,0.9671135255555967,0.7229395035710348,-0.012074761854211968
49.73729705810547,49.812828826904294,49.81756700788225,-0.012074761854211968,52.855228007376894,0.0462992213883853,0.5802694494772425,1.2513062259976222,-0.009444458164670433
49.267555236816406,49.81098556518555,49.8234874180385,-0.009444458164670433,50.571724477638334,0.04696471416803044,0.8013220992262333,1.0444827889940393,-0.003925918573116194
49.07413482666016,49.67282562255859,49.78664479936873,-0.003925918573116194,46.33506136284667,0.04806844481272592,0.6631651236800451,1.0404079530476018,0.010886012581921012
49.60835647583008,49.606509399414065,49.7123020717076,0.010886012581921012,42.00849766586585,0.047960132445299376,0.9763261306199027,0.9978550862893294,-0.0072410904720684455
49.24913787841797,49.38729629516602,49.64322199140277,-0.0072410904720684455,42.489229699071466,0.048067572043989995,1.1513263688534607,1.3257243834065504,0.00897689500049803
49.69124221801758,49.37808532714844,49.56624685014998,0.00897689500049803,41.48464402496309,0.047810573173501576,0.7921130311823532,0.8697892478400878,0.0005562609255258533
49.7188835144043,49.46835098266602,49.510325568062925,0.0005562609255258533,43.57039383656056,0.04735062605292201,0.9210612066697408,0.9582001909273447,0.003705065720223999
49.90309524536133,49.63414306640625,49.50506264822825,0.003705065720223999,49.35901052331151,0.04639346183058796,0.8013257600934693,0.9722614526960316,-0.006829107652411959
49.56230163574219,49.62493209838867,49.55966840471541,-0.006829107652411959,57.786090372792366,0.04642755556716181,0.8105347939900085,0.762157377814333,-0.006876065040800627
49.22150802612305,49.619406127929686,49.59716851370676,-0.006876065040800627,55.09833935189234,0.04397608353385005,0.9118521110547704,0.6965956853911711,-0.023765021847811596
48.0517578125,49.29150924682617,49.5096675327846,-0.023765021847811596,39.32586734598898,0.051493354238453234,1.5750172139836849,1.5460048232041959,0.0017251644903972796
48.1346549987793,48.97466354370117,49.393218994140625,0.0017251644903972796,34.71508705971215,0.05233046131916007,0.6539560983031123,0.8745460113406921,0.031381548461980824
49.64519500732422,48.92308349609375,49.372165952410015,0.031381548461980824,47.790040552391176,0.04845113866787223,1.1697480259772703,1.234931294646403,0.010389582448081747
50.16098785400391,49.04282073974609,49.359007699149,0.010389582448081747,48.6412846220464,0.049328062000917466,0.6263218439599001,1.2001958855006913,0.00018381064020989157
50.17020797729492,49.23256072998047,49.38992990766253,0.00018381064020989157,53.50231862535422,0.04980649869805541,0.7736915992628255,1.098935914041354,0.013585269079509077
50.851783752441406,49.79256591796875,49.50308908735003,0.013585269079509077,62.39192395647838,0.05341310686023461,0.7829040626125945,0.9011060937796249,0.00289801800233902
50.99915313720703,50.365465545654295,49.640590395246235,0.00289801800233902,65.16686703534499,0.05883968827107925,0.37763491796566484,0.8290724197855963,0.011378084514450437
51.57942581176758,50.75231170654297,49.78138106209891,0.011378084514450437,65.41781446488335,0.06818932135242356,1.1421138896616227,1.792283046165496,-0.11678561658226982
45.55569076538086,49.83125228881836,49.51756341116769,-0.11678561658226982,34.68300707051307,0.10185826786405845,1.2986962842080914,4.186232948399679,-0.001011040640836014
45.5096321105957,48.89913711547852,49.21887697492327,-0.001011040640836014,32.06957016720263,0.12422958898334287,0.7000049407904996,1.5568994412602077,-0.022869927830306502
44.46883010864258,47.62254638671875,48.843873160226,-0.022869927830306502,29.28779026018823,0.15221087412434345,1.3908007564695595,2.286311506408269,-0.00807781466568791
44.109619140625,46.24463958740235,48.430053438459126,-0.00807781466568791,27.455207305657353,0.17738219566315758,0.8750088195996142,1.3274404196342209,0.003967544265053524
44.28462600708008,44.78567962646484,48.0530766078404,0.003967544265053524,29.193940409272315,0.19622651554353848,0.4421089725869365,0.9946054029814152,0.01913454870031739
45.13199234008789,44.70093994140625,47.760968344552175,0.01913454870031739,34.49719369708356,0.2054970393208395,1.252643614875538,1.2972840023362828,0.011224587170014289
45.638580322265625,44.72672958374024,47.58859852382115,0.011224587170014289,40.3676611658084,0.21108719051505243,0.5526352971955504,0.8582530072035018,0.0062564151429134185
45.92411422729492,45.0177864074707,47.43070275442941,0.0062564151429134185,41.31696060656007,0.21332987504212939,0.6171128610641858,0.8217094740760819,0.010629691783959672
46.41227340698242,45.47831726074219,47.19977978297642,0.010629691783959672,36.191993128345935,0.21282670770922793,0.6815868354561303,0.7198269562684869,0.005355602205659782
46.66083908081055,45.95355987548828,46.94976915631975,0.005355602205659782,34.70143094524549,0.21015479335287077,0.5750282170794776,0.740615233726267,0.012124567492153071
47.22658157348633,46.37247772216797,46.73951012747629,0.012124567492153071,37.73078689187694,0.2071259353981523,0.9645657863280661,1.0661725046505064,0.012372532999358254
47.81089401245117,46.80694046020508,46.52230371747698,0.012372532999358254,37.22178175731499,0.20470449229863527,0.8625440675145626,0.8941664228610596,-0.006789571398332028
47.48627853393555,47.1193733215332,46.27138410295759,-0.006789571398332028,35.455103433962705,0.2044465209153041,0.9274663637956024,0.6453125931770329,-0.008593903573379746
47.07818603515625,47.25255584716797,45.94986697605678,-0.008593903573379746,31.093248629149045,0.20419929003429566,0.6306773429787143,0.7112789525971679,-0.0045310593793309595
46.864871978759766,47.29336242675781,46.04337991986956,-0.0045310593793309595,60.74267219252006,0.19965879820090598,0.6121276291746511,0.7232513648453175,-0.004353642490300458
46.66083908081055,47.180213928222656,46.12560898917062,-0.004353642490300458,59.20767754974516,0.19154375184667252,0.6677769862882812,0.6808758100344859,0.000198579790692488
46.67010498046875,46.952056121826175,46.28284290858677,0.000198579790692488,71.0857892879041,0.1815788132675209,0.4730098048984601,0.7017061320366705,0.005763228722423408
46.9390754699707,46.8426155090332,46.48494693211147,0.005763228722423408,77.57987930258759,0.1635442182787798,0.7512490640814278,0.8634062781611069,-0.007508453816832628
46.58663558959961,46.74430541992187,46.64937618800572,-0.007508453816832628,71.688429684344,0.13869353053135278,0.8903668708392303,0.6512672618917559,-0.010949602318363616
46.07653045654297,46.58663711547852,46.71684319632394,-0.010949602318363616,59.50289648269441,0.09183922514497211,1.1778827377719452,0.8571194928551709,-0.003220631780642358
45.92813491821289,46.44009628295898,46.73752566746303,-0.003220631780642358,53.139452836447354,0.09112309759702214,0.45445653854624624,0.8722598517692838,0.006260244680448945
46.21565628051758,46.34920654296875,46.75835009983608,0.006260244680448945,53.15963982437718,0.0900435093504879,1.335550454162835,1.0715120085234202,-0.014649995868811105
45.5385971069336,46.069110870361335,46.69594464983259,-0.014649995868811105,40.90381586253083,0.08397702425305209,1.678715394354633,1.4916070354221351,0.01344190281688129
46.15072250366211,45.98192825317383,46.659507751464844,0.01344190281688129,45.06274395710046,0.07161834066653865,1.066584144670756,0.8908952854661069,-0.019694605821475752
45.24180221557617,45.81498260498047,46.5177377973284,-0.019694605821475752,31.98658630822959,0.06246994596064647,0.9831154915695706,0.8736977861067219,0.025010229878631884
46.37331008911133,45.90401763916016,46.41505323137556,0.025010229878631884,38.1316293366254,0.056777526696795776,1.3077272029928295,1.1091620231216215,-0.015999855221307757
45.631343841552734,45.78715515136719,46.282557896205354,-0.015999855221307757,35.673340616577235,0.0568196489261067,1.595243209201648,1.6793042509884342,-0.012195051606409879
45.07486724853516,45.6944091796875,46.13946369716099,-0.012195051606409879,34.87399363113096,0.062182993955349826,1.6601657649251678,1.175734115603776,0.018518452694991083
45.90958404541016,45.64618148803711,46.07122884477888,0.018518452694991083,43.405898650808595,0.06302616091077293,1.354100013632717,1.220525827544782,-0.005050552051770851
45.67771530151367,45.73336410522461,46.00100571768625,-0.005050552051770851,43.239733954204766,0.064376782633952,1.205709021102379,1.0434497381086836,0.03533013939457352
47.2915153503418,45.917005157470705,46.045392172677175,0.03533013939457352,53.50055893245406,0.06472713299432518,1.8827557417562346,1.2986883363710973,0.030986303586450603
48.75690460205078,46.542117309570315,46.17523711068289,0.030986303586450603,59.02390971640186,0.07474370061456456,2.5876319054153285,2.692978334546519,-0.01559822021651891
47.99638366699219,47.12642059326172,46.27593340192522,-0.01559822021651891,56.72565769334786,0.07814631932360401,1.3911995265794843,1.0674935295954457,-0.02454108118573539
46.81850051879883,47.308203887939456,46.328931263514924,-0.02454108118573539,53.32777173446262,0.07748790569018738,1.0758608151814641,0.9022581647955855,0.002178977281291683
46.92051696777344,47.55676422119141,46.399815695626394,0.002178977281291683,54.469475782772896,0.0776153629551014,0.9460159842120248,0.6786429879512021,-0.011662422198756905
46.37331008911133,47.37312316894531,46.41107668195452,-0.011662422198756905,50.693809769072544,0.07749254764336334,0.992388552866764,1.00249663806184,-0.00599976062159413
46.0950813293457,46.8407585144043,46.45082555498396,-0.00599976062159413,52.53809694316242,0.07757423098109256,0.8810937979559981,0.9449238011800608,0.019517030964992133
46.994720458984375,46.64042587280274,46.51111112322126,0.019517030964992133,53.751054962485895,0.07773386526557254,1.3448234401315844,0.9004765657206454,0.003157868932407437
47.14312362670898,46.70535049438477,46.64691979544504,0.003157868932407437,59.062867300508515,0.07898807516715292,0.7605222426599241,0.9034878536631258,-0.00413164057445814
46.94834518432617,46.710916137695314,46.687993730817524,-0.00413164057445814,53.00974269976368,0.07925906699186,0.9367429855631073,1.3309591458131633,-0.020150193053236065
46.00232696533203,46.63671951293945,46.71449252537319,-0.020150193053236065,51.901123068351765,0.07907333088049538,1.085137408415342,0.7979875240896374,0.023588894618016276
47.08747100830078,46.83519744873047,46.858249936785015,0.023588894618016276,59.783585875818495,0.07973520825894728,0.8347212010073761,0.8476758829376856,0.003939419127072075
47.27296829223633,46.89084701538086,46.955634525844026,0.003939419127072075,57.07414088704307,0.07840372088984869,0.7512491331999556,0.6363331459107407,0.006670499684280351
47.58830261230469,46.9798828125,47.092105048043386,0.006670499684280351,59.82826550832163,0.08000806298048578,0.6306774397400332,0.6887280375383593,0.012278248283685622
48.17260360717773,47.224734497070315,47.15503992353167,0.012278248283685622,55.0693420820446,0.07938989328078483,0.7048764462310189,0.5769595320847033,-0.0034655091054838216
48.00566101074219,47.62540130615234,47.101379667009624,-0.0034655091054838216,44.91847744750858,0.08190723260797268,0.4544565708442505,0.5393959170616982,0.0013523891015507772
48.07058334350586,47.82202377319336,47.10667964390346,0.0013523891015507772,50.55403358438737,0.0805711078538382,0.4451834301516655,0.4169221913680741,-0.0017364716581431683
47.98711013793945,47.96485214233398,47.190151759556365,-0.0017364716581431683,60.430464703583155,0.07234948371718494,0.4544565267350862,0.5536282304139697,-0.004638566471426242
47.76451873779297,48.00009536743164,47.25043760027204,-0.004638566471426242,57.3744395425948,0.06857976609172772,0.6492271758813715,0.5081287680936608,0.033203894009367296
49.35048675537109,48.23567199707031,47.46309307643345,0.033203894009367296,72.01649271419461,0.07172840288637848,1.511771236747407,1.0515595771225787,-0.0013156131120399817
49.28556060791016,48.491651916503905,47.690984453473774,-0.0013156131120399817,74.36246834406954,0.0795142014496178,1.1964288864740595,1.4071064088529168,0.013737320542535958
49.96261215209961,48.87005767822266,47.90297671726772,0.013737320542535958,73.46028985262538,0.08898530698861622,2.1702679002312806,1.9170374464019366,0.0025988366087037473
50.09245681762695,49.29112701416015,48.11364337376186,0.0025988366087037473,73.38219354401677,0.10028011208402947,1.1593329562661623,1.1623144222403854,-0.010553605062416205
49.56380081176758,49.65098342895508,48.30046163286482,-0.010553605062416205,69.69270662196735,0.10420513868859137,1.1500563006409479,1.0000538815117883,0.033121362952386324
51.20542144775391,50.02197036743164,48.672111238752095,0.033121362952386324,85.46142806630776,0.11945155679947925,1.8549328852336515,1.5399098545283978,0.012678800589487116
51.85464477539063,50.535787200927736,49.01262365068708,0.012678800589487116,84.5429728573279,0.133336482361784,1.2520817264119586,1.2361514151292121,-0.003040670373175791
51.69697189331055,50.882659149169925,49.32862390790667,-0.003040670373175791,82.18614425463714,0.13894629405643577,1.3633730228408325,0.9121314915895621,-0.014352366294961505
50.95499801635742,51.05516738891602,49.56910215105329,-0.014352366294961505,73.06218717875159,0.14112175734558388,1.3355502184494412,0.9311515441636804,0.013833303375237804
51.65987396240234,51.47438201904297,49.81819289071219,0.013833303375237804,73.49994164647438,0.1458665044851717,1.1500597763974127,0.9527938618479711,-0.016876126006713843
50.78805541992188,51.390908813476564,50.01693534851074,-0.016876126006713843,67.12323107117045,0.14294389532515125,0.8996434854726729,1.1426221440351414,-0.020818198642850283
49.73073959350586,50.96612777709961,50.13551793779646,-0.020818198642850283,59.10471679560834,0.12869169282848317,1.196428779852333,0.9892148611627981,-0.02946654480476718
48.26534652709961,50.27980270385742,50.15539196559361,-0.02946654480476718,51.32506997956568,0.12286942856632938,1.994053936485919,0.9292137171068191,0.0
48.26534652709961,49.74187240600586,50.19116537911551,0.0,52.43680028924812,0.11787499325341401,1.0944105040243883,1.4530785214022657,-0.0019215218908623655
48.17260360717773,49.04441833496094,50.10703086853027,-0.0019215218908623655,43.29461645271257,0.11496791770300228,2.086799402809639,1.8958149874701815,-0.01809788742761298
47.30078125,48.346963500976564,49.96526091439383,-0.01809788742761298,39.651840678704986,0.11962452366440882,1.2706278390159795,1.2591950819447426,0.013529451234618906
47.94073486328125,47.98896255493164,49.82084110804966,0.013529451234618906,39.4174837146135,0.11991635089006687,1.8271098609251837,1.491764579280344,-0.07041979168921186
44.56475830078125,47.248844909667966,49.42600549970354,-0.07041979168921186,28.4058174894857,0.14826882160140512,2.114625726115186,2.2094543651258234,-0.00665968521493554
44.26797103881836,46.44936981201172,49.04773194449289,-0.00665968521493554,28.929914612935235,0.17376164368305502,1.762187582819685,1.448958602085018,0.022836581030098113
45.278900146484375,45.870629119873044,48.6244089944022,0.022836581030098113,25.17476394004875,0.18652513621476755,1.4468450251099583,1.1639732531664957,0.0026631075440504137
45.39948272705078,45.490369415283205,48.16332599094936,0.0026631075440504137,21.70735442725588,0.19840493279091143,0.6214008135668436,0.7933468995135254,0.011440273007718105
45.91886520385742,45.085995483398435,47.750604084559846,0.011440273007718105,25.453162364462884,0.20575728242624353,1.3819266521219262,0.8585421697182776,-0.02484366374506708
44.77807235717773,45.128658294677734,47.309395108904155,-0.02484366374506708,24.61893383609214,0.2169303586419044,1.3355502139876094,0.9717853267927854,0.0019828249449689306
44.86685943603516,45.248435974121094,46.824179785592214,0.0019828249449689306,20.598825371603624,0.22475587778493591,1.0373306206973965,0.7506746906214098,0.0035408514061632257
45.025726318359375,45.197801208496095,46.412584849766326,0.0035408514061632257,23.419354657067885,0.2310383336575375,0.6541727392095638,0.6402223709031437,0.013076003641039113
45.61448287963867,45.24080123901367,46.11856651306152,0.013076003641039113,30.154533376296072,0.22648572741560327,0.9719100310586342,0.6681287859011564,0.02253644827127399
46.64247131347656,45.3855224609375,46.00264685494559,0.02253644827127399,41.83119410224301,0.2120530280502328,1.065365437620116,0.843410470275704,-0.02103795488099991
45.66120910644531,45.56214981079101,45.81663703918457,-0.02103795488099991,38.07042836846715,0.1969285790659583,1.0934036955116397,0.781233904474127,-0.025173996049394964
44.51173400878906,45.4911247253418,45.55514635358538,-0.025173996049394964,34.70988818187122,0.18747156779303067,1.5045962064848766,0.8792677030601698,-0.0010494936617301276
44.46501922607422,45.37898330688476,45.35259192330496,-0.0010494936617301276,37.27930637484071,0.16488299325068104,0.9999486164626248,0.6738147110769827,0.01807461378190811
45.26870727539063,45.309828186035155,45.16173280988421,0.01807461378190811,38.18731225837704,0.14024064016168183,1.1868555035510653,0.8480589870946208,-0.004335244528487769
45.07245635986328,44.9958251953125,45.1979969569615,-0.004335244528487769,53.122272791254154,0.12069597909163725,0.8317360764824571,0.6191487653201126,-0.013684512360655154
44.45566177368164,44.75471572875976,45.21140343802316,-0.013684512360655154,51.1105603677882,0.11344353908407631,0.8223851274057168,0.7589735448293674,-0.05318478073861843
42.0912971496582,44.27062835693359,44.983717509678435,-0.05318478073861843,33.74286911625491,0.12152266133047776,1.588704169916248,1.7506350390563605,-0.007770812728425058
41.76421356201172,43.73046722412109,44.724055426461355,-0.007770812728425058,31.842189903190302,0.1274183017689794,1.457870497051637,1.3168897319099875,-0.000894938528007927
41.726837158203125,43.02209320068359,44.42462485177176,-0.000894938528007927,28.001998589937216,0.13517146112470896,1.0840565080037265,0.8866194814894637,0.04636063277761737
43.661319732666016,42.73986587524414,44.34485680716379,0.04636063277761737,44.59036847213162,0.11958072112757848,2.9531198649005432,1.6550288839002474,0.021189889208498736
44.58649826049805,42.76603317260742,44.32483100891113,0.021189889208498736,48.74370828528614,0.11957959937197649,1.4391794059721974,0.9477258349981041,-0.0002096152123490791
44.57715225219727,43.263204193115236,44.29279000418527,-0.0002096152123490791,47.962649880573764,0.11938664218883085,0.9064966752305779,1.037443827210341,-0.018448636885995073
43.754764556884766,43.66131439208984,44.15995298113142,-0.018448636885995073,41.728992923953726,0.11966382433115855,1.570013205629877,1.3286081760484163,0.04378473012626194
45.670555114746094,44.45005798339844,44.09053039550781,0.04378473012626194,45.99381481814597,0.12062139335363113,1.411144614146977,1.14170409488575,-0.019234794560961
44.792091369628906,44.676212310791016,44.02845055716379,-0.019234794560961,46.386925094595156,0.11723115492622777,0.8691145081991181,0.8868604044011695,0.0029208877754667295
44.92292404174805,44.74349746704102,44.05782127380371,0.0029208877754667295,51.86755924278183,0.11742118688165669,0.8410796846513904,0.9380561266115123,-0.008113006871867334
44.55846405029297,44.739759826660155,44.06449590410505,-0.008113006871867334,50.412505296085705,0.11716627537901739,0.8784619279467876,1.0580558193830758,-0.003775190839890752
44.3902473449707,44.86685638427734,44.001748766217915,-0.003775190839890752,45.89160237194962,0.11659405286171168,1.7101943983635124,1.0601219708367635,0.002736787269380425
44.51173400878906,44.635092163085936,43.961697169712615,0.002736787269380425,47.359135318488384,0.11395098552675591,1.4672140928562314,0.8454043026302053,-0.02036528481334854
43.60523986816406,44.39772186279297,43.900952747889924,-0.02036528481334854,46.10111534617986,0.10421405344686542,1.0747126564229035,0.8530592761070396,-0.017788175369604975
42.82958221435547,43.97905349731445,43.953687395368306,-0.017788175369604975,53.961922862291054,0.10320353987059795,1.41114105764278,0.6379528483869973,-0.031202265718923816
41.493202209472656,43.36600112915039,43.93432944161551,-0.031202265718923816,48.68779377062212,0.11539475637477334,1.5700132878149589,0.8490958722111173,0.009234183007124752
41.87635803222656,42.863223266601565,43.94500950404576,0.009234183007124752,50.7005069900575,0.1221843845518247,0.7756628605096836,0.8069461897278911,0.04061593953379372
43.57720565795898,42.676317596435545,43.9390013558524,0.04061593953379372,49.597104561324485,0.11817418141803022,1.270963434156208,0.9076313460582148,0.010937100467343752
44.05381393432617,42.76603240966797,43.90095247541155,0.010937100467343752,47.33394632457275,0.11486401058825818,1.4578704099717612,0.6645420559355673,0.00657621118275431
44.34352111816406,43.06882019042969,43.884264537266326,0.00657621118275431,48.86260946304466,0.11455135373097311,1.1681643942353332,1.0585473616902472,-0.0012644966771584443
44.28744888305664,43.62766952514649,43.92231341770717,-0.0012644966771584443,52.80237065626527,0.10991151317351647,0.766315573673161,0.7930470160885826,0.02110151271063332
45.221981048583984,44.29679412841797,43.890272412981304,0.02110151271063332,47.36842340832259,0.10465030056479377,0.9999484714125089,0.6973710943124145,-0.0024798663750348338
45.10983657836914,44.6033203125,43.912968499319895,-0.0024798663750348338,52.04822595280191,0.09562237181269553,1.4204883281234117,0.9284317984089843,0.0694011884545922
48.24051284790039,45.440660095214845,44.14993912833078,0.0694011884545922,65.42140824531091,0.12610206803893728,2.859667543922747,1.3272803670099895,0.004068334545709984
48.436771392822266,46.25931015014648,44.42696108136858,0.004068334545709984,68.31422484808024,0.15040525320974407,1.4298321143352979,0.8603800992678572,-0.006174173014352746
48.13771438598633,47.02936325073242,44.694637298583984,-0.006174173014352746,67.48036080460024,0.1664736515050279,0.9438752148428335,0.6085581441264097,0.014366179034762894
48.82926940917969,47.75082092285156,45.00303268432617,0.014366179034762894,69.122505982668,0.18341159813690824,0.9438787830400841,0.751015555880432,-0.015693772802199968
48.06295394897461,48.341444396972655,45.321440832955496,-0.015693772802199968,69.99160004584904,0.19276135732804203,1.2055428909897756,0.698730662801367,-0.03636010084595198
46.31538009643555,47.956417846679685,45.57042639596121,-0.03636010084595198,64.37930558060211,0.1939078866060987,1.6354300428337538,1.2272919339769892,-0.0292573307024232
44.9603157043457,47.26112670898438,45.81807735988072,-0.0292573307024232,64.28021738891343,0.1938839552890324,2.4017459192155357,1.2936918688745598,0.022656393641412587
45.97895431518555,46.82937469482422,46.11111995152065,0.022656393641412587,66.05706405948456,0.1938546306653708,1.2242376496211165,0.6792111123231717,-0.021748085369191483
44.979000091552734,46.05932083129883,46.211248125348774,-0.021748085369191483,55.804936736375474,0.19304814619386473,0.897149344486337,0.7567275771035544,-0.012258358617501908
44.42763137817383,45.33225631713867,46.23794937133789,-0.012258358617501908,51.53848037815023,0.19320419857459692,0.8691110741750094,0.9314368316011252,0.00042064366981930945
44.446319580078125,44.95844421386719,46.24529211861746,0.00042064366981930945,50.43272998214354,0.19080429870361318,1.0653653433631618,0.7259380085603313,-0.011354148571459999
43.94166946411133,44.75471496582031,46.2205935886928,-0.011354148571459999,48.59741182528954,0.18591677567678486,0.6822110996549569,0.6722231142822962,-0.009570237810512916
43.52113723754883,44.26315155029297,46.099104745047434,-0.009570237810512916,42.80064716767262,0.1721837831433797,0.7195897748531124,0.928380360515305,-0.0015031372698541823
43.45571899414063,43.95849533081055,45.98095348903111,-0.0015031372698541823,42.97062465288149,0.16104516314194212,1.4017973869077665,0.9198124976512922,0.010967588908934678
43.93232345581055,43.85943374633789,45.673225675310405,0.010967588908934678,26.35897096675332,0.15938820633164336,0.6728638086766168,0.7009812213178117,-0.0285046057450139
42.68004989624024,43.50617980957032,45.26203128269741,-0.0285046057450139,21.69111577999547,0.16693921712851537,1.0560215437616804,1.1303177821881651,0.021239383682213342
43.5865478515625,43.435155487060555,44.93694795880999,0.021239383682213342,28.881162429012946,0.1697951376797658,1.2803071351334125,0.8261677850377477,0.02765861435440997
44.792091369628906,43.68934631347657,44.64857809884207,0.02765861435440997,32.11916971685919,0.16860592921706993,1.5513220188906232,1.0186496779015553,0.003755670467105343
44.9603157043457,43.990265655517575,44.42696108136858,0.003755670467105343,35.4895293282285,0.16887903299730206,0.7195897575211561,0.7434643321721546,-0.012679367358621518
44.3902473449707,44.08185043334961,44.289451599121094,-0.012679367358621518,39.882129054971394,0.17017705469119238,1.4017972845780236,0.9057503270537575,-0.02021047833665357
43.49309921264648,44.24446029663086,44.18465042114258,-0.02021047833665357,41.89885394085779,0.1642720900886389,1.0747127089776,0.973552702006433,0.011173223066705207
43.97905731201172,44.3229621887207,44.04180063520159,0.011173223066705207,38.26755019055737,0.15155255597395584,0.8971494586369388,1.236049111932947,-0.03272435072859847
42.53987121582031,43.872518157958986,43.86757714407785,-0.03272435072859847,36.39207330283728,0.1439696747810428,1.242928515837086,1.1886289446878036,-0.00659046096819349
42.25951385498047,43.332357788085936,43.71271160670689,-0.00659046096819349,37.526867231436306,0.12309662054126776,0.9812608871230211,0.9504754911305198,0.035824896701395215
43.77345657348633,43.20899963378906,43.664649963378906,0.035824896701395215,46.69724993961364,0.09501168541376154,1.6167391030644396,1.3421512466670336,-0.06938523212608616
40.73622512817383,42.65762481689453,43.43568965366909,-0.06938523212608616,37.39897894731158,0.10662333425537736,1.7382290281392372,2.213258584223716,0.031429406999335274
42.01654052734375,42.26512145996094,43.32821846008301,0.031429406999335274,44.45974581925517,0.11032442693950911,1.3831099264563989,1.423940077741523,0.002224182487191362
42.10999298095703,42.17914581298828,43.232095173427034,0.002224182487191362,45.05495183269027,0.10364246203020515,1.1775117509007913,1.2267839978347133,0.03284508340609116
43.49309921264648,42.42586288452148,43.20072201320103,0.03284508340609116,48.486822184653406,0.09876179413990428,2.08400492966647,1.3251055653240051,-0.034109418490885446
42.00957489013672,42.07308654785156,43.1528309413365,-0.034109418490885446,47.72636427069562,0.10064367169465792,1.6766142282855228,1.525044736232125,-0.00672659340363968
41.726993560791016,42.271240234375,43.020005634852815,-0.00672659340363968,43.415474380146534,0.10278442075090141,1.2339146683824822,1.1496367259098148,-0.02776518970047126
40.56843566894531,41.98161926269531,42.71831594194685,-0.02776518970047126,34.9944596896342,0.11488821364808569,1.2527535199682305,1.2231756969050462,0.021824915475385787
41.45383834838867,41.85038833618164,42.467853273664204,0.021824915475385787,38.14645033899634,0.11889991677382977,1.167980711004546,1.145123139559774,-0.026812031977914486
40.342376708984375,41.22024383544922,42.178719656808035,-0.026812031977914486,36.79946835865688,0.1299373007528581,1.4222991456192702,1.0654136416310729,0.00023355843196992687
40.35179901123047,40.88868865966797,41.954341070992605,0.00023355843196992687,39.12631033246985,0.13684186220052774,0.8477283042183288,1.0886647784811143,0.017740340265279375
41.06765365600586,40.75682067871094,41.74638366699219,0.017740340265279375,40.07998845795406,0.1406178192556386,0.8194682583978832,0.8282951611310121,-0.011926556333534899
40.577857971191406,40.758705139160156,41.60623986380441,-0.011926556333534899,42.85241394491495,0.1443381108110746,0.7723730208621262,0.6487129702747934,0.03064074315503973
41.82119369506836,40.832176208496094,41.57493128095354,0.03064074315503973,48.50789548113205,0.13428079589841266,0.7252742713412559,0.742684820976744,-0.04617120496571481
39.8902587890625,40.74175262451172,41.297560010637554,-0.04617120496571481,37.14596561994039,0.1282978800057726,1.6577754673870047,0.9001296327345146,-0.008028408169385437
39.57000350952149,40.58539352416992,41.2142584664481,-0.008028408169385437,45.29293843766168,0.125914372247186,0.9230799065693844,0.7440502560931689,-0.00856923414632893
39.230918884277344,40.21804656982422,41.01528549194336,-0.00856923414632893,37.83228057967768,0.130145313249807,1.8649987655850495,1.1187081980745972,0.00840312519751274
39.56058120727539,40.014591217041016,40.833184650966096,0.00840312519751274,39.089205560070546,0.1239021429920082,0.866563387454903,0.6867129087105706,-0.007857138793445184
39.24974822998047,39.500302124023435,40.53008815220424,-0.007857138793445184,30.004389665698753,0.12801211573303836,0.744116592234711,0.7586004378081119,0.012719205573750614
39.74897384643555,39.47204513549805,40.36861664908273,0.012719205573750614,38.258335133078795,0.1286346954872344,1.0643692438603622,0.669967507349528,0.030331704887401223
40.954627990722656,39.74897003173828,40.313447679792134,0.030331704887401223,46.33931938833108,0.1116924173498973,1.5070686058701597,0.7464789698912873,0.024608863069240705
41.96247482299805,40.29528121948242,40.413021905081614,0.024608863069240705,56.70290446537477,0.11423202393194956,0.9419186429096484,0.8346467469434535,-0.00291803493587528
41.84002685546875,40.7511703491211,40.44060679844448,-0.00291803493587528,52.00392245199965,0.11343828906044959,1.0361091309179074,1.1297622405794636,-0.006978776292583477
41.54803466796875,41.21082763671875,40.52672522408621,-0.006978776292583477,56.83762902656338,0.1110752677683693,1.3186876247463815,0.8330250945830722,0.0165494995761859
42.235633850097656,41.708159637451175,40.66128485543387,0.0165494995761859,59.92064066033142,0.09883906419777724,0.885405860801292,0.8188941183781406,-0.03233723675732392
40.869850158691406,41.69120407104492,40.647156034197124,-0.03233723675732392,49.02506555279251,0.0949029352916305,0.8571458384725759,0.9731541950731991,-0.001152253741114273
40.82275772094727,41.46326065063477,40.6646488734654,-0.001152253741114273,51.26214241198782,0.09221238465649993,0.9042411144389035,0.7635124315285542,0.004383802144028781
41.00171661376953,41.29559860229492,40.60611479622977,0.004383802144028781,45.25621236311601,0.09238022560995728,0.8759846090708407,0.7785408580291289,-0.052836927403023703
38.83531188964844,40.75305404663086,40.530761446271626,-0.052836927403023703,44.0551909274528,0.0995754280703836,1.1585596986955906,1.7981983921094982,-0.02959026148564836
37.68616485595703,39.843160247802736,40.39620154244559,-0.02959026148564836,40.29122567925852,0.1185979468413159,1.2621711766045323,1.1794310596520776,-0.020744792949875857
36.90437316894531,39.05006484985351,40.23001970563616,-0.020744792949875857,38.53290184198571,0.1427228404836652,0.8477282262620989,1.2993805146326716,-0.035987662105422036
35.576271057128906,38.00076751708984,39.94542612348284,-0.035987662105422036,32.12172107253615,0.17639157265278468,1.0737903762842436,1.47791476663986,0.004236173168093993
35.72697830200195,36.94581985473633,39.693799700055806,0.004236173168093993,33.96226480629285,0.2009747359044141,0.6216662282652123,0.9121099523110188,0.01898220650372795
36.405155181884766,36.4597885131836,39.454955509730745,0.01898220650372795,35.021022059662855,0.2095033539245997,1.1773982452985479,1.0811702515153765,-0.0338939201183478
35.171241760253906,35.95680389404297,39.041856493268696,-0.0338939201183478,24.15815601241158,0.23211234230976469,0.8100505960641939,1.2895331831308863,-0.009908968940111285
34.822731018066406,35.54047546386719,38.53187479291643,-0.009908968940111285,16.100105015647244,0.25431313334143923,1.4317166713643843,1.906155867914846,0.02055743670695409
35.538597106933594,35.53294067382812,38.08177266802107,0.02055743670695409,21.676539435177475,0.2675945713330387,0.6593403080170788,0.9211887582404037,-0.009276499184756037
35.20892333984375,35.42932968139648,37.62897900172642,-0.009276499184756037,21.60336024169675,0.28098813584156856,0.5180545859094607,0.8759713011889257,0.0008025085678922128
35.237178802490234,35.19573440551758,37.12908935546875,0.0008025085678922128,16.681589038249783,0.2925105392346431,0.6687614218447564,0.8108551305142612,0.032076984242545015
36.36748123168945,35.43498229980469,36.80749157496861,0.032076984242545015,28.073383178389562,0.29553637028064184,0.8477246659557593,1.0097124217179763,0.0005181718352209597
36.38632583618164,35.747701263427736,36.490603583199636,0.0005181718352209597,28.33488946729544,0.29235445015796163,0.5557322599501404,0.7820432943870823,-0.022003873372810734
35.58568572998047,35.75711898803711,36.10374423435756,-0.022003873372810734,25.065086695619073,0.28270273904832627,1.2056547317777557,0.9903096835222729,-0.012969827971563541
35.1241455078125,35.74016342163086,35.83866092136928,-0.012969827971563541,29.73252246201332,0.27123748918726553,0.5463109203705585,0.6799463253730226,0.0032181080292073005
35.237178802490234,35.74016342163086,35.66373334612165,0.0032181080292073005,34.91884435603336,0.2560251686294667,1.1962371930498321,0.932780776874915,-0.028601802599593107
34.229331970214844,35.31253356933594,35.47265897478376,-0.028601802599593107,33.97298532705581,0.2301531379193007,1.2433326242433367,1.0608749462001144,0.009631211987410238
34.55900192260742,34.947068786621095,35.39999689374651,0.009631211987410238,43.07695822410249,0.20962368213351254,1.1303033585661098,0.8679388510099278,0.008176558471913564
34.841575622558594,34.79824676513672,35.336753845214844,0.008176558471913564,44.0806208509412,0.17828333562783466,0.9042411241282053,0.6854183978886911,0.031089252653142108
35.924774169921875,34.95837249755859,35.30244091578892,0.031089252653142108,46.953393051464914,0.12278164324084202,0.5651533055106981,0.8567718908842533,-0.003932799743115556
35.78348922729492,35.06763458251953,35.34617287772043,-0.003932799743115556,54.50762603473717,0.09301390398149637,0.706438950637974,0.612290581008988,-0.020794895584177575
35.03937530517578,35.22964324951172,35.36164746965681,-0.020794895584177575,51.50722828383196,0.07640311551443918,0.6028273749745736,0.715620126251454,0.00026879724500794566
35.04879379272461,35.32760162353516,35.32666151864188,0.00026879724500794566,46.22088454359173,0.06724575450319226,0.6687614113672353,0.8587078746443872,0.0
35.04879379272461,35.36904525756836,35.315223693847656,0.0,48.69828668889061,0.06763805004504292,0.762955436786001,0.7864088490758042,0.013437230179788928
35.519752502441406,35.28804092407226,35.33540752955845,0.013437230179788928,52.142844331869384,0.06711045122711877,1.7613869226458334,1.0581155031150944,0.024131565014084977
36.37689971923828,35.40672302246094,35.33608027866909,0.024131565014084977,50.07451016132703,0.06681809994194045,0.8854022974035658,0.9551298925024062,0.0023304354683406636
36.461673736572266,35.691182708740236,35.34146227155413,0.0023304354683406636,50.58992750749058,0.07208513485846767,0.7629554765595259,0.9143898958468413,0.039008040104584474
37.88397216796875,36.258218383789064,35.50562558855329,0.039008040104584474,66.39792321242327,0.09303237474633323,1.4034568843404713,1.619523729419209,0.008453481684123076
38.2042236328125,36.88930435180664,35.72563116891043,0.008453481684123076,72.42807064326706,0.1137485327207626,1.0455267351348496,1.105892003216055,0.001232749888966822
38.25131988525391,37.43561782836914,35.94092696053641,0.001232749888966822,72.16074087993519,0.12891108160448536,0.7817942641677007,0.905459476909199,-0.03472062520182306
36.92321014404297,37.54487991333008,36.13334683009556,-0.03472062520182306,68.91530508383775,0.1301591270922841,1.478811926781475,1.2410885862620347,-0.0010203324696942406
36.885536193847656,37.629652404785155,36.29952784946987,-0.0010203324696942406,67.03447466839461,0.1318007302872874,0.8100506579023943,0.9770067256765801,-0.005107183316472419
36.6971549987793,37.39228897094726,36.43206923348563,-0.005107183316472419,63.776244531887635,0.13261293826934317,0.6499226680776786,1.07755886298951,0.031314023924683854
37.846290588378906,37.320702362060544,36.56932040623256,0.031314023924683854,64.1274594053674,0.13949245839807453,1.1208818686942266,1.2678767778496522,-0.011697401256181461
37.403587341308594,37.15115585327148,36.68504170009068,-0.011697401256181461,61.40582877627279,0.1402334994792396,1.0172702358248173,1.6125493709363292,-0.08562062333518206
34.20106887817383,36.606727600097656,36.625162669590544,-0.08562062333518206,45.615766219951254,0.14722452952940676,1.2998452032710759,3.1602860371077415,0.017901413234243435
34.813316345214844,36.192283630371094,36.608342851911274,0.017901413234243435,48.84153008335939,0.14283165443786894,1.544746184308643,1.3049478949230848,-0.02570352599609338
33.91849136352539,35.63655090332031,36.52760696411133,-0.02570352599609338,44.88926528725482,0.14842729018055484,0.6216662084926909,1.3065090213840573,0.014162918436187999
34.39887619018555,34.94706802368164,36.447544370378765,0.014162918436187999,44.936202538800835,0.1514170699731922,1.2527537717881998,1.3859697169975216,-0.013691329231438676
33.92790985107422,34.251932525634764,36.27261652265276,-0.013691329231438676,38.53615784827162,0.16139092288465348,0.7040544284742083,1.228763305456344,-0.007571510585003494
33.671024322509766,34.14592361450195,36.073284421648296,-0.007571510585003494,37.143984867006395,0.17219340025254895,0.4852265098881716,0.8961102048990283,-0.0002824398863578992
33.66151428222656,33.9155632019043,35.771680286952424,-0.0002824398863578992,27.636919048658115,0.18040580084332547,0.7230834816964844,0.9098934975122547,-0.02430734514907018
32.843292236328125,33.700523376464844,35.38875661577497,-0.02430734514907018,23.02990757515279,0.1953010635746757,0.8562829504168548,1.0359277859540053,0.024623353828113315
33.65200424194336,33.55114898681641,35.06023406982422,0.024623353828113315,28.508424025129273,0.2020110173418204,0.7706579155533149,0.8932863168171802,0.006219683323034797
33.86130905151367,33.537828826904295,34.84152684892927,0.006219683323034797,34.021757955190154,0.20756288246712248,0.7611413681073742,0.7530574294230297,0.014610987458062219
34.356056213378906,33.674835205078125,34.660849707467214,0.014610987458062219,37.40116068741393,0.20930017587259792,0.4471721984464381,0.7936155521281001,0.006369476964511511
34.574886322021484,33.85750961303711,34.5092590876988,0.006369476964511511,39.46136541182015,0.2094203193829291,0.685029175921855,0.5381235650818595,-0.004127720125305601
34.43217086791992,34.17528533935547,34.2653933933803,-0.004127720125305601,31.163628052206946,0.20081323297299095,0.8372574824839418,0.5458867056142798,-0.01132914706952115
34.042083740234375,34.25330123901367,34.02528599330357,-0.01132914706952115,31.345616633346125,0.1873078287459961,0.7706577842376205,0.6421245322488972,0.011738440740445277
34.44168472290039,34.36937637329102,34.04247283935547,0.011738440740445277,51.93824985956938,0.16714700356262185,0.7230871108593604,0.5444045886041806,-0.022651924461612905
33.66151428222656,34.23046798706055,33.960201263427734,-0.022651924461612905,40.96620427272586,0.16032466669671794,0.7991994426165263,0.7032287588573526,-0.04352729618352513
32.196319580078125,33.754754638671876,33.8371889931815,-0.04352729618352513,37.60194696807836,0.16154702685922026,1.2654008215614923,1.1179520865778834,0.0032504462047242555
32.30097198486328,33.328514862060544,33.68733869280134,0.0032504462047242555,34.033240408528485,0.159065478967449,0.4566848724035282,0.6764836237024434,-0.0026508395742500523
32.21534729003906,32.96316757202148,33.56501279558454,-0.0026508395742500523,36.1538546947074,0.13342896414142028,0.3710599068443017,0.5643078335341678,0.030419203652786386
33.1953125,32.71389312744141,33.53103337969099,0.030419203652786386,46.55647458990002,0.09394048199779924,1.0560853476753849,0.6906539415628858,-0.043852115019710425
31.73962783813477,32.329515838623045,33.393755776541575,-0.043852115019710425,38.49653602140448,0.10682088678823266,1.5983987853311383,1.1463886833111965,-0.012589790361058117
31.34003257751465,32.15825843811035,33.28638008662632,-0.012589790361058117,40.527527153370116,0.11743213371212863,0.5708552674366949,0.8644588147507551,-0.02064364976806632
30.69305992126465,31.836676025390624,33.07502692086356,-0.02064364976806632,30.966879792666518,0.1378671741767316,0.8753118535670907,1.072677809043729,-0.01053939649402258
30.36957359313965,31.467521286010744,32.82561724526541,-0.01053939649402258,27.864900413060354,0.15509308000279878,0.5898841837261202,1.2013322059898572,-0.005012559976028785
30.217344284057617,30.871927642822264,32.52999496459961,-0.005012559976028785,22.572455167326353,0.17173411611886547,0.6660001228088603,1.017676625221251,-0.01700252187284268
29.70357322692871,30.464716720581055,32.18204402923584,-0.01700252187284268,18.931962658568622,0.19145105974404894,1.2558861342778087,0.9817442107469582,-0.027546442365477763
28.88534545898437,29.973779296875,31.785842214311874,-0.027546442365477763,17.430097772401965,0.21678890888723343,1.008512850610579,1.3120125981086084,0.009552146558691854
29.16126251220703,29.667419815063475,31.437212126595632,0.009552146558691854,20.951270855507175,0.23565784281253943,0.7040581883791504,1.0583545923791777,0.003262628442857185
29.256404876708984,29.444786071777344,31.066834994724818,0.003262628442857185,17.9787927729962,0.24751244155859808,0.8943426409337327,1.0665893550331216,0.023089382194753316
29.93191719055176,29.387700653076173,30.80043520246233,0.023089382194753316,26.666614161915632,0.24952904573266743,0.39959974156072064,0.9747494139115119,0.003178625809240998
30.02705955505371,29.452397918701173,30.645488057817733,0.003178625809240998,33.62061988107018,0.244409405522316,0.7230853143427858,1.0949567046821258,-0.07192640813495565
27.867321014404297,29.248793029785155,30.328798702784947,-0.07192640813495565,24.45173404331088,0.2523570405108911,1.5983989875470357,1.915488069553948,-0.003755586221472873
27.76266288757324,28.9690731048584,30.01074981689453,-0.003755586221472873,24.39821540079896,0.25552943733654504,0.7230853299608206,1.070769964586257,-0.011651848003016885
27.43917655944824,28.60562744140625,29.599597249712264,-0.011651848003016885,14.201193960589322,0.25930926155242007,0.6660001534126359,1.0339073305993223,0.013869635064737595
27.819747924804688,28.183193588256835,29.319605827331543,0.013869635064737595,21.857939660040728,0.24597105783897064,0.8562846346074053,1.7735874724476888,0.006840121325475179
28.01003837585449,27.77978935241699,29.08174909864153,0.006840121325475179,25.352167158623047,0.23318416492540758,0.5708571129627664,0.8065419821792416,-0.016304505851316486
27.55334854125977,27.716994857788087,28.857484000069753,-0.016304505851316486,26.08700073419203,0.2352966786019723,0.43765773679781717,0.7760927820927978,-0.01691989901626001
27.08714866638184,27.581892013549805,28.62302507672991,-0.01691989901626001,25.53196147981835,0.2363119987315576,1.0751144244267685,0.985283702866376,-0.014049956951630471
26.70657539367676,27.435371780395506,28.372255870274135,-0.014049956951630471,24.69139978330341,0.23659855920687742,0.43765587331860445,0.8776606124610946,-0.019593717640637998
26.18329429626465,27.1080810546875,28.1208073752267,-0.019593717640637998,24.65759105136864,0.22018843727346324,0.675512887703519,1.0402490124282575,-0.01998566827513104
25.66000366210937,26.638074111938476,27.890425818307058,-0.01998566827513104,25.751109765072258,0.22353925106407685,0.79919938970502,1.0713142654843548,-0.0029661273960039924
25.583892822265625,26.244182968139647,27.634899411882675,-0.0029661273960039924,22.271407189435422,0.22521907179624706,0.9323988034040411,1.0415243920719186,0.008925301759563409
25.812236785888672,25.989200592041016,27.388887405395508,0.008925301759563409,23.84396906705787,0.22536096937298003,0.6469712287000995,0.9541833456735861,-0.027644774132889238
25.098663330078125,25.667618179321288,27.043654986790248,-0.027644774132889238,13.50581209968631,0.2321504668512736,0.5613425195449402,0.9897920661273182,-0.02312354015463869
24.518293380737305,25.33461799621582,26.65017168862479,-0.02312354015463869,11.245051269279642,0.2419599398434,0.7896849543626523,1.0278963579474725,0.046565650538672676
25.66000366210937,25.33461799621582,26.492506163460867,0.046565650538672676,31.87499451834752,0.23845619990694075,1.12268494338106,1.023306597821515,0.027067250456990655
26.354549407958984,25.488749313354493,26.391926629202707,0.027067250456990655,39.45870894432739,0.23491969870001525,0.6755128316232799,0.9898219405339288,-0.0021661134742391175
26.297462463378903,25.58579444885254,26.31037562234061,-0.0021661134742391175,41.09793701438013,0.22724332381792006,0.9038570895532629,0.7086509410623341,-0.01664253359796042
25.859806060791016,25.738022994995116,26.170379774911062,-0.01664253359796042,34.85296866330698,0.2178215416296202,0.7230852944949575,0.8027740918622662,-0.05371601652339819
24.47072029113769,25.728508377075194,25.917571340288436,-0.05371601652339819,26.92306353021705,0.2055001567583369,0.5994004794922816,1.3155445701064854,-0.020217690118361942
23.97597885131836,25.39170341491699,25.66204493386405,-0.020217690118361942,26.790129445593095,0.18677906553434387,0.8562845701104465,0.9922791391833944,-0.006349083611090545
23.8237533569336,24.885544204711913,25.42894526890346,-0.006349083611090545,27.927945593339686,0.19704514872831774,0.7516270301492263,1.130380576341474,0.011581354417290024
24.09966468811035,24.445984649658204,25.242737361363,0.011581354417290024,32.11488373651126,0.19984993139907026,0.8182284407212315,0.9319911979092448,0.04303196673727672
25.13672065734864,24.301367568969727,25.16798210144043,0.04303196673727672,43.29266354744913,0.19417338271168738,2.14071238893683,1.4305429990455334,-0.0193035357098984
24.65149307250977,24.337522125244146,25.095945630754745,-0.0193035357098984,43.504915750005075,0.18404059734926764,0.8277411334909885,1.1357911491053818,0.01968349679314052
25.13672065734864,24.5696704864502,25.064004761832102,0.01968349679314052,47.26425307960716,0.16330266681001776,0.5518280098933133,0.922287565175101,-0.020817473046459978
24.61343765258789,24.727607345581056,24.978376252310618,-0.020817473046459978,42.92134229107061,0.14759472116048197,1.35102571566674,1.168944833570162,0.005025057092354457
24.73712158203125,24.855098724365238,24.95255184173584,0.005025057092354457,47.705316056540994,0.1343126913961673,0.5327990336495887,0.7801067854092174,0.0030769406330728444
24.813236236572266,24.790401840209963,24.973619188581193,0.0030769406330728444,52.00000413878697,0.12330697218203907,0.9514277725905096,0.7680111063243449,0.034125634297111684
25.66000366210937,24.99210395812988,24.973619188581193,0.034125634297111684,50.0,0.11875399434668295,1.1987972698532587,1.2122429946471283,0.00778653040399524
25.859806060791016,25.136721038818358,24.938280378069198,0.00778653040399524,46.24276183975869,0.12017420494910017,0.9133697521803406,1.0025230271110481,0.008462171298893706
26.0786361694336,25.4297607421875,24.922649928501674,0.008462171298893706,48.3780103397459,0.12389899172760206,0.5327990663512345,0.7467811666349955,-0.007296648303088071
25.88834953308105,25.66000633239746,24.924688747950963,-0.007296648303088071,50.21962452644606,0.12446472173831556,0.7706560088747558,0.8638650892692328,-0.03454606150129014
24.994009017944336,25.696160888671876,24.962066514151438,-0.03454606150129014,54.35819850411209,0.12458897412628303,1.3890855470086052,1.2889458751287113,0.1065852954416644
27.658002853393555,26.09576072692871,25.22506822858538,0.1065852954416644,72.5262230520143,0.15030518020617745,1.2939404335447477,1.99006245985642,-0.022015744141392846
27.049091339111328,26.333617782592775,25.455449513026647,-0.022015744141392846,68.68799883297112,0.16192717298075948,1.07511437835538,1.2702463339991124,-0.004572713463456668
26.925403594970703,26.502971267700197,25.657288006373815,-0.004572713463456668,66.66667416657117,0.16748963836755593,0.9133715495833066,0.9461470643554328,-0.031095302531065072
26.088150024414062,26.542931365966798,25.72524724687849,-0.031095302531065072,55.74714378510999,0.16622764346072502,1.3700565230927957,1.0815459649385022,-0.0010941894926224105
26.05960464477539,26.756050491333006,25.82582664489746,-0.0010941894926224105,59.00243249663313,0.16706903033772588,0.6755128094855927,0.821097195374745,0.04347840088860666
27.19263458251953,26.662976837158205,25.972677639552526,0.04347840088860666,62.13855159147091,0.17399108626996532,0.8003504971006663,0.9041627664773504,0.0074467768720718475
27.395132064819336,26.732184982299806,26.171370097569056,0.0074467768720718475,67.07033275472781,0.17479036898088546,0.559281048674837,0.7291499586498117,0.002463910763667476
27.462631225585938,26.83963050842285,26.366049357822963,0.002463910763667476,66.84168146207203,0.16980696995816455,0.9835637946535236,0.7785633747108409,-0.03370780273931806
26.53692626953125,26.92938575744629,26.48917007446289,-0.03370780273931806,59.639083924912164,0.15752266774709586,0.7521355287872531,0.6623482018413379,0.08139536053783392
28.696908950805664,27.456846618652342,26.70609188079834,0.08139536053783392,64.80786482600016,0.17818371734848443,1.1378481538682657,1.364170992378324,0.022513391926925364
29.342973709106445,27.886914443969726,26.95488956996373,0.022513391926925364,66.2755286744117,0.1979286050673535,1.69712730722636,1.077963105889785,-0.002629131284244135
29.26582717895508,28.261053466796874,27.182546070643834,-0.002629131284244135,65.09237475631906,0.21290903156539093,0.7810643850861005,0.8523105943704227,0.011861659120257606
29.61296844482422,28.691120910644532,27.44859027862549,0.011861659120257606,67.37909975944106,0.22098445149140641,1.1282050267872705,0.8954569557981172,-0.038423908604841905
28.475122451782227,29.078760147094727,27.697241238185338,-0.038423908604841905,65.8819993344741,0.21242266734723128,0.7617784616188068,0.776966142292182,0.012190902840178985
28.8222599029541,29.103830337524414,27.780402456011092,0.012190902840178985,56.735689889413955,0.20350527429244591,0.9160645519092334,0.6993348586064796,-0.000668909379256788
28.80298042297364,28.99583168029785,27.90568024771554,-0.000668909379256788,60.88991104916047,0.200584636485371,0.6267802397540301,0.6103509098036639,-0.031135039090310013
27.90619850158692,28.723905944824224,27.97573702675956,-0.031135039090310013,55.5563383462433,0.19313549790049003,0.7810644597662098,0.8192269571135592,0.030407729949349926
28.754762649536133,28.552264785766607,28.16620935712542,0.030407729949349926,65.08739331730285,0.1896854123078033,0.771423315300563,0.5851972928783891,-0.00503018849376724
28.61012077331543,28.579264450073246,28.34838908059257,-0.00503018849376724,64.24341361751318,0.18128856650806754,0.5689240167984124,0.5379750072058838,-0.011122242264520521
28.291912078857425,28.47319488525391,28.42690890175956,-0.011122242264520521,56.75356627597079,0.15423469336444842,0.32785461396687055,0.27752398831617364,-0.020790784939908158
27.70370101928711,28.2533390045166,28.448949541364403,-0.020790784939908158,51.80995632046516,0.15413652939192624,0.6267802081911107,0.7518158486150082,0.005917154467301788
27.86762809753418,28.245624923706053,28.477877889360705,0.005917154467301788,52.34899596145494,0.15095685855497767,0.4242827476707589,0.6796878204149914,0.04048433667931417
28.995830535888672,28.293838500976562,28.653513908386234,0.04048433667931417,63.934413117203654,0.14919382068304796,1.7935571347440487,1.9361378733793098,-0.0079813626558215
28.764404296875,28.324695205688478,28.658335004534045,-0.0079813626558215,50.489481277379184,0.13375904683132575,0.925705727825239,1.0635572840233305,-0.014079727166246503
28.35940933227539,28.33819465637207,28.58808040618897,-0.014079727166246503,42.60867944919595,0.11206445821324426,0.6942811779529698,0.8722730751704397,-0.008160407325608854
28.12798500061035,28.42305145263672,28.50680596487863,-0.008160407325608854,41.64308322133468,0.10553204405917854,0.8292795408027267,0.9531200103710783,-0.019540704942272002
27.578344345092773,28.365194702148436,28.361475672040672,-0.019540704942272002,35.48829531624912,0.103839152086751,0.935348766482047,0.782956039770748,-0.009440628480748448
27.3179874420166,28.029626083374023,28.278823171343127,-0.009440628480748448,40.56600956909226,0.10531758284958051,0.3857107160341968,0.8073301491707827,0.0038828435803739403
27.42405891418457,27.761557006835936,28.178951672145303,0.0038828435803739403,38.134209398361364,0.09169863204605136,0.5110678545072069,0.8167721270823695,-0.007032289721072393
27.231204986572266,27.535916137695313,28.066681998116632,-0.007032289721072393,37.042900130724554,0.09893501978317508,0.5689240519633927,0.7767429975882505,0.01593479691873534
27.665128707885746,27.44334487915039,28.049462727137975,0.01593479691873534,47.848531438438584,0.09591083188990558,0.8196346026606598,1.0880541580979601,0.0013942574353673631
27.70370101928711,27.468416213989258,27.9743868964059,0.0013942574353673631,39.0342060321727,0.09186759082307398,1.6585571698496118,1.761682882758185,-0.01635921606188817
27.25049018859864,27.45491676330567,27.877270426068986,-0.01635921606188817,36.672965884761005,0.08395018897744218,1.0703489206206775,1.1239944988242137,-0.0392780762792746
26.18014335632324,27.2061336517334,27.726429803030832,-0.0392780762792746,31.960447649086248,0.10272785361874756,0.8485637018790122,1.3616774827385985,-0.00847155403256672
25.958356857299805,26.951564025878906,27.60176236288888,-0.00847155403256672,34.094883911075144,0.11753454107616144,0.6653503169538055,2.252588780661291,-0.004829071714161692
25.8330020904541,26.585138702392577,27.456431933811732,-0.004829071714161692,31.32742241304463,0.12956555303480732,0.45320988538530926,1.0309482945042552,-0.013064595047834304
25.49550437927246,26.14349937438965,27.206408636910574,-0.013064595047834304,12.422379580080843,0.14774139833455852,0.43392572581155164,0.8772759904985377,0.014750444509297411
25.87157440185547,25.867716217041014,26.999777930123464,0.014750444509297411,19.879564012351025,0.15218132587028282,0.3760677694617769,0.771016418145304,-0.03205367145585758
25.042295455932617,25.64014663696289,26.76284122467041,-0.03205367145585758,18.265719218738653,0.16578071068977115,1.0607060178179637,1.2605990157257925,0.004620631218165361
25.15800666809082,25.480076599121094,26.550699915204728,0.004620631218165361,20.943389466408604,0.17577478296579055,0.4917818736641273,0.6165723360029114,-0.0057493377010729985
25.01336479187012,25.316149139404295,26.36748708997454,-0.0057493377010729985,22.74590313441125,0.18779673071474404,0.4339257135035872,0.7706539073296247,-0.015420070767527272
24.627656936645508,25.142579650878908,26.175320625305176,-0.015420070767527272,22.155713919102993,0.2009028036516448,0.5978530705450957,0.6811160333224354,0.026233224403529043
25.273719787597656,25.023008728027342,26.021724973406112,0.026233224403529043,29.982020347582946,0.1922463021296633,0.5207108851892173,0.8506932321823357,0.008393815636115631
25.4858627319336,25.111722183227542,25.897057669503347,0.008393815636115631,33.81036731522255,0.18047358869002206,0.6364232054491588,0.862362353877575,0.0113506789287654
25.775144577026367,25.23514976501465,25.762058803013392,0.0113506789287654,31.985281284542395,0.16874383789528458,0.6749933413989453,0.8703733614821145,0.03554064316989125
26.69120979309082,25.570718765258793,25.689738001142228,0.03554064316989125,41.732281011830985,0.15685587318681768,0.7328513485633543,1.0418563172559423,-0.0043352519576235204
26.575496673583984,25.960286712646486,25.641524178641184,-0.0043352519576235204,44.16666968862504,0.15015387721852505,0.3857126061834606,0.9206471853976641,0.04245280378238636
27.70370101928711,26.446282958984376,25.750349725995743,0.04245280378238636,63.03630233767356,0.15415826477549238,1.398203559145827,0.8680188678858878,0.020187930671011767
28.26298141479492,27.001706695556642,25.914965765816824,0.020187930671011767,68.64277358329286,0.16438546641765586,0.9932067824741608,1.0113515807055227,0.004435501232222583
28.388341903686523,27.524346160888673,26.097490038190568,0.004435501232222583,70.67086255343861,0.17676575994599344,0.5689241083917906,0.6228385973090392,0.013926541086951572
28.78369331359864,27.942842864990233,26.332360676356725,0.013926541086951572,76.3524292212148,0.19043062771999233,0.8485636728987771,0.8275867330125927,0.014740362515402117
29.20797538757324,28.469338607788085,26.57067503247942,0.014740362515402117,76.53376889992636,0.208676814718503,0.8774926491429476,0.8222671531470763,-0.005942576663783838
29.034404754638672,28.7354793548584,26.855825696672714,-0.005942576663783838,85.44523673963064,0.22446399995190228,0.34714059186271484,0.8977091484072925,-0.01693787900585908
28.54262351989746,28.791407775878906,27.09758404323033,-0.01693787900585908,78.1701798813322,0.23310104790517625,0.7135653580956962,1.0107533447903854,-0.026689199912727113
27.78084373474121,28.669908142089845,27.295261110578263,-0.026689199912727113,70.88794451210558,0.23403661004770054,1.1474911313342488,1.3581460462689516,-0.013537026671105568
27.404773712158203,28.394124221801757,27.493626594543457,-0.013537026671105568,70.9912267018287,0.23218102690962683,0.5014248711110625,1.1347881228508296,0.028149162645808357
28.17619514465332,28.187768173217773,27.700946262904576,0.028149162645808357,71.53074215426132,0.23052546598524767,0.9449917519711128,1.0761696459768102,0.035934345583102933
29.18868827819824,28.218624877929688,27.965433801923478,0.035934345583102933,74.55241275080782,0.23738233585690569,1.2632033524198825,1.1683799742085326,-0.011562685356517277
28.85118865966797,28.28033790588379,28.18515123639788,-0.011562685356517277,70.26680456574988,0.23103487245316764,0.44356869534854937,0.774939030892054,-0.007352807012301454
28.63905143737793,28.451979446411134,28.324282782418386,-0.007352807012301454,64.14565888410489,0.2212157577956753,0.6942793548937018,0.8749813314307514,0.01313123825724638
29.015117645263672,28.774048233032225,28.49854142325265,0.01313123825724638,67.07151311437693,0.20817215808860684,0.7521373071332285,1.6676024763650446,-0.06414088672321139
27.154062271118164,28.569621658325197,28.459281512669154,-0.06414088672321139,46.5116250917885,0.18109341298879958,1.407844682896524,3.7368228545899207,-0.007457355009279243
26.95156478881836,28.12219696044922,28.36560889652797,-0.007457355009279243,41.28205830456347,0.1622436221251294,0.8099934854065722,1.3462478812985215,0.011091207583772578
27.25049018859864,27.80205726623535,28.284333774021693,0.011091207583772578,42.60648529134737,0.14227895099898866,0.73285133095332,1.251638682261011,0.028662419713440634
28.03155517578125,27.680558013916016,28.23060962132045,0.028662419713440634,45.34605112372341,0.12113717434554841,1.6874861394082288,1.4510957525090624,0.038527733746453574
29.111547470092773,27.699843978881837,28.22372191292899,0.038527733746453574,49.44812270460484,0.1153876918034896,1.4464167086011734,1.3868625501626086,0.0043060807510530985
29.23690414428711,28.116412353515624,28.238186155046737,0.0043060807510530985,51.16537814417636,0.10565413213525536,1.5814150868881995,1.250227486833979,-0.04223013019228561
28.00222587585449,28.326544570922852,28.19958632332938,-0.04223013019228561,47.13500438864371,0.10413623845890432,1.0150675007173433,1.0384777727918542,0.01254792598794996
28.35359573364257,28.54716567993164,28.240497180393763,0.01254792598794996,53.17467919339567,0.10407885717149876,0.8198631796275784,1.0671516337008238,-0.02788290970000884
27.56301498413086,28.453457641601563,28.25180012839181,-0.02788290970000884,50.83857416919865,0.1071743992173363,0.8881866928238544,0.7559038573494659,-0.01805949474076385
27.06524085998535,28.044196319580077,28.172446250915527,-0.01805949474076385,43.93682623884611,0.11320388872939285,1.2200343178315585,0.8972306690045757,0.00252431627639238
27.13356208801269,27.623527908325194,28.02565152304513,0.00252431627639238,37.495154636160166,0.11372675877023128,0.6344174636905784,0.6367625611137621,0.02697844571282859
27.865583419799805,27.596199417114256,27.955251148768834,0.02697844571282859,44.27761603602146,0.11000364939502984,0.8101027226100861,0.6588330421650092,0.0031523127512604887
27.95342445373535,27.51616516113281,27.906277792794363,0.0031523127512604887,45.96098175292219,0.10898494525165218,0.7124995631997137,0.572822197744657,0.007332396492955473
28.158390045166016,27.635240173339845,27.84508296421596,0.007332396492955473,44.84919540609492,0.10862843801229567,0.7027390374216225,0.48956447447854334,-0.022530218234563915
27.523975372314453,27.726987075805663,27.871505328587123,-0.022530218234563915,52.60876828946444,0.10790599555390026,0.6832199729961488,0.6122811262718213,-0.020922019972987704
26.948118209838867,27.6898983001709,27.871259144374303,-0.020922019972987704,49.976909396150674,0.11371277873957583,0.6734594547479027,0.6802919983500594,-0.05613913646634572
25.435274124145508,27.20383644104004,27.741600854056223,-0.05613913646634572,39.5401700045501,0.1340168763706118,1.200513283595459,1.315219195452743,-0.022640100502354432
24.85941696166992,26.585034942626955,27.51501955304827,-0.022640100502354432,31.278415346189334,0.16055712855324128,1.5616441968623,1.72772136506865,0.005496760883919594
24.996063232421875,25.952569580078126,27.221056393214635,0.005496760883919594,22.667405095921907,0.17850075703545132,0.7417810747769771,1.0648040910143792,-0.01835234674405517
24.53732681274414,25.355239868164062,26.88537229810442,-0.01835234674405517,20.111725066862306,0.19471577559391837,0.4196920554430221,0.8408274225930211,-0.009546488176181867
24.30308151245117,24.826232528686525,26.62114770071847,-0.009546488176181867,23.044102264169922,0.21802853855817533,0.6832199141013326,0.8030621154908543,0.0012048519936016522
24.33236312866211,24.605650329589842,26.333916800362722,0.0012048519936016522,19.253748408206306,0.23716985161467105,0.38065194797497526,1.0773477702003378,0.01604494289719205
24.722774505615234,24.578321838378905,26.13104248046875,0.01604494289719205,26.868057406706697,0.24902559108073377,0.9272267948304886,1.0305139295882784,0.034346629733678524
25.571918487548828,24.693492889404297,26.024376596723283,0.034346629733678524,38.49624603687935,0.24951482198799635,1.1517107620606275,1.0581088926130948,0.007633595757456035
25.76712417602539,24.939452362060546,25.926773888724192,0.007633595757456035,39.67552885015863,0.2373227338311128,0.4587322289713782,0.827923948855363,-0.015530304320090171
25.366952896118164,25.152226638793945,25.748300279889786,-0.015530304320090171,30.124236984277886,0.2210307444500428,0.59537733303819,0.8728907237818582,-0.01769911837125182
24.9179801940918,25.269350051879883,25.53148283277239,-0.01769911837125182,27.16596270732468,0.2186481284800868,0.4782532026416533,1.0010872560051876,0.017626263778304452
25.35719108581543,25.396233367919923,25.331397192818777,0.017626263778304452,29.645403832161065,0.20659676688004255,0.546574815860577,0.8511081578324902,0.017706007256701017
25.80616569519043,25.443082809448242,25.208696501595632,0.017706007256701017,37.17202108818909,0.19962341222309635,0.9857879248198707,1.2675005268156376,0.029500668262494534
26.56746482849121,25.603150939941408,25.181506974356516,0.029500668262494534,47.23402592175575,0.19698915852788126,1.1712336101314804,1.4692791241530379,-0.009919087532682669
26.303939819335938,25.79054832458496,25.243554524012975,-0.009919087532682669,57.71231206964112,0.19284417654930538,0.6832180797703593,1.1239832181943419,0.03933204938930479
27.33852767944336,26.274657821655275,25.42063386099679,0.03933204938930479,70.3525694224789,0.18691520303630962,0.8296236617801398,1.034014986016672,0.01428062921057327
27.728939056396484,26.749007415771484,25.61583927699498,0.01428062921057327,71.53845737567705,0.18392740322927875,0.8198631877358125,1.0451807337421852,0.062302043960805964
29.45650863647461,27.47907600402832,25.96720940726144,0.062302043960805964,82.30773085200468,0.20802264491575534,1.8349326421319034,1.5213194411473048,-0.012259825919886835
29.09537696838379,27.984658432006835,26.309516225542342,-0.012259825919886835,80.95839386288843,0.22878888171420525,1.52260225914889,1.538873501882211,-0.021804786658657593
28.46095848083496,28.41606216430664,26.604415893554688,-0.021804786658657593,74.73684066172048,0.2416834431849403,1.239555229361951,0.7354579124010818,-0.02400544601403365
27.777740478515625,28.503904724121092,26.822627748761857,-0.02400544601403365,67.68362158280627,0.24653698183457087,1.1614731928217843,1.0634931645986656,-0.011595260931136497
27.455650329589844,28.449246978759767,26.95718002319336,-0.011595260931136497,61.61251042943402,0.24440589342102254,0.9955484088118958,0.7522318358996464,0.03199427732546534
28.334074020385746,28.224760055541992,27.140533583504812,0.03199427732546534,64.59488599183925,0.24758626216758056,0.9174662101693691,0.8916720895771474,0.011367590438778441
28.656164169311523,28.136917495727538,27.375477245875768,0.011367590438778441,68.86897782632997,0.24634178769303544,0.8589032661972489,1.125081482842347,-0.006130756865493803
28.4804801940918,28.140821838378905,27.629941531590053,-0.006130756865493803,71.09827190303935,0.23676091119828604,0.6344174457885465,0.7014616525706137,0.0037697627922468335
28.58784484863281,28.302842712402345,27.860702514648438,0.0037697627922468335,69.91578145837552,0.2238024645577378,0.6832199583247238,0.7648511048179839,0.07613523487443263
30.764387130737305,28.964590072631836,28.214861188616073,0.07613523487443263,75.1984245459403,0.23629721959130018,2.0789377480427333,1.6843305123744041,0.018083624814539068
31.32071876525879,29.561919021606446,28.554379326956614,0.018083624814539068,74.67072685406097,0.2573330681426195,0.7515433908254963,1.35066462955,0.01807414946047703
31.88681411743164,30.208049011230468,28.953156062534877,0.01807414946047703,78.09429052326378,0.2791053172192443,1.1419540208269794,1.1269016878447442,0.006733990219091268
32.101539611816406,30.93226089477539,29.293371200561523,0.006733990219091268,76.12418557745019,0.2903427408864559,0.9955483644452983,1.0564072341604571,0.006384974093387452
32.3065071105957,31.675993347167967,29.62034034729004,0.006384974093387452,75.62840729446673,0.2894283383317449,0.9760274501479032,1.0200274825089877,-0.008156966672519417
32.04298400878906,31.93171272277832,29.805088588169642,-0.008156966672519417,67.3202879847302,0.28241717024546054,0.6344193523536248,0.7229487319513513,-0.0006092947086361322
32.023460388183594,32.072261047363284,30.01423740386963,-0.0006092947086361322,70.54795932380526,0.27360975820777766,0.5270556904654633,0.5338732168208423,-0.008838849196129317
31.74040985107422,32.0429801940918,30.24848393031529,-0.008838849196129317,74.2074877236238,0.26547411745528826,0.5465729328156677,0.5900590060938534,-0.0052275941108757
31.57448387145996,31.937569046020506,30.519679886954172,-0.0052275941108757,80.34317615528445,0.24781831462887316,0.7710625144452798,0.5352710023213652,-0.010200842412491418
31.252397537231445,31.726747131347658,30.790876116071427,-0.010200842412491418,80.34322514321883,0.23623378206333479,0.9077057723793054,0.7411017728483124,0.0034354664073930063
31.359764099121094,31.590103149414062,31.006996835981095,0.0034354664073930063,77.58010198670662,0.2261248233216965,0.761302107600283,0.6060682681440647,-0.007469795423156067
31.125513076782227,31.41051368713379,31.18337890080043,-0.007469795423156067,72.87519453589147,0.2256066182253473,0.536816185017237,0.5297291203866844,0.007839517933162954
31.36952209472656,31.336336135864258,31.38973903656006,0.007839517933162954,76.42853204561361,0.22345545030748223,0.8491428511021546,0.67379343672188,-0.009645299496602977
31.066953659057617,31.23483009338379,31.566818237304688,-0.009645299496602977,71.8965140228513,0.21463086408453316,0.6636971022357905,0.601486427728789,-0.021363478495344257
30.403255462646484,31.065001678466796,31.541023118155344,-0.021363478495344257,45.64704703075347,0.19611431207184118,0.42945261009559843,0.6159493577311793,-0.009309813224063879
30.120206832885746,30.817090225219726,31.455272265842982,-0.009309813224063879,34.508882951388415,0.16976183216389523,0.5270557013591031,0.7300616080196236,-0.018146473870421453
29.573631286621094,30.5067138671875,31.290044920785085,-0.018146473870421453,20.000118735584707,0.15665046987085668,0.5953773461844172,0.7043270601513665,-0.021122146906501715
28.948972702026367,30.02260398864746,31.0648615700858,-0.021122146906501715,13.043612415767441,0.15308653099392555,0.7417810516729908,0.9725337828846107,-0.02629803304198486
28.18767166137696,29.44674758911133,30.770659037998744,-0.02629803304198486,7.287550931603263,0.1574215120705129,0.6832180913474097,0.957176549288284,0.005886405740030076
28.35359573364257,29.036815643310547,30.50713130405971,0.005886405740030076,10.95048713424525,0.1606182115134996,0.9467459247874004,1.0255088445870988,0.027883044240167854
29.14418029785156,28.84161033630371,30.301468440464564,0.027883044240167854,23.801140442098173,0.16873094562864857,1.405480051431372,1.5462089797793244,0.04018751639403928
30.315412521362305,28.989966583251952,30.199682916913712,0.04018751639403928,38.8379606956327,0.16875188327308915,1.7178085606456506,2.035119662725457,-0.024468782478829887
29.573631286621094,29.1148983001709,30.05676487513951,-0.024468782478829887,35.624170050417035,0.1688588743770547,0.9369854678069771,0.9641453667498663,-0.017491664033124632
29.056339263916016,29.28863182067871,29.899903569902694,-0.017491664033124632,34.65216031633928,0.16928116987938643,0.8101027544975423,0.9016702647181503,0.02955988260385256
29.91524124145508,29.60096092224121,29.79672336578369,0.02955988260385256,40.86418829751046,0.1607814282115493,0.8393842103316551,1.2444986572762513,0.02342337850532661
30.61595726013184,29.895316314697265,29.760326521737234,0.02342337850532661,46.95689159474492,0.15274819973598808,1.3132326408699129,1.2484458400912126,-0.008002514892771817
30.37095260620117,29.90642433166504,29.689000129699707,-0.008002514892771817,44.03717163544353,0.1433662885071248,0.6664168181099299,0.9401883082457,-0.007099108554438294
30.155345916748047,30.02276725769043,29.623885290963308,-0.007099108554438294,44.499324535996855,0.13548253708908048,0.44101164989797326,0.8286197782301503,-0.021774391360046996
29.49873161315918,30.111245727539064,29.55927644457136,-0.021774391360046996,44.537399091899076,0.12915633215357103,0.6566163515253187,0.8198776371375613,-0.00431894024963797
29.37132835388184,30.002463150024415,29.505785124642507,-0.00431894024963797,45.39072067740069,0.12485529914018019,0.8918219864093757,1.0771069751556963,-0.03703699614943412
28.28350257873535,29.53597221374512,29.41363307407924,-0.03703699614943412,42.555386181658086,0.1261453709847573,0.8428215164994768,1.2246434279750096,0.0031184120578060526
28.371702194213867,29.136122131347655,29.372399466378347,0.0031184120578060526,46.449046558864055,0.12579129559375193,0.37241025402148864,0.627812691205819,0.02936098645890617
29.204723358154297,28.945997619628905,29.445046016148158,0.02936098645890617,56.201453380591495,0.11395320631082392,0.9310238316106414,0.7472918720250146,-0.019463108112326766
28.636308670043945,28.77351303100586,29.465239797319686,-0.019463108112326766,51.64318343218623,0.10614224761427453,0.6762172737881826,0.5961226938202313,-0.01197808157937097
28.29330062866211,28.557907485961913,29.404462678091868,-0.01197808157937097,44.78309375570101,0.10660226902951571,0.8624205086514678,1.0666603521333629,0.02805686566079535
29.087121963500977,28.71863136291504,29.31672763824463,0.02805686566079535,42.10367686945707,0.10360068784757635,0.8722210420473324,0.9276778873368561,0.008423131523225269
29.33212661743164,28.910716247558593,29.299477304731095,0.008423131523225269,48.341504128360334,0.1031578643397103,0.7252177334443495,1.0176247717829559,0.01169400204779647
29.67513656616211,29.004798889160156,29.34367711203439,0.01169400204779647,54.35370972763481,0.10343152501106703,0.6174163576354488,0.726848814995579,-0.025429355538304166
28.92051696777344,29.061640548706055,29.272625378199987,-0.025429355538304166,42.89712971704666,0.09804757959941081,0.695818216599239,0.753251467994774,-0.017282235066624074
28.42070579528809,29.08712158203125,29.11582170213972,-0.017282235066624074,33.86168440051442,0.09741493323068785,0.6566163810748549,0.7308668897295478,-0.05517248090433724
26.85266494750977,28.640230178833008,28.864515440804617,-0.05517248090433724,28.347402973945947,0.12349996304504907,1.4014350220557255,1.9867669251826618,0.05839423576183034
28.42070579528809,28.457946014404303,28.74061257498605,0.05839423576183034,40.8479989598661,0.12054365724037025,1.9502482078496541,1.8511043401740734,0.03413780687869994
29.390926361083984,28.40110397338868,28.73291219983782,0.03413780687869994,49.44943620810475,0.1200011885107386,1.019226093931529,1.3806641402412667,0.04834960163693225
30.81196594238281,28.77939376831055,28.83581488473075,0.04834960163693225,56.49868040416094,0.13068963859656815,2.567664607385275,3.0354485226885872,-0.009860196118145925
30.50815391540528,29.196883392333984,28.994718551635742,-0.009860196118145925,60.7992111403282,0.13503136466400956,0.9016223799046479,1.1641806781781165,0.005782223122777763
30.684558868408203,29.963262176513673,29.15992259979248,0.005782223122777763,61.13205953608274,0.13573422689863784,0.7448186573268742,0.8159160031666147,-0.04631097869121881
29.263526916503903,30.131826400756836,29.16412285396031,-0.04631097869121881,50.26786651402705,0.13080885826606323,1.538637889795087,1.0621374668633128,0.03683848203254292
30.341550827026367,30.32195129394531,29.28592586517334,0.03683848203254292,57.42320464888739,0.13228695734585114,1.7150424908741755,0.9196162795387536,0.010335993657415665
30.655160903930664,30.290590286254883,29.454630170549667,0.010335993657415665,60.3079563293172,0.13941392945327316,0.4312112171759104,0.8424130788842777,0.017263358883354174
31.184371948242188,30.425833892822265,29.60443374088832,0.017263358883354174,59.36951505759687,0.15129828560427983,0.7742200699412223,0.7627823580331228,-0.015084841260870618
30.713960647583008,30.431714248657226,29.70313617161342,-0.015084841260870618,56.05149861834729,0.15255903715615377,1.2838312651375858,0.8781373217859738,0.05520109003555307
32.40940475463867,31.06088981628418,29.898441042218888,0.05520109003555307,60.7060599742017,0.1718911129243402,1.9012458813628363,1.2583973661782801,0.025400630019240866
33.23262405395508,31.639104461669923,30.206448691231863,0.025400630019240866,66.79388938724804,0.20101076138734322,0.8624224357224364,1.0664783833508755,0.04924806579815977
34.869266510009766,32.481925582885744,30.667060170854842,0.04924806579815977,73.07152103758631,0.24462140207671054,1.7640429984491064,1.4495611580583978,0.006745384332543569
35.10447311401367,33.26594581604004,31.256475039890834,0.006745384332543569,82.6356594293246,0.27472872275665633,1.1760262692730592,1.2859055018692536,0.01535453636307027
35.64348602294922,34.25185089111328,31.7723879132952,0.01535453636307027,81.09704372470424,0.3061466491554904,1.176030015878382,1.9575706940531672,-0.03766848471369988
34.30084991455078,34.630139923095705,32.12309673854283,-0.03766848471369988,70.48241221064038,0.3158782135258495,2.3422574388628306,1.1457295089668649,-0.05999991992670628
32.242801666259766,34.43217544555664,32.22529929024832,-0.05999991992670628,55.66770193374433,0.3133371389084937,2.175651451114824,1.1889709743393784,-0.005775143846193931
32.05659484863281,33.86964111328125,32.33590221405029,-0.005775143846193931,56.19123286242087,0.30490158985871213,1.0878276014586064,0.7559107611388066,0.008865769796288392
32.34080123901367,33.31690673828125,32.454205240522114,0.008865769796288392,56.565662522883656,0.2910319792369938,1.391636421575452,0.7542151511821471,0.01030296603647085
32.674007415771484,32.7230110168457,32.6978109904698,0.01030296603647085,64.79590114231546,0.25389228307640754,0.8722246900348196,0.6549770141614288,0.02279547873132226
33.418827056884766,32.5466064453125,32.917616435459685,0.02279547873132226,63.74780602303874,0.2343042842238875,1.1956308395382322,0.5743117481517419,-0.015542297882152334
32.89942169189453,32.677930450439455,33.0779207774571,-0.015542297882152334,59.8452557163094,0.2200680580933846,0.7644216411637714,0.600340796700816,-0.01966064598685635
32.25259780883789,32.71713104248047,33.15422262464251,-0.01966064598685635,54.63829362923465,0.21546362029537844,0.8330191142832604,0.7427464305986793,0.016104532027570118
32.772010803222656,32.80337295532227,33.3012262071882,0.016104532027570118,58.89829802611537,0.20823828472791453,0.39201121010031414,0.667678710981372,0.005382851281564127
32.94841766357422,32.858255004882814,33.339727129255024,0.005382851281564127,52.682923309622936,0.2014209936222102,0.7350182639132896,0.3175900813833404,-0.03301614059137015
31.86058807373047,32.546607208251956,33.24172455923898,-0.03301614059137015,43.34600352466395,0.17827808690540387,0.8134219564742224,0.7675285069367992,-0.016610209550647514
31.331377029418945,32.232998275756835,32.98901816776821,-0.016610209550647514,30.77742254739907,0.16958024832219892,0.6468177748708648,0.8501503386238337,-0.003753531224993001
31.213773727416992,32.02523345947266,32.711111068725586,-0.003753531224993001,28.586832811715638,0.16465077020963398,0.5782144753986991,0.5845992627439323,0.02794358719186607
32.08599853515625,31.888031005859375,32.457004819597515,0.02794358719186607,31.113442799841067,0.1593700060300179,1.038827146213876,0.7476328162983901,0.017104434683857805
32.63481140136719,31.82530975341797,32.33800206865583,0.017104434683857805,40.340929950499536,0.14727761716542964,0.8428215725797514,0.5869541328441215,0.02042040813463908
33.30122756958008,32.11343765258789,32.413603918892996,0.02042040813463908,57.31706416579509,0.14669436680523243,0.9996253037862317,0.8059987056961323,-0.0032373328940674684
33.19342041015625,32.48584632873535,32.494805744716096,-0.0032373328940674684,57.94517728495964,0.14665029127588441,0.6664167912767667,0.7135835576234336,-0.021257591832907097
32.48780822753906,32.74065322875977,32.505306243896484,-0.021257591832907097,50.97026732517715,0.13696078368151743,0.8526201253768022,0.6966820359822801,0.03680215920090957
33.68342971801758,33.06013946533203,32.57740783691406,0.03680215920090957,55.98140212380532,0.12366291962762414,1.4994357856464688,0.8119260142678303,0.0037824851875596366
33.81083679199219,33.295344543457034,32.60540853227888,0.0037824851875596366,52.50626548078602,0.09787578889243671,0.8526200549322738,0.780917333420388,-0.0011593865405556958
33.771636962890625,33.38942642211914,32.66770962306431,-0.0011593865405556958,55.941205848130096,0.09190393413182793,0.4998107551971387,0.7355452147988808,-0.03163085821896949
32.70341110229492,33.29142456054687,32.699910572596956,-0.03163085821896949,52.90405449040083,0.09109456013654178,0.9604234023271943,1.1025520712656498,0.019478588774551886
33.34042739868164,33.46194839477539,32.74051175798689,0.019478588774551886,53.60698143242239,0.090853390725886,0.8134219699205332,2.2115578631619894,-0.011463967991736324
32.958213806152344,33.31690521240235,32.741211482456755,-0.011463967991736324,50.060580697121516,0.0902210767407722,0.8820195078225908,0.7207451740176534,0.01397567396830346
33.418827056884766,33.23850326538086,32.85251426696777,0.01397567396830346,60.4467828707573,0.09178916160689506,0.9212214939990915,0.9171651312067983,0.007624753939395212
33.67363739013672,33.218903350830075,33.01981857844761,0.007624753939395212,66.30286700332186,0.09333702194740286,0.8134182695250729,0.9428793590897485,0.005529524062849234
33.85983657836914,33.45018844604492,33.20882306780134,0.005529524062849234,68.24322351798193,0.09743118007334575,0.9016205019035937,1.6417862804678736,0.06599142669127023
36.09429550170898,34.00096206665039,33.495129993983674,0.06599142669127023,73.26505822956781,0.12868829736956613,1.4504392031726638,2.3602339427372536,-0.02878089111672333
35.05546951293945,34.420413208007815,33.66803414481027,-0.02878089111672333,63.293851561442715,0.1387121698029517,1.4896373783865329,1.4052264014039457,0.0008386671818878533
35.084869384765625,34.753621673583986,33.79543713160923,0.0008386671818878533,60.53239181666196,0.1472773239937356,0.7252196309165839,0.617001472553935,-0.039385414483051995
33.70303726196289,34.75950164794922,33.83183833530971,-0.039385414483051995,52.61571729036649,0.14163140880996555,0.8820234225316881,0.9737378522761982,0.01395736458281105
34.17344284057617,34.82222290039063,33.952240807669504,0.01395736458281105,58.865947485574864,0.13020491386626315,0.8820195377635187,0.6321185416794814,0.011368594909583418
34.561946868896484,34.515753173828124,34.01499203273228,0.011368594909583418,55.04946457231564,0.11517052936054752,1.0622358153545832,0.680874774854224,0.0025611997606678205
34.65046691894531,34.4347526550293,34.07496561322893,0.0025611997606678205,54.84762310007904,0.10837021154935668,0.7868392693481283,0.584280885314067,-0.005960755716023836
34.44392395019531,34.30656356811524,34.122986112322124,-0.005960755716023836,53.80788334441039,0.10415926550418014,1.2195999874298664,0.8953260961552755,-0.02113083807015137
33.716094970703125,34.30917510986328,34.19532067435129,-0.02113083807015137,55.9659682110478,0.10292146851879647,0.8556875045617645,0.748612099254534,0.011668645892638496
34.10951614379883,34.296389770507815,34.2502555847168,0.011668645892638496,54.66477618736477,0.10087370367484745,0.5999661327398655,0.8088089484645006,0.006055288731720898
34.31605911254883,34.24721221923828,34.34724453517369,0.006055288731720898,58.41510426000012,0.09222054459576425,0.5802946536773419,0.7536495461664906,0.02264258373594008
35.09306335449219,34.335731506347656,34.46683284214565,0.02264258373594008,59.98435774625973,0.09525766180697555,1.2195998660455913,0.9625488483216161,-0.02550438961692869
34.198036193847656,34.286553955078126,34.50428989955357,-0.02550438961692869,52.90541323114043,0.09481455415914718,0.8655251073288284,0.7174413526892113,-0.035662997877255465
32.97843170166016,34.13902130126953,34.441332408360076,-0.035662997877255465,45.61835347715623,0.09936649824867226,1.1507554999431733,0.9243649035366865,-0.028332703689420535
32.044063568115234,33.725930786132814,34.15203012738909,-0.028332703689420535,26.876503825226123,0.10739894953226391,1.2196037561755304,1.0289333106610663,0.0052177583781449766
32.21126174926758,33.304971313476564,33.94887242998396,0.0052177583781449766,31.967184567459327,0.11687340197196933,0.7179910330326713,0.6586796892065474,0.011908589648802259
32.594852447509766,32.805329132080075,33.771014077322825,0.011908589648802259,34.8913904421367,0.11969140964896337,1.1310804586993406,1.1845388020167251,-0.007543877409505129
32.348960876464844,32.43551406860352,33.674294335501536,-0.007543877409505129,40.47022399724226,0.12678013122796264,0.9540410069764818,0.6419636903957707,0.03314081956244319
33.4210319519043,32.524034118652345,33.620550700596404,0.03314081956244319,45.11809246220012,0.1273969198489935,1.3277948863319153,0.8862255091794525,-0.040906513925212606
32.05389404296875,32.52600021362305,33.44140407017299,-0.040906513925212606,35.560592184586596,0.1370726100508516,1.5736784694159276,1.0707066971883894,0.020251737053264884
32.70304107666016,32.62435607910156,33.30230222429548,0.020251737053264884,39.468109687162226,0.12550171277511038,1.0327306145038904,0.847300981651497,0.011127848596496737
33.06695556640625,32.71877670288086,33.203947339739116,0.011127848596496737,42.677840733441144,0.12059507508866066,0.5606232950751888,0.7304875169937466,0.02052350725124552
33.74560546875,32.99810562133789,33.206055232456755,0.02052350725124552,50.15774993454275,0.1133281117414411,0.9933839556500672,0.9707182418950395,0.006412012921242605
33.96198272705078,33.10629577636719,33.195517131260466,0.006412012921242605,49.196136800784515,0.11383013465968925,0.8655251124142751,0.8699356896684709,0.017665757228238377
34.561946868896484,33.607906341552734,33.21308054242815,0.017665757228238377,51.284687232929834,0.11588767535247249,1.2392751179136852,1.5348940460768452,0.04183281905148517
36.00777053833008,34.26885223388672,33.278416769845144,0.04183281905148517,54.46688208891775,0.13060375202603738,1.0032215738822217,1.359166973686762,0.002731475404591066
36.10612487792969,34.876686096191406,33.41470881870815,0.002731475404591066,60.1041617848826,0.14395489133523295,0.9343733869862376,1.3036046459212958,0.007354777663062695
36.37167739868164,35.40190048217774,33.65708351135254,0.007354777663062695,69.98839147557688,0.1592859393746036,0.9933875696509062,1.1826440686865156,0.0324500711460145
37.55194091796875,36.11989212036133,34.050503322056365,0.0324500711460145,81.53147191870539,0.18688185006089766,1.5638447174513885,1.9076284754425579,-0.0044526542825609194
37.38473510742188,36.68444976806641,34.4200371333531,-0.0044526542825609194,79.6170515529028,0.2064086902400487,1.1015787384771798,1.2247909520585971,0.015259203296591028
37.955196380615234,37.073934936523436,34.80291884286063,0.015259203296591028,80.04402750778482,0.22822465140685078,0.8851965411380434,0.9955673802570941,0.006996674381116286
38.22075653076172,37.49686126708984,35.22233281816755,0.006996674381116286,82.83824594848991,0.2482639820463895,1.3966393061488631,1.47802995057926,-0.003860033922387318
38.07322311401367,37.83717041015625,35.55463218688965,-0.003860033922387318,79.01835597611425,0.26352013199924706,0.8851965824893355,0.9359209812635004,-0.001033397868098418
38.033878326416016,37.9335578918457,35.9817739214216,-0.001033397868098418,94.70580216613756,0.2709420550972957,0.5901322764172008,0.814810379241517,-0.020429166349476335
37.25687789916992,37.90798645019531,36.30704798017229,-0.020429166349476335,83.40546515369876,0.2635963531317843,0.8851965684594774,1.7651108396238442,0.002903856556182305
37.36506652832031,37.78996047973633,36.614055906023296,0.002903856556182305,82.75859462313453,0.2546895074161163,0.8655250592883448,0.7460212218462996,-0.043432443480508676
35.742210388183594,37.2942512512207,36.7566705431257,-0.043432443480508676,63.30274250021352,0.24217626776994838,2.0457822343282928,1.3394598609591593,-0.04540468403900866
34.119346618652344,36.503475952148435,36.76791082109724,-0.04540468403900866,50.88297820423142,0.22961577141445602,1.5933498779750934,1.389582612865872,-0.001152928238714268
34.08000946044922,35.71270217895508,36.733486720493865,-0.001152928238714268,47.114266697061154,0.2256741425567662,0.7770054109471687,1.0735565110018506,-0.013564110514256433
33.61774444580078,34.98487548828125,36.562770571027485,-0.013564110514256433,33.778368326999455,0.21142772508175356,0.7376626129091193,0.7009239688821379,0.00321820011823859
33.72593307495117,34.257048797607425,36.39275687081473,0.00321820011823859,33.866653014344735,0.20267873325267358,0.590128546019308,0.5245330368380575,-0.013415034027063122
33.27349853515625,33.76330642700195,36.17145838056292,-0.013415034027063122,29.518889892557027,0.20082157198895043,1.1212464075815163,0.813876958771394,0.02305660062404491
34.040672302246094,33.747571563720705,35.92065347943987,0.02305660062404491,25.447094008977572,0.1988330465502887,0.9343734206243681,1.0381097175778915,0.016469103467473323
34.60129165649414,33.851828002929686,35.72183609008789,0.016469103467473323,31.551516028012117,0.19524880615355777,1.2589428851111037,0.7496656856705286,0.010517367194232907
34.965206146240234,34.12132034301758,35.508265359061106,0.010517367194232907,29.624669339677567,0.19358098381492134,0.7376625927558962,0.6837122702246191,-0.0025317701367424394
34.87668228149414,34.351470184326175,35.269402912684846,-0.0025317701367424394,26.648321936692028,0.1956127358980127,0.9835500051314554,0.6334096376546346,0.006486149133194896
35.10289764404297,34.717350006103516,35.05723680768694,0.006486149133194896,29.483658921787637,0.19668685382130202,1.2491089322543019,1.097219475024307,0.006724614850618593
35.338951110839844,34.97700576782226,34.86474200657436,0.006724614850618593,31.87829717418417,0.19675259478046878,1.1704231264695366,0.9649504261084116,-0.0011132467621067788
35.29961013793945,35.116669464111325,34.72493716648647,-0.0011132467621067788,35.38910853759525,0.191886781607535,0.49177501725063166,0.6575132765828251,0.008358926128166022
35.59467697143555,35.24256362915039,34.59848076956613,0.008358926128166022,37.14286664121634,0.18683329348202773,1.2589429345620076,0.8607049240140457,-0.003592138876603035
35.46681594848633,35.36059036254883,34.57880973815918,-0.003592138876603035,47.4452534080156,0.17640267723633596,0.6589767287531743,0.5126408061668973,0.010260703703277363
35.83073043823242,35.50615692138672,34.70105143955776,0.010260703703277363,70.71437344225146,0.16130298385040892,0.9147018930299922,0.6636056039720124,0.012352319236488496
36.27332305908203,35.693031311035156,34.85771669660296,0.012352319236488496,74.18652469619823,0.14668369784808646,0.6393052137338344,0.5437533194891611,-0.0010844652456862836
36.233985900878906,35.879906463623044,35.044591086251394,-0.0010844652456862836,81.81818181818181,0.12977945378561467,0.8163483854390492,0.6739348034390084,-0.023615674101718165
35.3782958984375,35.836630249023436,35.1626170022147,-0.023615674101718165,67.00403316665214,0.11738574114745648,0.9147018311250079,0.8589568476303964,0.01640258661440419
35.95859146118164,35.9349853515625,35.35440935407366,0.01640258661440419,76.92308869215051,0.10314372444498907,0.8458498980103997,0.8939097975517727,-0.013676161738042425
35.46681594848633,35.86220245361328,35.456276757376536,-0.013676161738042425,65.13567063666537,0.10200940017411378,1.2589428560930287,0.789717395198995,-0.01164732598196938
35.0537223815918,35.618282318115234,35.48859323774065,-0.01164732598196938,54.956868448768745,0.09932649643202228,0.5606232155481905,0.7394028466641335,0.0008418648874326529
35.08323287963867,35.38813171386719,35.49702371869768,0.0008418648874326529,51.395355549582476,0.09599795238186082,0.8261822956254008,1.0045991982278861,-0.021026200358187475
34.34556579589844,35.181585693359374,35.45908682686942,-0.021026200358187475,44.55646375211421,0.09003372545682976,1.3868054143990847,1.105458146770681,-0.030641471679185517
33.29316711425781,34.64850082397461,35.329820360456196,-0.030641471679185517,34.13796470035963,0.09512802990328995,1.7703893089037877,1.7490185737562074,0.02186121185150003
34.02099609375,34.359336853027344,35.23568071637835,0.02186121185150003,39.36510907185802,0.08691438693842383,1.052398244502612,1.6587495868784894,-0.050881660387513405
32.28995132446289,33.806582641601565,35.02070508684431,-0.050881660387513405,30.922733788178036,0.11029179783126872,1.8687466757617344,1.4056967253815,-0.009442719026743873
31.98504638671875,33.18694534301758,34.76287433079311,-0.009442719026743873,27.14820533899153,0.13521095092800114,1.052398197754549,1.7860532172437749,0.09286594802334913
34.95536804199219,33.30890579223633,34.7263423374721,0.09286594802334913,47.619040853837205,0.13520945398291012,1.7507215584111506,2.344596443762203,0.004220513480892363
35.10289764404297,33.67085189819336,34.67435428074428,0.004220513480892363,46.54203039653821,0.13527169572186507,1.022892885743822,1.0067578507093264,0.022695466448975354
35.89957427978516,34.0465675354004,34.647657939365935,0.022695466448975354,48.282100502801605,0.13744608590158056,0.934373231643761,1.1375595137395171,0.021643935122599656
36.67658233642578,34.923893737792966,34.67927197047642,0.021643935122599656,51.905157244766656,0.14392296356463247,1.0228929544599197,1.1491089114366237,0.010994902931453998
37.079837799072266,35.94285202026367,34.80081067766462,0.010994902931453998,57.62113453583675,0.152874492545706,0.8950303993731481,0.9635215734764043,0.011670987711538627
37.51259613037109,36.454297637939455,34.91181101117815,0.011670987711538627,57.05354295206699,0.1640440200013577,0.6393089961883476,0.8324117349841098,-0.0017097325096894211
37.44845962524414,36.92341003417969,35.053356988089426,-0.0017097325096894211,59.35785065369274,0.17323039895078732,0.3453767145732769,0.6476258258333193,0.021607354427660264
38.25762176513672,37.39501953125,35.28220694405692,0.021607354427660264,64.58412269317367,0.18790358688841927,0.9078433711064093,0.8600127477866115,-0.021924206646201982
37.418853759765625,37.54347381591797,35.44903700692313,-0.021924206646201982,59.902186095481774,0.19324312095872626,1.1249333467112734,0.8816001893615512,-0.0031645014725060205
37.30044174194336,37.58759460449219,35.66009957449777,-0.0031645014725060205,63.2218611515367,0.19757193221420902,0.7400881447380883,1.2474059514471316,0.028042294980602955
38.34643173217773,37.75436172485351,36.02104704720633,0.028042294980602955,72.62426769495941,0.2089657504638218,0.7400880943751744,0.9771885408755232,-0.016212032147510103
37.72475814819336,37.80962142944336,36.285601479666575,-0.016212032147510103,66.74146639891885,0.2146216843248895,0.42431749177722367,0.6214171467842853,0.03086582604929644
38.88916397094727,37.93592987060547,36.75697381155832,0.03086582604929644,81.43978522842026,0.22706540142520887,1.4012354781719907,1.1212139598875466,0.03044907966120336
40.07330322265625,38.466819763183594,37.33470644269671,0.03044907966120336,85.55516204244049,0.24608010187616808,1.2433463196247132,1.1335565344940273,0.06747107275637765
42.77709197998047,39.56214981079101,37.89340100969587,0.06747107275637765,85.2085535565754,0.28986427308781837,2.545904948564875,1.9343757079930117,0.010611429281780493
43.23101806640625,40.539067077636716,38.473981039864675,0.010611429281780493,85.60561043641712,0.32221358508695525,1.2334802759433998,1.0921143023275857,0.021227941809720985
44.14872360229492,41.82386016845703,39.063205991472515,0.021227941809720985,85.75663926795681,0.34561229853404324,1.1348032544370952,0.9887465897706376,-0.024586456283990366
43.063262939453125,42.6586799621582,39.51939746311733,-0.024586456283990366,76.96262212035602,0.3530233927061847,1.342027147124071,0.8408857357137899,0.0006873198653245538
43.09286117553711,43.26259155273438,39.94889913286482,0.0006873198653245538,76.21213048412058,0.3375822910536839,1.0755948529026114,0.7213483475611656,0.006640708854529276
43.3790283203125,43.38297882080078,40.36793000357492,0.006640708854529276,75.9041741792731,0.3101942165026967,0.38484519838036135,0.315386571171658,0.0027298824294168522
43.4974479675293,43.43626480102539,40.800000599452424,0.0027298824294168522,76.5828442144269,0.3052503966403761,0.8881034933496608,0.8593316961993016,0.0034028219015056482
43.64546203613281,43.33561248779297,41.184846333095,0.0034028219015056482,75.1381325602704,0.2961875733201203,0.7104857849740398,0.6427742068681472,0.016052411786114273
44.34607696533203,43.59217529296875,41.679647990635466,0.016052411786114273,82.74256213934017,0.2921754795111248,0.7302219045520815,1.0236346909276823,-0.005340360452395165
44.1092529296875,43.79545364379883,42.1659916469029,-0.005340360452395165,81.82660784292052,0.28705140126516016,0.6710135333628742,1.2076097976588611,-0.021476478027801837
43.16194152832031,43.75203628540039,42.509956632341655,-0.021476478027801837,72.71885005300172,0.2762885476835088,1.4801762644731085,1.1341049899855373,-0.031778728522081634
41.79030990600586,43.4106086730957,42.80035318647112,-0.031778728522081634,67.91306475837801,0.26285613362674337,1.5985931350059843,1.269014572841871,-0.010153555259619806
41.365989685058594,42.95471420288086,42.977269308907644,-0.010153555259619806,61.67441562742846,0.2467106618959497,0.6710135219084066,0.7939254645600183,-0.015505660998874404
40.72458267211914,42.23041534423828,43.02378926958357,-0.015505660998874404,53.235306490851535,0.23575689391052768,1.4012354624664596,0.797299097377264,0.021323088264428414
41.59295654296875,41.72715606689453,42.93920816693987,0.021323088264428414,42.805784407611796,0.2148733091674393,1.2433464658255744,0.7296528155908109,0.013048657366033778
42.13568878173828,41.521905517578126,42.86097036089216,0.013048657366033778,43.4163691275968,0.18825095300341413,1.134799643847252,1.0811713063726103,0.04309111540884358
43.95136260986328,41.95411605834961,42.84687314714704,0.04309111540884358,48.929311859831465,0.1716434968906235,1.6281914283550734,1.2050402957387423,-0.011225798253816754
43.45797348022461,42.37251281738281,42.87506675720215,-0.011225798253816754,52.28831570357233,0.13797293820896545,0.7992927268083534,0.7782010092400267,0.012034588084334885
43.98097229003906,43.023790740966795,42.93850326538086,0.012034588084334885,54.870163421676125,0.1126144827383555,1.3716294605763295,0.8825098231439399,0.013686289979277122
44.58290863037109,43.62178115844726,43.02449471609933,0.013686289979277122,56.38077877082409,0.09923562775992342,2.388015859295919,1.719693604818789,0.02169093179495918
45.54995346069336,44.30463409423828,43.17110225132534,0.02169093179495918,59.98079716973433,0.11074089757404212,1.5788568031541175,2.064278280274915,-0.010181944077234717
45.08616638183594,44.531594848632814,43.274009704589844,-0.010181944077234717,56.7970285946295,0.11688350887513585,0.8190288856828474,0.6994411631669158,0.02123001576774075
46.0433464050293,45.04866943359375,43.395243235996794,0.02123001576774075,57.8181960034033,0.12847085283951973,1.154539365700714,0.8969184756890951,-0.019288421768805408
45.15524291992188,45.28352355957031,43.469956806727815,-0.019288421768805408,54.54545454545458,0.13264660552778085,1.2334802386419952,0.9668392415757774,0.028846153846153744
46.45779800415039,45.65850143432617,43.70537512642996,0.028846153846153744,63.893513865549615,0.14456304602592776,1.0854610222611072,0.7204428406620732,0.01954119152781786
47.36563873291016,46.02163848876954,44.10361289978027,0.01954119152781786,74.45889793138308,0.16181989713843942,0.9473118712303403,0.7493430484642747,0.052083345078345555
49.83259963989258,46.970925140380864,44.70837075369699,0.052083345078345555,81.49784387026497,0.2000920375578187,1.7860806689676636,1.452353044694726,0.005148462676056953
50.08916091918945,47.7800880432129,45.37726919991629,0.005148462676056953,85.86549031272887,0.2303882247309577,1.075594855206191,1.2158513932466015,-0.007289095456839645
49.72405624389648,48.693850708007815,45.95806203569685,-0.007289095456839645,82.38999731643324,0.2511925057009907,0.7006158927774493,0.6545627573608541,-0.0027783951392506
49.58590316772461,49.319471740722655,46.49022020612444,-0.0027783951392506,80.66616022979969,0.266400339839979,0.7894265612564766,0.7061337149694575,-0.048756228244370314
47.16828155517578,49.28000030517578,46.72000013078962,-0.048756228244370314,62.616123341479835,0.2651177628163021,1.9044937081405777,1.1041282534667487,-0.015690323611660784
46.42819595336914,48.59911956787109,46.93215887887137,-0.015690323611660784,61.427507172407246,0.25438850410997915,0.9966541520641172,0.8778397031369114,-0.003825691057658731
46.25057601928711,47.83140258789062,47.09427343096052,-0.003825691057658731,58.97037240970044,0.2384180361063606,1.8946239234771483,1.1477334163197195,0.00042666342029673565
46.27030944824219,47.14065322875977,47.21480206080845,0.00042666342029673565,56.99101606184766,0.2135083005791967,1.1742755795425808,0.8223553066268994,0.03326942844394698
47.809696197509766,46.7854118347168,47.37621225629534,0.03326942844394698,58.938365238426634,0.1942050292457189,1.7663408924148172,0.9934292596818157,-0.00825602757514643
47.41497802734375,46.83475112915039,47.54255594526018,-0.00825602757514643,59.26217450303074,0.1741264251298296,0.7499580678933313,0.7204049797632193,-0.012070748808967524
46.84264373779297,46.917640686035156,47.59964861188616,-0.012070748808967524,53.279362542418035,0.16513379266606312,1.3420270157080836,0.7689821725757979,0.0035812480587593676
47.010398864746094,47.06960525512695,47.732159750802175,0.0035812480587593676,58.08950927788954,0.1506368024355048,1.095331068456666,0.7743024924741042,-0.010915329694646703
46.49726486206055,47.114996337890624,47.73497881208147,-0.010915329694646703,50.18482168441045,0.13859755663694096,1.0459887171542306,0.6800264192749785,-0.001273199338517217
46.43806457519531,46.84067001342773,47.66872351510184,-0.001273199338517217,45.281138994460555,0.12997457104019275,0.828898856581624,1.1146455244333424,-0.021249422924953132
45.4512825012207,46.447930908203126,47.35577229091099,-0.021249422924953132,23.758880803937814,0.1304612249578474,0.7598205363775179,0.9132487334700697,0.014763259182019484
46.122291564941406,46.30386047363281,47.07242447989328,0.014763259182019484,27.364868247548074,0.12551759143036953,1.3814992779022077,1.2412476265256909,0.03016686734462115
47.51365661621094,46.40451202392578,46.91453879220145,0.03016686734462115,38.709661077253024,0.12328915283590242,2.2893388443683946,1.4487743346044013,0.001453824921199054
47.58273315429688,46.621605682373044,46.77145521981375,0.001453824921199054,39.6954387237328,0.11562603241688375,1.5097785524407286,1.169840444728791,0.013894545312280293
48.243873596191406,46.982767486572264,46.84828322274344,0.013894545312280293,56.75339705740053,0.11490692179473361,1.5985891730725257,0.9433705486912619,0.004090823622213247
48.44123077392578,47.58075714111328,46.99207142421177,0.004090823622213247,63.56380531432928,0.1161463578147388,1.4801761241603515,1.2214892031380942,0.009370655517491722
48.89515686035156,48.13533020019531,47.18097005571638,0.009370655517491722,67.17947802969816,0.11054605381705002,1.3124210420797198,2.037072295153169,-0.11907169314125954
43.07312774658203,47.24722442626953,46.95259993416922,-0.11907169314125954,38.15789696778908,0.12766389704523062,2.032776614160994,2.810378331971239,0.004352884975258098
43.2606201171875,46.38280181884765,46.62766592843192,0.004352884975258098,31.275391783621572,0.13758331089235676,1.1644056743316753,1.1106619550313035,-0.020985472260864446
42.35277557373047,45.20458221435547,46.26608003888811,-0.020985472260864446,30.007803884466355,0.1515860339495463,0.917709596667919,1.0082968974647195,0.003727890391790112
42.51066207885742,44.0184684753418,45.956652777535574,0.003727890391790112,32.312664416557766,0.16943712672208622,1.4111016054360803,1.0780827406067828,0.006499511168202465
42.78696060180664,42.79682922363281,45.65497861589704,0.006499511168202465,32.907345579310515,0.1825918460462443,1.0657249060296934,0.8088125374183541,-0.017527724049144378
42.03700256347656,42.589604187011716,45.33638845171247,-0.017527724049144378,32.288409516500934,0.19923115077527734,1.5196484683703986,1.111679431440378,0.003990563123585034
42.20475387573242,42.378430938720705,45.03400911603655,0.003990563123585034,33.333313308544646,0.21200017955669723,0.7104857139295717,0.6016585736549795,0.0022278215027617954
42.29877853393555,42.36763153076172,44.80883026123047,0.0022278215027617954,36.6500321791071,0.21781561559428195,0.6333924048073243,0.7155017324583604,0.0009358453103707198
42.33836364746094,42.33317184448242,44.53854969569615,0.0009358453103707198,33.07078792976094,0.22233120476129095,0.5443213737482537,0.7165836209039871,-0.00654506256020948
42.061256408691406,42.18803100585937,44.149092538016184,-0.00654506256020948,22.904575296221196,0.22815579391858118,0.6333924336331549,0.6931111247711694,0.019058859038721288
42.86289596557617,42.3532096862793,43.81196131025042,0.019058859038721288,28.136838054094653,0.22780226152638242,1.1084367623349536,1.0472428380888479,0.016624228134455077
43.57545852661133,42.627350616455075,43.4785030909947,0.016624228134455077,28.47756635162024,0.22603153227587547,1.7022449224711664,1.0209296643978365,-0.019759179798381266
42.71444320678711,42.71048355102539,43.06944683619908,-0.019759179798381266,25.120656058722318,0.22580480117775717,0.8610213864691545,0.7367963295985718,0.023864607069449928
43.73380661010742,42.98957214355469,42.70077896118164,0.023864607069449928,28.627167388089433,0.22519802573657563,0.8907104300700226,0.7260538341483987,-0.0031681124997874344
43.595252990722656,43.29637145996094,42.7380736214774,-0.0031681124997874344,54.08479488881354,0.22246849496247545,1.2370957362595334,0.8856851634633268,-0.012258761939946239
43.060829162597656,43.335958099365236,42.723802839006694,-0.012258761939946239,48.517434454490385,0.21202449618449817,1.088646574684688,0.6192413455303204,0.02321304009571845
44.06040191650391,43.43294677734375,42.8457761492048,0.02321304009571845,62.50139635473222,0.197531524902837,1.7319340197903301,1.250280994678479,-0.023584934247721234
43.021240234375,43.49430618286133,42.882246017456055,-0.023584934247721234,53.310705418084616,0.1729142110147168,1.5933760519295745,1.1448207670182835,-0.011272096586556146
42.53630065917969,43.25480499267578,42.864341735839844,-0.011272096586556146,48.4174826633322,0.13638335272828092,2.1278062423571953,1.2343394264905438,0.00023263247047067281
42.54619598388672,43.0449935913086,42.90071269444057,0.00023263247047067281,53.546114740649735,0.05442895216708598,0.8412235462664626,0.6995332196917111,0.0
42.54619598388672,42.9420669555664,42.92510141645159,0.0,52.43475237920627,0.05450121908089736,0.8511224258129602,0.624349116727078,-0.006047934096221508
42.28887939453125,42.587762451171876,42.92439433506557,-0.006047934096221508,49.93101776312537,0.05461371667310068,0.7521563075812381,0.5986964988749899,-0.017317957714462207
41.556522369384766,42.29481887817383,42.8685485294887,-0.017317957714462207,45.03145416419195,0.05969079023215793,0.5344262736028398,0.6581250651471351,0.02524400821642203
42.60557556152344,42.30867385864258,42.907428468976704,0.02524400821642203,53.15004817019487,0.05956586347983686,0.7818453959738321,1.198461362665559,0.017886171436921172
43.36762619018555,42.47295989990234,42.94348062787737,0.017886171436921172,52.93438745837229,0.06103984976183824,1.1282306648019613,1.0125697077985962,0.04084896217754164
45.1391487121582,42.99155044555664,43.055172783987864,0.04084896217754164,58.09428349817621,0.07652283546089544,2.731509432273633,1.455126183032252,-0.05371624353912552
42.71444320678711,43.076663208007815,43.055172783987864,-0.05371624353912552,50.0,0.07506722278447613,2.1574953557788987,1.3294496093025405,0.031278871267136354
44.05050277709961,43.57545928955078,43.07779393877302,0.031278871267136354,51.37221325998995,0.07700958704534484,1.9298663047201714,1.2091498277227888,0.03684574466933532
45.67357635498047,44.18905944824219,43.22624560764858,0.03684574466933532,57.978740541702614,0.0927739498108546,1.2271968632358963,1.135920903889834,-0.046587278400314625
43.54576873779297,44.22468795776367,43.26088414873396,-0.046587278400314625,51.65876195949053,0.08954067790571492,2.6028504157339682,1.2086689732280413,0.019545499700313496
44.39689254760742,44.076236724853516,43.284919193812776,0.019545499700313496,51.162793150186154,0.09190001633516616,1.2568897256264222,0.7853949830265413,0.00847076727781415
44.77296829223633,44.48794174194336,43.41004262651716,0.00847076727781415,56.344091369394235,0.09637147815523542,0.801639355824527,0.7282104897919688,-0.04442971415523522
42.78371810913086,44.23458480834961,43.42771530151367,-0.04442971415523522,50.8080102633586,0.09615497490497914,1.761623104659762,1.1956389080997518,-0.011103388660063551
42.30867385864258,43.56160430908203,43.410749435424805,-0.011103388660063551,49.247177505061735,0.09856290256198205,0.8313284794631812,0.8545034124066718,-0.0025731755532544254
42.199806213378906,43.29241180419922,43.38600730895996,-0.0025731755532544254,48.90964789422418,0.10121019191281588,0.791744236339909,1.4639723162690461,0.001641683298039709
42.26908493041992,42.86685028076172,43.38459341866629,0.001641683298039709,49.93694532482819,0.1033056435480135,0.7719502832645233,0.606516629156193,-0.01545306218885334
41.61589813232422,42.235436248779294,43.388834544590544,-0.01545306218885334,50.19009855813328,0.10696637768693569,0.8412273318790255,0.7831049173807711,0.003567304327165788
41.76435470581055,42.03156356811523,43.32874734061105,0.003567304327165788,47.141913240118896,0.11065358527577768,1.5834811041196417,1.6583119772919908,0.005213241355373377
41.98208236694336,41.96624526977539,43.22977992466518,0.005213241355373377,45.11174778313243,0.11244593013127019,1.266784924601147,1.1405847810382348,0.0035360980308578593
42.13053512573242,41.95239105224609,43.014878954206196,0.0035360980308578593,38.012641982153866,0.1136022697977833,0.7026695227167252,0.6437037712873398,-0.01738313642725231
41.39817428588867,41.77820892333985,42.92085974557059,-0.01738313642725231,43.938024677129874,0.11820826291617381,1.6329679117921003,1.0438181047624526,0.0038250016148675403
41.556522369384766,41.766333770751956,42.74271828787668,0.0038250016148675403,37.11661108277835,0.12107412862662119,0.603703334034698,0.8503761383190559,0.042391020280998504
43.318145751953125,42.077091979980466,42.57447324480329,0.042391020280998504,38.00404565387512,0.11746737180033122,1.3162717058590303,1.0809880809674222,0.009138581238212762
43.714012145996094,42.42347793579101,42.586490631103516,0.009138581238212762,51.04038105159067,0.11796903658495475,0.8808115404535926,1.1420551776390282,0.007923998587705539
44.06040191650391,42.809451293945315,42.56245558602469,0.007923998587705539,47.78067674904838,0.11962632215004289,1.2173017437289317,0.6750765093167715,-0.01302786019599722
43.48638916015625,43.22709426879883,42.4705570765904,-0.01302786019599722,41.73029100379909,0.1114936263884801,0.5740142495934393,0.717943332759316,-0.08215745402333552
39.91365814208984,42.898521423339844,42.26555279323033,-0.08215745402333552,34.672325889068205,0.12896146440762182,1.4152378064094293,1.7824730509483933,-0.014877293841247696
39.31985092163086,42.09886245727539,42.05206544058664,-0.014877293841247696,34.23801086015382,0.14627294059573462,1.0688487663758082,1.2141332781356984,-0.025673339792730787
38.31037902832031,41.01813583374023,41.77424921308245,-0.025673339792730787,31.267894517149358,0.15744767188604072,0.9401934943471062,1.4000195236357755,-0.018858119359909886
37.58791732788086,39.723638916015624,41.439880098615376,-0.018858119359909886,28.7892552784012,0.18398333681497514,0.9401935378930517,1.1832083027584959,0.00921545526149381
37.93430709838867,38.61322250366211,41.17690931047712,0.00921545526149381,32.84136475854167,0.19559161612849058,1.2370957894024457,1.5631818716944916,-0.029480953366925244
36.81596755981445,37.99368438720703,40.82345308576311,-0.029480953366925244,28.84939978268784,0.20964274740077352,1.1876125874745966,0.9963902872397906,0.011559218471291155
37.24153137207031,37.57802047729492,40.48484230041504,0.011559218471291155,30.09145351916463,0.22475962758670703,0.5839055674536695,0.8261334223287311,-0.05155468129330543
35.321556091308594,36.980255889892575,39.99848665509905,-0.05155468129330543,25.108543375374765,0.25565677422248484,1.0886465127513034,1.5189141766401943,0.017371875774218726
35.935157775878906,36.64970397949219,39.60827119009836,0.017371875774218726,29.85402755703585,0.2744216989062325,0.8016393843846501,0.9754878679083067,-0.0013771490286922372
35.88566970825195,36.239976501464845,39.20321028573172,-0.0013771490286922372,28.918328055990145,0.2890700002600385,0.742257405599652,0.5866444588620544,-0.015995491969832076
35.31166076660156,35.93911514282227,38.63131850106375,-0.015995491969832076,17.35273786584159,0.30654118048567053,0.7521563168980663,0.7842702885100469,-0.017937200353472127
34.67826843261719,35.42646255493164,37.98590823582241,-0.017937200353472127,13.85596623924532,0.32455862057160373,0.8808115562981413,0.832169390298283,-0.02397252136799144
33.84694290161133,35.13153991699219,37.25637544904436,-0.02397252136799144,10.670783209604949,0.34382971040081356,0.9401935924674873,1.1517940656486136,0.0061402449944341075
34.054771423339844,34.755462646484375,36.58268846784319,0.0061402449944341075,12.627477678746885,0.3551982963754559,0.4849394165240355,0.7696321781493722,-0.00377798144871877
33.92611312866211,34.36355133056641,36.15500668116978,-0.00377798144871877,17.367882041970233,0.36627695546340927,0.4156623658363472,0.9035437090764432,0.006417701323670588
34.14384078979492,34.12998733520508,35.78529167175293,0.006417701323670588,20.584945222085977,0.37076709556051957,0.8313284485033137,1.0137005672970698,0.017681155113236535
34.74754333496094,34.14384231567383,35.53080340794155,0.017681155113236535,28.773600771624444,0.3535830776473327,0.791740463527681,1.2481639586453577,-0.0919965286545188
31.55088996887207,33.684631729125975,35.09958716801235,-0.0919965286545188,22.22223782427227,0.34597470743363384,1.583484864911071,2.1157881252236295,-0.016311209579782715
31.036256790161133,33.080928802490234,34.60686928885324,-0.016311209579782715,18.7443878754776,0.32297300605481927,0.8313284417120457,1.0103134012942088,-0.028380087754764305
30.15544509887696,32.326795196533205,34.13111768450056,-0.028380087754764305,19.156739561612838,0.2975282131091461,0.7521544369426891,1.2074701307345481,-0.003281881537024134
30.05647850036621,31.509322738647462,33.61789962223598,-0.003281881537024134,15.689961985179153,0.3051993084833225,1.0094705624615123,1.0322020709627437,0.004609775539176297
30.195032119750977,30.59882049560547,33.25171933855329,0.004609775539176297,20.501114751708997,0.30729779534996365,0.47504429651139546,0.8709366966145231,0.012782728049516745
30.58100700378418,30.404843902587892,32.86927999768938,0.012782728049516745,18.362534687620382,0.30711247946417475,0.3562822975338733,0.6464445575687087,0.006336267963055642
30.774776458740234,30.35254783630371,32.50421619415283,0.006336267963055642,20.306243802673123,0.3052718241477688,0.467038515439576,0.6475635166777723,-0.00936389476540389
30.48660469055176,30.41877975463867,32.15956933157785,-0.00936389476540389,21.00385932214853,0.29585599637481325,0.8347050957372346,0.8247182550082872,-0.022164245323738396
29.81089210510254,30.369662475585937,31.81189959389823,-0.022164245323738396,20.89756458934761,0.29624177506649746,0.4173525652844603,1.1627959164051491,0.002999969352812659
29.90032386779785,30.31072082519531,31.529998234340123,0.002999969352812659,24.105574754085154,0.28430252844667697,0.5763438176858138,0.8187464210976831,-0.007976011810378991
29.66183853149414,30.126887130737305,31.216217313494003,-0.007976011810378991,21.29272135332272,0.2865801870023102,0.6160907193381782,0.8084982970825828,0.022110497702256815
30.317676544189453,30.03546714782715,30.958471843174525,0.022110497702256815,27.939314165081186,0.27388383419281637,1.122876066677204,0.9684518379216879,0.01769912339541113
30.854272842407227,30.109000778198244,30.723502704075404,0.01769912339541113,30.643454268464453,0.25326513044240256,0.4968482061278152,0.8845565201962586,0.007085390712776585
31.072887420654297,30.361399841308593,30.46102728162493,0.007085390712776585,27.351088702547955,0.23307241003684448,0.5862810377727605,0.6878046036904081,0.024304373505552812
31.828094482421875,30.7469539642334,30.480827604021346,0.024304373505552812,52.444153690657785,0.21543273934411716,0.7353332133147319,0.8834122391577681,-0.006244109217857563
31.629356384277344,31.140457534790038,30.523191860743932,-0.006244109217857563,55.53794396784321,0.20403726296646224,0.5167225836637606,0.7795137164986143,0.00848253730410864
31.89765357971192,31.456452941894533,30.647635323660715,0.00848253730410864,68.36859168881746,0.18873540634393615,0.6558375905357323,0.6061062519095359,-0.01121495863589328
31.5399227142334,31.593582916259766,30.75359562465123,-0.01121495863589328,64.8311154571957,0.1715003078566023,0.6160925864270261,0.8172567262359978,-0.010081880125445197
31.22194099426269,31.623393630981447,30.826946258544922,-0.010081880125445197,59.911196200434375,0.14578727178927353,0.9638848266228734,0.7092036066086251,-0.042648034377058
29.8903865814209,31.23585205078125,30.777616228376115,-0.042648034377058,44.36332139423437,0.09387655240414779,1.6892826831936425,1.2034531417482843,0.02127658488315909
30.526351928710938,31.01525115966797,30.759871619088308,0.02127658488315909,48.10892024668859,0.09064513183485562,0.8843910617319288,0.8902641798558336,0.011067755520287825
30.86421012878418,30.80856246948242,30.78684343610491,0.011067755520287825,52.85286176732343,0.09018888920010727,0.7055254404381408,0.7900472225779549,-0.02994209211805776
29.94007110595703,30.48859214782715,30.796070507594518,-0.02994209211805776,50.9406551294156,0.09151663692544602,0.556469442304028,0.8010240100962015,0.001991435426145438
29.99969482421875,30.244142913818358,30.803168433053152,0.001991435426145438,50.72675395879267,0.09187093818048961,0.4372269463636158,0.7686638844249973,0.021861553055349203
30.65553474426269,30.39717254638672,30.874146733965194,0.021861553055349203,56.849313087452906,0.09073670420792794,1.0135689016110199,2.099294855190894,-0.01815237853829388
30.099063873291016,30.311714935302735,30.858531543186732,-0.01815237853829388,48.47222666538703,0.09232079063640974,1.013570749457351,0.7799948585367984,-0.008583652639339356
29.8407039642334,30.107013702392578,30.786133766174316,-0.008583652639339356,42.63007030947487,0.09530217616218915,0.8048935638260843,1.1017955848673686,0.024975003392430972
30.585975646972656,30.236194610595703,30.751354353768484,0.024975003392430972,46.71140569558223,0.0952228722100523,0.8247679300565096,0.9540908961282166,-0.01169591153826488
30.22824478149414,30.28190460205078,30.63707937513079,-0.01169591153826488,38.58157461123702,0.09277481310214437,0.427289758329092,0.7642557504509638,0.010519357715581767
30.546226501464844,30.26004295349121,30.559712954929896,0.010519357715581767,42.398880991580675,0.09001296052424886,0.5664085288162184,0.7700073599741204,0.005530245981584692
30.71515464782715,30.383261108398436,30.475248745509557,0.005530245981584692,41.58416029746813,0.08448832782623648,0.6558394526327547,0.8501190732743923,0.00032353040350585616
30.7250919342041,30.560138702392578,30.417046546936035,0.00032353040350585616,43.898814284343246,0.0835610702097523,0.49684818658459307,0.5933705393069999,-0.005174626013351613
30.56610107421875,30.556163787841797,30.370200838361466,-0.005174626013351613,44.969512685759916,0.08364839449206327,1.0831292128415733,1.1974412354638717,-0.009752930340758192
30.26799201965332,30.564113235473634,30.397172655378068,-0.009752930340758192,53.442034780939615,0.08399914580695869,0.43722695514748366,0.7912503271291497,-0.00032824704796630133
30.258056640625,30.506479263305664,30.378008706229075,-0.00032824704796630133,47.239292701231896,0.07714518260432618,0.34779412484090244,0.6741638478530996,0.017405516512421615
30.784713745117188,30.520391082763673,30.37233039311,0.017405516512421615,49.212591433590276,0.0707863602123696,0.8148307375483199,0.8740041807614302,-0.011297606402356997
30.436920166015625,30.462756729125978,30.407819611685618,-0.011297606402356997,55.555569773701166,0.05765572221802362,0.9638848341686241,0.8018135912902922,-0.0003264252419143965
30.426984786987305,30.434933471679688,30.43834032331194,-0.0003264252419143965,54.83147434125082,0.047646523595242636,0.6558394763625088,1.0543586664207973,0.015349378088191035
30.894020080566406,30.560139083862303,30.45537499019078,0.015349378088191035,52.816886495030424,0.04349887937973237,0.6856510212336921,2.0508851968744937,-0.016725622761827208
30.37729835510254,30.583987426757812,30.475248881748744,-0.016725622761827208,53.317538024045916,0.040393256087949664,0.8843891810632556,0.9400642437494054,0.005560999677705958
30.546226501464844,30.536289978027344,30.525643348693848,0.005560999677705958,58.595639170777844,0.04043613249356178,0.536595059766114,0.6892284491831049,-0.0065061423588606004
30.347488403320312,30.518403625488283,30.50860854557582,-0.0065061423588606004,46.648033310564394,0.038310424871787624,0.407415364823251,0.7277700262814392,0.0016371873637719414
30.397172927856445,30.51244125366211,30.520674841744558,0.0016371873637719414,52.59939340541169,0.035406860530760975,0.3676666054109816,0.7193670567052416,0.012422324002958396
30.774776458740234,30.488592529296874,30.5369998386928,0.012422324002958396,53.453461589008505,0.03400253063618133,0.5862810206355249,0.9788114629499195,-0.004197560980749304
30.645597457885746,30.542252349853516,30.5320314679827,-0.004197560980749304,48.93619007390783,0.03395611020864043,0.4074153767645683,0.8266698472978136,0.007457839828036272
30.874147415161133,30.607836532592774,30.54267828805106,0.007457839828036272,52.1367745717592,0.03378950385475604,0.7154607389012746,0.9179210875944505,0.005149643740681054
31.033138275146484,30.744966506958008,30.576038088117325,0.005149643740681054,56.695179597559736,0.030199564890757705,0.4272897574278893,0.6354782200895585,0.02529621146552774
31.818159103393555,31.02916374206543,30.686764308384486,0.02529621146552774,69.50006862047888,0.04727134298576747,1.0235079717603597,1.1946285561664123,0.0615240645253452
33.77574157714844,31.62935676574707,30.93802751813616,0.0615240645253452,79.69803423708576,0.10132092530449928,1.2619948557243177,2.0410084105289243,0.017652258138256327
34.3719596862793,32.374629211425784,31.19425937107631,0.017652258138256327,79.93372006707575,0.14335384708244028,1.490544645908642,2.2422479370605943,0.008094754474355925
34.65019226074219,33.129838180541995,31.495207377842494,0.008094754474355925,85.57052469940946,0.17625753767715427,0.8347051241119701,1.1810098074334898,-0.03928874180642805
33.2888298034668,33.580976486206055,31.699624879019602,-0.03928874180642805,69.67215414552847,0.1846285822421473,1.828401549786605,1.2070839998522127,0.029552280436057288
34.27259063720703,34.07186279296875,31.940951347351074,0.029552280436057288,71.6837099437288,0.19993450035729685,1.6992199408537516,1.3557775507086554,-0.0008699568160381865
34.242774963378906,34.165269470214845,32.21705681937082,-0.0008699568160381865,76.46257401954706,0.20919133067745307,0.9141988132004926,0.8547775466312696,-0.0034821887903777604
34.12353515625,34.11558456420899,32.472578866141184,-0.0034821887903777604,74.65756234134965,0.21373842127943496,0.6061554216707492,0.6092353629670231,0.003494356800457954
34.242774963378906,34.03410110473633,32.75081362043108,0.003494356800457954,77.14681985402612,0.21944089562052033,2.7426002302521937,2.2266893134112564,0.01189790540629354
34.65019226074219,34.306373596191406,33.05460071563721,0.01189790540629354,78.23220223400624,0.22357694221760385,1.7588430754734716,1.5890577989513064,-0.05420131801738126
32.7721061706543,34.00627670288086,33.19726712363107,-0.05420131801738126,61.05611083730633,0.2163717788467667,1.7190980738616375,1.282997778527932,0.011825383531693712
33.15964889526367,33.789651489257814,33.37684222630092,0.011825383531693712,63.529412006221875,0.2119489199449876,0.6459041974656969,0.9299780877446961,-0.012586103380080704
32.7422981262207,33.513404083251956,33.510281562805176,-0.012586103380080704,59.85326075912387,0.20197086641993645,0.39747629760439906,0.571071141152912,-0.03793633071686464
31.50017547607422,32.964884185791014,33.54364136287144,-0.03793633071686464,52.21072399129658,0.19547645074393452,1.1328132477058475,1.1685394904469366,-0.018927453581447984
30.90395736694336,32.21563720703125,33.478341238839285,-0.018927453581447984,45.59386423727763,0.19060698891590214,1.0334432352472973,0.9184296318384019,0.008038599299099003
31.152381896972656,31.89169235229492,33.290958404541016,0.008038599299099003,34.86237643551402,0.18419437358259405,0.5365950597153031,0.7023869894542598,-0.01658690905795812
30.63566017150879,31.386894607543944,33.0240798677717,-0.01658690905795812,28.240729941374624,0.1854401459970583,0.6757119651169532,0.5973056771667918,-0.022705208951190103
29.94007110595703,30.82644920349121,32.6876426424299,-0.022705208951190103,23.841064653605372,0.19277954783218862,0.8943263632485596,0.8783580427617224,0.020245623110334288
30.546226501464844,30.635659408569335,32.49174240657261,0.020245623110334288,33.37349525757823,0.1955228531187154,0.5862810159738956,1.002957898740766,-0.054977265092394534
28.866878509521484,30.22824363708496,32.105620111737935,-0.054977265092394534,19.777770668714084,0.21844401152782725,1.808527072552618,1.7907971099098452,-0.2605851455985698
21.3445987701416,28.26668701171875,31.184321812220983,-0.2605851455985698,10.761792393437247,0.3844433201666352,1.5501658934722968,4.127244871512892,-0.06378027431128885
19.98323440551757,26.136201858520508,30.174300330025808,-0.06378027431128885,10.005621317416697,0.5181678015512503,1.0930644797076,1.9352552299799333,-0.01392339579095847
19.70499992370605,24.08918762207031,29.135887827192033,-0.01392339579095847,9.24793049867462,0.6211629076893536,0.8744520152537909,1.3923013217480515,-0.036285214684406486
18.989999771118164,21.777942276000974,28.017302649361746,-0.036285214684406486,6.845748898523269,0.7125290710404348,1.2999992370605469,1.2417234899937903,0.07898894250021771
20.489999771118164,20.10256652832031,27.140009335109166,0.07898894250021771,15.434359830740377,0.7726331589966418,1.7099990844726562,1.1957904906817503,-0.03806738386327191
19.709999084472656,19.775646591186522,26.179320062909806,-0.03806738386327191,12.966598413561726,0.8270602579233055,0.6499996185302805,0.9355019846866648,-0.01775740691925365
19.36000061035156,19.65099983215332,25.223441668919154,-0.01775740691925365,13.014871482047596,0.8740365137652464,0.9699993133544886,0.6635390293483283,0.05733464194259508
20.46999931335449,19.80399971008301,24.435571943010597,0.05733464194259508,19.29124287386084,0.8978886769240761,1.0100002288818395,0.9134229559337086,-0.026868551807997743
19.920000076293945,19.989999771118164,23.651003565107068,-0.026868551807997743,19.341017550625665,0.9150864870882888,0.7099990844726562,0.6914921353067394,0.03865464130595164
20.690000534057617,20.029999923706054,22.903690610613136,0.03865464130595164,21.623116274069744,0.9075418792555744,0.8299999237060547,1.0329162915442096,0.008699869527769355
20.8700008392334,20.262000274658202,22.20614351545061,0.008699869527769355,23.02001317799099,0.9033967037861071,0.48999977111817117,0.5993441259860394,0.031145164944523795
21.520000457763672,20.694000244140625,21.60470989772251,0.031145164944523795,26.67877911123142,0.8779896134214563,1.0200004577636683,0.8050087141955615,-0.024628284171541504
20.989999771118164,20.79800033569336,20.92212227412632,-0.024628284171541504,23.419817609416256,0.8460469428714776,0.4099998474121094,0.9940254278075972,0.020009532199798175
21.40999984741211,21.096000289916994,20.389488083975653,0.020009532199798175,27.69655579386655,0.8118322339714505,0.37000083923339844,0.6756357472346145,-0.06118633700507603
20.100000381469727,20.978000259399415,20.300588199070518,-0.06118633700507603,44.075934455138274,0.7790822823611868,1.3599987030029368,0.9471272644515936,0.02189057341825995
20.540000915527344,20.912000274658205,20.340357235499788,0.02189057341825995,52.904899197392595,0.7200428986159715,0.6700000762939418,0.8365101086016654,-0.019961136148285097
20.1299991607666,20.63400001525879,20.370714323861254,-0.019961136148285097,52.18733520527706,0.6474000624532659,0.6099987030029297,0.657301330597591,-0.00298059952527574
20.06999969482422,20.45,20.447857175554542,-0.00298059952527574,55.960264830952276,0.5579968921981061,0.42000007629394887,0.49375522677314604,-0.022919735499113525
19.61000061035156,20.09000015258789,20.385000092642645,-0.022919735499113525,44.513719951227024,0.3922439674992838,0.6000003814697195,0.5663837340185749,0.02651700837482629
20.1299991607666,20.095999908447265,20.41500009809221,0.02651700837482629,52.70618730909606,0.13606076783092683,0.8500003814697266,0.7470611896666127,0.09488334994485936
22.040000915527344,20.395999908447266,20.606428691319056,0.09488334994485936,64.37768451142814,0.14946005366473397,1.1200008392333984,2.2161527171789874,-0.08802179915931274
20.100000381469727,20.39000015258789,20.580000196184432,-0.08802179915931274,48.17734543713419,0.14894294611599637,1.7000007629394531,1.4666453315776828,-0.03333333649643222
19.43000030517578,20.262000274658202,20.545000212533132,-0.03333333649643222,47.61441256925745,0.1519033744890416,0.7699985504150391,1.106901832019279,-0.0015440394325423323
19.39999961853028,20.220000076293946,20.452857289995467,-0.0015440394325423323,43.231896304307924,0.14533010631981783,0.6599998474121165,0.8609518201782422,-0.026288672108771727
18.88999938964844,19.972000122070312,20.311428615025115,-0.026288672108771727,39.95942726165355,0.15921070918448096,0.850000381469723,1.2237147687644285,0.009528867707344402
19.06999969482422,19.37799987792969,20.136428560529442,0.009528867707344402,36.95420699214677,0.16643221816835302,0.5900001525878906,0.8550557970154681,-0.004719462717784784
18.979999542236328,19.153999710083006,19.992857115609308,-0.004719462717784784,38.77095179225719,0.17148610214399332,0.6000003814697195,0.7398261648664474,0.03477343853161896
19.63999938964844,19.195999526977538,19.86642851148333,0.03477343853161896,40.369967423573264,0.17325429350956353,1.1700000762939453,0.9536158166209623,-0.01425655743372678
19.36000061035156,19.187999725341797,19.813571384974892,-0.01425655743372678,45.46568865204941,0.1769588684038309,0.5,0.6904923976358952,0.015495827872037626
19.65999984741211,19.341999816894532,19.750714165823805,0.015495827872037626,44.51370936479587,0.17677872946542028,0.3099994659423828,0.6094383219977142,0.06358087536631096
20.90999984741211,19.70999984741211,19.806428500584197,0.06358087536631096,54.401810388421055,0.17713434375636802,1.3099994659423793,1.9238737965482557,0.026781418939689106
21.46999931335449,20.207999801635744,19.906428473336355,0.026781418939689106,57.478631477166296,0.1763321766959209,1.340000152587887,2.3324821498079045,-0.03260358071625147
20.770000457763672,20.43400001525879,19.989285605294363,-0.03260358071625147,56.041666832235165,0.17436298483119136,1.0200004577636754,1.382710145845717,0.017814103212812737
21.13999938964844,20.789999771118165,20.061428478785928,0.017814103212812737,55.34391720208676,0.17056714244556048,0.6599998474121094,1.1343441610493001,0.03311261982733149
21.84000015258789,21.22599983215332,20.04714271000454,0.03311261982733149,48.78640282287671,0.1870950337804152,2.7899990081787145,2.685616308685607,0.03296700129689234
22.559999465942383,21.555999755859375,20.222856930324014,0.03296700129689234,67.52136937916043,0.213932140945174,0.7899990081787109,1.799321768280292,0.011081560546019054
22.809999465942383,21.82399978637695,20.46428544180734,0.011081560546019054,75.60606756814946,0.23994126817268352,0.8199996948242152,1.074600045090772,0.032003571533393727
23.540000915527344,22.37799987792969,20.75999982016427,0.032003571533393727,78.35618363959347,0.2736779641677001,1.3299999237060547,1.0746044083398303,0.016142699489699153
23.920000076293945,22.93400001525879,21.119285583496094,0.016142699489699153,85.07673158483193,0.302767973291061,1.1700000762939453,0.858425808058228,-0.0004180697679740941
23.90999984741211,23.34799995422363,21.464999880109513,-0.0004180697679740941,84.57144850128634,0.32643675599590294,0.9599990844726562,0.7653048971883833,-0.018820609193276883
23.459999084472656,23.527999877929688,21.78499984741211,-0.018820609193276883,80.43479274937684,0.33949111168650775,0.8600006103515625,0.6217530489441515,-0.03282176387315694
22.690000534057617,23.504000091552733,22.002857072012766,-0.03282176387315694,70.41501326846469,0.3415316074998263,1.4599990844726491,0.8207712023419209,-0.013221733686558323
22.38999938964844,23.273999786376955,22.219285556248256,-0.013221733686558323,70.22696691245758,0.33367590858729657,0.7199993133544922,0.568414075440694,-0.005806126141598034
22.26000022888184,22.941999816894533,22.40499986921038,-0.005806126141598034,67.75957081515993,0.32246665671121244,1.0799999237060476,0.48091386820676624,0.014824794263833097
22.59000015258789,22.67799987792969,22.52499989100865,0.014824794263833097,63.125007078054125,0.30226649256336885,0.6100006103515625,0.49389136966063035,-0.009296192580912077
22.3799991607666,22.46199989318848,22.589999880109513,-0.009296192580912077,57.52066084436605,0.2796344206981791,0.6299991607666087,0.5467814015663921,0.042001812748299505
23.31999969482422,22.5879997253418,22.772142682756698,0.042001812748299505,70.27026125517473,0.25500769614235497,1.3700008392333984,0.5829507203107295,0.006003404437415538
23.459999084472656,22.801999664306642,22.937856946672714,0.006003404437415538,69.14190733561082,0.2374972627563533,0.4200000762939453,0.4508473722646118,-0.010230169671106903
23.21999931335449,22.993999481201172,23.0364283152989,-0.010230169671106903,62.32142023894306,0.2052556476129542,0.5700016021728516,0.4535298326750565,0.014642556530669149
23.559999465942383,23.18799934387207,23.10785688672747,0.014642556530669149,59.57854182134944,0.1726567288023946,0.8400001525878906,0.44064434629948745,-0.005093333387304666
23.440000534057617,23.399999618530273,23.152856963021414,-0.005093333387304666,56.18861541482396,0.15928788366155544,0.5,0.37980183226094927,-0.03327647904752351
22.65999984741211,23.26799964904785,23.089999743870326,-0.03327647904752351,41.43967730922801,0.15011920501789494,1.25,0.7933422469375414,-0.015445736267721055
22.309999465942383,23.0379997253418,22.974999700273788,-0.015445736267721055,34.24657125196708,0.12635941938499776,0.8000011444091797,0.7397287648500117,0.00582703143107155
22.440000534057617,22.881999969482422,22.869999749319895,0.00582703143107155,35.946473174771796,0.10599250488456483,0.4200000762939382,0.5393786783045541,0.014705878603042288
22.770000457763672,22.72400016784668,22.820714133126394,0.014705878603042288,43.248546533328955,0.09614202638616091,0.31999969482421875,0.5694110222715428,0.003074207001183993
22.84000015258789,22.604000091552734,22.831428391592844,0.003074207001183993,51.700675270348185,0.09472141206441834,0.6299991607666016,0.6309606700599975,-0.0192644715901088
22.39999961853028,22.552000045776367,22.832142693655832,-0.0192644715901088,50.109892597435135,0.0974135178402278,0.6499996185302734,0.8385696850281481,-0.018750003725290676
21.979999542236328,22.486000061035156,22.812142644609725,-0.018750003725290676,47.107432154179875,0.10222994548299194,0.8500003814697301,0.814120829992943,0.016378554042268956
22.34000015258789,22.46599998474121,22.79428550175258,0.016378554042268956,47.43326633464981,0.09563688508408212,0.4000015258789098,0.7578452061213421,0.015219344237493493
22.68000030517578,22.447999954223633,22.815714154924667,0.015219344237493493,53.00001029967868,0.0847189515091134,0.9300003051757812,1.2834792568548057,0.010582000347830522
22.920000076293945,22.463999938964843,22.787142753601074,0.010582000347830522,45.34884288286355,0.0800809126252738,0.7100009918212891,0.8158780397126179,-0.0008726203183720971
22.89999961853028,22.563999938964844,22.747142791748047,-0.0008726203183720971,43.30144534057342,0.08028810129983026,0.7299995422363317,1.6284496034296876,-0.026200890456968606
22.299999237060547,22.62799987792969,22.681428500584193,-0.026200890456968606,39.8678468694085,0.08102315800836807,0.6700000762939418,1.0023187174479136,-0.034977524931955495
21.520000457763672,22.463999938964843,22.535714285714285,-0.034977524931955495,29.518088209103567,0.09270057487104005,0.7800006866455114,2.0842483977243744,0.07806692701856766
23.200000762939453,22.568000030517577,22.51857144492013,0.07806692701856766,48.16514015652501,0.09447085730219773,1.6700000762939418,2.883945575618803,-0.029310357017834243
22.520000457763672,22.488000106811523,22.508571488516672,-0.029310357017834243,48.91304862907888,0.09374995768777049,1.0,1.3728613103643474,0.03552394408521198
23.31999969482422,22.572000122070314,22.58071436200823,0.03552394408521198,57.32946327108845,0.09374995768777049,1.1800003051757706,0.9593443154154625,0.07418523005471123
25.049999237060547,23.12200012207031,22.767142840794154,0.07418523005471123,65.3710175109886,0.12775100064689998,1.0700016021728516,1.789152992305725,0.047105802040505296
26.229999542236328,24.063999938964844,23.0142856325422,0.047105802040505296,68.5224787363305,0.18358552586193183,1.1899986267089844,1.4904962767075711,-0.001143682036614968
26.200000762939453,24.663999938964842,23.254285676138743,-0.001143682036614968,68.06452089244235,0.22066208099782011,0.6000003814697301,1.096007805764495,-0.043893186732483325
25.049999237060547,25.16999969482422,23.44357136317662,-0.043893186732483325,63.23676102865725,0.23221451700423273,1.4600009918212926,1.1141154361550747,-0.035528918832528955
24.15999984741211,25.337999725341795,23.599285670689174,-0.035528918832528955,60.400765269072664,0.23338484071784982,1.0699996948242152,0.8727997775982734,0.03145696331464354
24.920000076293945,25.311999893188478,23.78357137952532,0.03145696331464354,61.856618211008524,0.2371057251531441,1.1199989318847692,0.8145080449497828,0.004414149679566215
25.030000686645508,25.072000122070314,23.9514285496303,0.004414149679566215,61.03286603588645,0.24049086451214563,0.6800003051757777,0.6866427743758073,-0.027167410568174177
24.350000381469727,24.702000045776366,24.053571428571427,-0.027167410568174177,56.44725106176886,0.23972556151956076,0.5900001525878906,0.7602194728146721,0.020123193570504183
24.84000015258789,24.660000228881835,24.19214289528983,0.020123193570504183,58.3910061577994,0.2411455164998653,0.8600006103515625,0.8109771764964621,-0.02576487060052457
24.200000762939453,24.668000411987304,24.327857289995467,-0.02576487060052457,58.189662826756816,0.235268994842272,0.4400005340576172,0.8265671162559208,-0.007851261490395722
24.01000022888184,24.486000442504885,24.505714416503906,-0.007851261490395722,61.307900632855166,0.22325178717497612,0.6599998474121094,0.6759817553680458,0.017909217037762826
24.440000534057617,24.368000411987303,24.594285828726633,0.017909217037762826,56.352457694871525,0.21454529897229688,0.9400005340576207,0.7839508804787007,0.0024549699112637047
24.5,24.39800033569336,24.7357143674578,0.0024549699112637047,60.83150806595671,0.20812842577826543,0.5400009155273402,0.4995710458021498,0.015102075070750898
24.8700008392334,24.40400047302246,24.846428734915598,0.015102075070750898,58.89782415561511,0.2040563836349393,0.8099994659423793,1.197588642565358,-0.0329715148573404
24.049999237060547,24.37400016784668,24.775000163487025,-0.0329715148573404,43.58974609776185,0.19753723515169147,1.1800003051757812,0.9232228878472831,-0.016632001298107157
23.64999961853028,24.302000045776367,24.59071445465088,-0.016632001298107157,31.623938358425477,0.18388485613360422,0.8700008392333984,0.7146057728660301,0.01691330338191044
24.049999237060547,24.223999786376954,24.4371429170881,0.01691330338191044,35.45331127451608,0.14885903692218153,0.6800003051757812,0.5102538351462955,-0.0049895607356131855
23.93000030517578,24.10999984741211,24.357142993382045,-0.0049895607356131855,41.194977795585,0.1423904929832232,2.039999008178711,2.1312977008429153,-0.06101132357718819
22.46999931335449,23.629999542236327,24.236428669520787,-0.06101132357718819,37.80663784635357,0.143375953266506,1.3099994659423828,1.8851084069854638,-0.02269694011867307
21.959999084472656,23.21199951171875,24.025000027247838,-0.02269694011867307,27.84431129175708,0.16603283375493857,0.7300014495849609,1.3848823265557264,-0.052823310372190124
20.799999237060547,22.641999435424804,23.722857066563197,-0.052823310372190124,22.639064318596667,0.21160904113164744,1.5300006866455078,2.1502640927265593,0.0057692713286059405
20.920000076293945,22.015999603271485,23.477857044764928,0.0057692713286059405,26.080897097372585,0.23074951107581515,0.3899993896484375,1.020261198433529,-0.00525815535135743
20.809999465942383,21.391999435424804,23.18999985286168,-0.00525815535135743,20.32401317221712,0.24292804016449415,0.3299999237060547,0.8984226473703968,-0.031234965651684043
20.15999984741211,20.929999542236327,22.901428358895437,-0.031234965651684043,20.294124246878027,0.2722733642328734,0.9000015258789027,1.1675305283221964,-0.001984077801659545
20.1200008392334,20.561999893188478,22.623571259634836,-0.001984077801659545,20.75189099949624,0.30025236455441723,0.37999916076660156,0.9676536156370986,0.03280317196235538
20.780000686645508,20.55800018310547,22.362142699105398,0.03280317196235538,23.401168029071485,0.3083575290980678,0.9799995422363352,0.9872548254708314,-0.021174230968162955
20.34000015258789,20.44200019836426,22.06499985286168,-0.021174230968162955,21.34987174003733,0.3162634226252646,0.5499992370605469,0.6976030824925795,0.024090450710041678
20.82999992370605,20.44600028991699,21.776428358895437,0.024090450710041678,22.628724045976824,0.32026457496122024,1.1000003814697266,0.9237539445359029,-0.018722966446321765
20.440000534057617,20.502000427246095,21.518571308680944,-0.018722966446321765,24.02878203282772,0.31964841442689096,0.4799995422363281,0.6508657945112964,-0.05577305612578498
19.299999237060547,20.338000106811524,21.20785699571882,-0.05577305612578498,21.716514438429627,0.33582991480737395,1.3700008392333949,1.065150816269989,-0.01243522179303036
19.059999465942383,19.993999862670897,20.85142844063895,-0.01243522179303036,16.86587439515141,0.3512994238423178,0.6599998474121094,0.8457390531764954,0.0241343654097812
19.520000457763672,19.829999923706055,20.536428451538086,0.0241343654097812,21.98222167503441,0.3495397209410521,0.860000610351559,1.288033396277954,0.03483608039083452
20.200000762939453,19.704000091552736,20.37428569793701,0.03483608039083452,33.99155225044207,0.3339792814379264,0.7099990844726562,0.680126601571395,0.009900933071139262
20.39999961853028,19.695999908447266,20.26285716465541,0.009900933071139262,38.4955803248288,0.3025627652755915,0.4400005340576243,0.36355688906788547,0.0019608292291830587
20.440000534057617,19.92400016784668,20.237142971583776,0.0019608292291830587,46.8198004293892,0.27810295532618307,0.5900001525878942,0.4936923089217717,-0.006849378343400603
20.299999237060547,20.172000122070312,20.19285719735282,-0.006849378343400603,44.54224825946109,0.2548606975617634,0.5200004577636683,0.6000794290064088,-0.02364529853577635
19.81999969482422,20.231999969482423,20.122142927987234,-0.02364529853577635,41.81818525742738,0.21498368319209227,0.3800010681152308,0.7307279678832308,0.011604417042266224
20.049999237060547,20.20199966430664,20.114285741533553,0.011604417042266224,49.02308535095547,0.15588999487334837,0.520000457763679,0.6512416054005026,0.008478807120336995
20.21999931335449,20.165999603271484,20.12142848968506,0.008478807120336995,50.86804198814528,0.12536270073598144,0.43000030517578125,0.6453832034429888,0.016815042736590957
20.559999465942383,20.189999389648438,20.105714116777694,0.016815042736590957,47.97793086425293,0.10119463841618154,0.6100006103515625,0.7081497381803851,-0.03356024536148294
19.8700008392334,20.10399971008301,20.07214273725237,-0.03356024536148294,45.86995369735642,0.0994269624125258,1.1999988555908203,1.2823639194835432,0.007045766670125797
20.01000022888184,20.141999816894533,20.013571330479213,0.007045766670125797,42.32210045512058,0.09419044142335788,0.4400005340576101,0.9630423764638354,-0.006496804928947442
19.8799991607666,20.107999801635742,19.973571232387,-0.006496804928947442,44.48817744643657,0.09006968562001516,0.4100017547607422,0.7596824937619788,-0.03672030045539354
19.14999961853028,19.893999862670903,19.962856973920548,-0.03672030045539354,48.39400839315078,0.09995199728682468,0.75,1.1470559965146174,0.0026110258697231714
19.200000762939453,19.622000122070315,19.972857066563197,0.0026110258697231714,51.56251396983409,0.107291402705713,0.5200004577636719,0.8322244589962045,0.0
19.200000762939453,19.488000106811526,19.949999945504324,0.0,46.019904746450756,0.10737417401473626,0.7000007629394531,0.794311451293238,0.027083256757924445
19.71999931335449,19.429999923706056,19.91571412767683,0.027083256757924445,43.782362553495894,0.10623502713279172,0.6000003814697266,0.947648663793673,-0.0025354583570742495
19.670000076293945,19.388000106811525,19.863571303231375,-0.0025354583570742495,40.161728808888604,0.09754469901887676,0.5500011444091726,0.7745085177548067,0.09252667451779328
21.489999771118164,19.8560001373291,19.938571248735702,0.09252667451779328,59.56283830263279,0.119678971299093,0.8299999237060547,2.6133310352632884,0.013029348051544432
21.770000457763672,20.370000076293945,20.04357133592878,0.013029348051544432,63.05507937690992,0.14163990443534114,0.6599998474121094,1.499021749489385,0.004134136458219029
21.86000061035156,20.902000045776365,20.189285687037877,0.004134136458219029,69.46566552662503,0.1549170308099109,0.720001220703125,0.9555423008076237,-0.013266281218217935
21.56999969482422,21.272000122070313,20.29785714830671,-0.013266281218217935,64.33962902423634,0.1628108664464862,0.39999961853027344,0.9117713429911528,-0.03430689761649519
20.82999992370605,21.504000091552733,20.34142862047468,-0.03430689761649519,55.19591755833337,0.1643715319484167,0.6599998474121094,1.0764612606124035,-0.025924100343569845
20.290000915527344,21.26400032043457,20.32214300973075,-0.025924100343569845,47.77595841161477,0.16435143352764267,0.9200000762939418,1.3003592622832478,-0.02414990913538173
19.799999237060547,20.870000076293945,20.31714289528983,-0.02414990913538173,49.403734308647955,0.16587401799322252,0.6000003814697266,1.113062627190111,-0.002525214090259187
19.75,20.447999954223633,20.2985714503697,-0.002525214090259187,47.75086333914663,0.16761957698752147,0.42000007629394176,1.2746571515464429,0.013164568550979139
20.01000022888184,20.136000061035155,20.307857240949357,0.013164568550979139,51.09983986016653,0.16678135128529245,0.6700000762939453,1.5387654240901496,-0.02898550310203918
19.43000030517578,19.8560001373291,20.327857289995467,-0.02898550310203918,52.430561419438135,0.17074056030997653,0.9500007629394496,1.5895655524369465,-0.0025733990542378127
19.3799991607666,19.673999786376953,20.340714318411692,-0.0025733990542378127,51.56248603016193,0.1750435385200318,0.9699993133544922,1.0307463790531248,-0.004643872504465962
19.290000915527344,19.572000122070314,20.347142900739396,-0.004643872504465962,50.76923227404271,0.17880909593856517,0.5100002288818359,0.7168518529315578,0.01866245131762323
19.64999961853028,19.55200004577637,20.34214292253767,0.01866245131762323,49.38488829772623,0.17978418865819806,0.8600006103515625,0.885443578961788,-0.013740481577875663
19.3799991607666,19.425999832153323,20.321428571428573,-0.013740481577875663,47.54652349395297,0.18287450634124788,0.4800014495849645,0.6172839589818876,-0.014447822054797221
19.100000381469727,19.359999847412112,20.150714329310826,-0.014447822054797221,22.654462542195276,0.18813877926116826,0.32999992370605113,0.7841884262239206,0.035078537325264225
19.770000457763672,19.438000106811526,20.007857186453684,0.035078537325264225,28.991589230689158,0.18377981796885642,0.8400001525878871,0.9812238078079596,0.06069796802253369
20.96999931335449,19.773999786376955,19.944285665239608,0.06069796802253369,42.41906517774259,0.18262596508985068,2.0199985504150426,1.900815441762205,0.07200764322010311
22.479999542236328,20.339999771118165,20.00928565434047,0.07200764322010311,56.41749166038952,0.20249617319320953,1.6299991607666016,1.9089715012131263,0.07339856103778764
24.1299991607666,21.289999771118165,20.244999885559082,0.07339856103778764,70.6250050663972,0.25813576431965773,2.0399990081787074,2.6227089057778348,-0.02196430989349596
23.600000381469727,22.189999771118163,20.481428418840682,-0.02196430989349596,70.71339888027353,0.2843790307895777,2.3299999237060582,2.2123083534939654,0.16059317571683396
27.38999938964844,23.713999557495118,21.023571286882675,0.16059317571683396,83.61383820267841,0.3984648773679337,3.059999465942383,2.585201222016225,-0.06097116150083226
25.71999931335449,24.663999557495117,21.449999809265137,-0.06097116150083226,73.12161901617102,0.44113058265711474,0.8700008392333949,1.3470654182829445,0.014385725082087797
26.09000015258789,25.38599967956543,21.884285518101283,0.014385725082087797,73.34870346386072,0.48152475011659496,1.6400012969970703,1.239346530634599,-0.046761184600203176
24.8700008392334,25.53400001525879,22.272856984819686,-0.046761184600203176,69.91216278766798,0.4986641808240492,1.4500007629394531,0.9322693372297418,-0.02412546687667183
24.270000457763672,25.66800003051758,22.622142791748047,-0.02412546687667183,67.20620542275171,0.5053298875905595,1.1799983978271484,0.7550635914211058,-0.05274003553782591
22.989999771118164,24.788000106811523,22.886428424290248,-0.05274003553782591,62.01298657065185,0.5003623624591613,1.510000228881836,0.7330293095031561,0.023053531619053658
23.520000457763672,24.34800033569336,23.162857055664062,0.023053531619053658,62.42775012577842,0.4917756665896373,0.6100006103515625,0.5576118192776632,-0.018282325544506706
23.09000015258789,23.74800033569336,23.42785712650844,-0.018282325544506706,61.79275762760715,0.4792457357068605,1.3299999237060618,0.8053359319936755,0.02771760006145807
23.729999542236328,23.520000076293947,23.75857135227748,0.02771760006145807,64.3878174820079,0.4689568729649995,1.8000011444091761,0.8582859839216337,-0.04171933376383308
22.739999771118164,23.213999938964843,23.970714160374232,-0.04171933376383308,59.04935919005667,0.44833458507256185,2.520000457763672,1.153481111114058,-0.06200527095883879
21.32999992370605,22.88199996948242,23.99642848968506,-0.06200527095883879,51.083034396773975,0.42967218876944907,1.869998931884762,1.2051751299733842,-0.024378830737160184
20.809999465942383,22.339999771118165,23.877142769949778,-0.024378830737160184,44.65770900203926,0.41243488133153805,1.1800003051757777,0.979137340776265,-0.002883203627207065
20.75,21.871999740600586,23.635714258466447,-0.002883203627207065,37.96296510135916,0.40001971327406294,1.1299991607666016,0.733861900476564,-0.005301234233810015
20.63999938964844,21.253999710083008,23.424285616193497,-0.005301234233810015,39.13362404760363,0.38414929756453847,1.0900001525878942,0.6087295627517519,-0.03439918146648513
19.93000030517578,20.69199981689453,22.891428538731166,-0.03439918146648513,14.611013109672925,0.3714733696280516,0.860000610351559,0.6155411713806371,-0.007526322941967978
19.780000686645508,20.381999969482422,22.46714292253767,-0.007526322941967978,17.073180015216536,0.3713288654991482,0.7699985504150391,0.5991433382708824,0.04550048469603496
20.68000030517578,20.3560001373291,22.08071436200823,0.04550048469603496,21.675391206223352,0.37419173724834687,0.9600009918212891,0.9621968740272815,0.14603483622811297
23.700000762939453,20.94600028991699,21.997142927987234,0.14603483622811297,44.845814815107346,0.37388840006509366,1.4000015258789062,1.7658592487623122,0.014767867630974818
24.049999237060547,21.628000259399414,21.98142855507987,0.014767867630974818,49.00900337411738,0.3735767874828116,0.8500003814697266,0.8912228935484274,0.06819132428369734
25.690000534057617,22.780000305175783,22.174285752432688,0.06819132428369734,61.780108981848564,0.38590411575292777,1.779998779296882,1.2586684718245518,0.008952881956207692
25.920000076293945,24.00800018310547,22.34571429661342,0.008952881956207692,60.75268844770335,0.36473687930716725,1.0200004577636683,1.1031247839097689,-0.06944441480564656
24.1200008392334,24.69600028991699,22.419285774230957,-0.06944441480564656,54.110139440463236,0.3521343196820039,1.1999988555908203,1.1358755142258785,-0.006633571691278095
23.959999084472656,24.747999954223634,22.435714312962123,-0.006633571691278095,50.954355007463185,0.33227213249298887,0.5799999237060547,0.5969472540552738,0.012520916355276412
24.26000022888184,24.790000152587893,22.544285774230957,0.012520916355276412,56.690142500426475,0.327471755415982,1.210000991821289,0.8211561261752716,-0.0016488423392398976
24.21999931335449,24.495999908447267,22.75071430206299,-0.0016488423392398976,64.46445897941017,0.32714915486906976,0.8600006103515625,0.6094286772453161,-0.0008257040042114472
24.200000762939453,24.15200004577637,22.992857251848495,-0.0008257040042114472,67.86091348133742,0.3308498198942109,0.639999389648441,0.46347959523273474,-0.0322314323163172
23.420000076293945,24.011999893188477,23.183571543012345,-0.0322314323163172,63.07541536201977,0.33062163153882634,1.1700000762939453,0.5348339358639214,0.008539742198459432
23.6200008392334,23.944000244140625,23.39642878941127,0.008539742198459432,64.46602484700932,0.3315034744146635,0.8999996185302805,0.5284039336938685,-0.03852674523403099
22.709999084472656,23.63400001525879,23.59500013078962,-0.03852674523403099,63.23808461576747,0.3304131866768845,1.0200004577636683,0.54573875503665,0.0
22.709999084472656,23.33199996948242,23.804285730634415,0.0,64.15457589337132,0.33044968630056315,1.0,0.6380832534259222,-0.029062081638892123
22.049999237060547,22.90199966430664,23.902142797197616,-0.029062081638892123,56.77546158382689,0.32584978854413943,0.9600009918212891,0.6486117607988222,-0.0031745894442738454
21.979999542236328,22.613999557495116,23.77928556714739,-0.0031745894442738454,37.98882443450872,0.3162716389560574,0.6799983978271484,0.6175123592824734,0.020473192552836084
22.43000030517578,22.375999450683594,23.66357135772705,0.020473192552836084,38.84299170803194,0.3032573447032909,3.0399990081787216,2.366450168426839,-0.1150245157647507
19.850000381469727,21.80399971008301,23.24642848968506,-0.1150245157647507,14.390262851103174,0.3149471368205667,2.5,1.6300237828435593,-0.014105827771514479
19.56999969482422,21.17599983215332,22.792857033865793,-0.014105827771514479,11.515175895568944,0.3209955203956349,2.1100006103515625,1.2911964099442037,-0.07358204172269156
18.1299991607666,20.391999816894533,22.364999771118164,-0.07358204172269156,12.04058080043788,0.353242744425261,2.7199993133544957,1.4319678457866407,0.18753456609289443
21.530000686645508,20.302000045776367,22.191428456987655,0.18753456609289443,39.0835718088903,0.34563255045032176,3.75,1.8792954219190428,-0.076637318776416
19.8799991607666,19.79199981689453,21.878571237836564,-0.076637318776416,32.4519288816127,0.3663386458129075,1.6599998474121094,1.1363202854128154,-0.007042223116625057
19.739999771118164,19.769999694824218,21.55857127053397,-0.007042223116625057,32.19396847508911,0.3834061734464477,1.6199989318847656,1.1249863182631072,0.028875364814248572
20.309999465942383,19.91799964904785,21.28071403503418,0.028875364814248572,35.18659830430548,0.37274208243761037,1.0699996948242188,0.9167836685759658,-0.02264889692606953
19.850000381469727,20.261999893188477,21.02571405683245,-0.02264889692606953,36.06558060502683,0.3544940689102282,0.6599998474121058,0.5942303250242815,-0.031234298605463895
19.229999542236328,19.801999664306642,20.712142535618373,-0.031234298605463895,33.40892082314963,0.3616477637465969,0.7100009918212926,0.8480780238189678,-0.015600584721889077
18.93000030517578,19.611999893188475,20.442142622811453,-0.015600584721889077,35.023779886574744,0.36869778846708184,0.5400009155273438,0.8054613985737377,-0.0047543661456403985
18.84000015258789,19.431999969482423,20.16571412767683,-0.0047543661456403985,34.775774787047794,0.36640645940940936,0.7399997711181641,0.6879968470489018,0.03556263645793645
19.51000022888184,19.272000122070313,19.984285627092635,0.03556263645793645,40.015729624400876,0.34983740535381036,0.6999988555908203,0.7867851622437197,0.05535622301568521
20.59000015258789,19.420000076293945,19.88499995640346,0.05535622301568521,44.938095230157046,0.32011420763644244,0.720001220703125,0.8979816039065135,0.04371052024577837
21.489999771118164,19.87200012207031,19.81785706111363,0.04371052024577837,46.685471130507416,0.30003261044733937,0.6700000762939453,1.0537960592292386,-0.06700793622124324
20.049999237060547,20.095999908447265,19.832142693655832,-0.06700793622124324,50.76686661156224,0.27069217060974754,0.8400001525878906,1.277684544056685,0.02294269373192903
20.51000022888184,20.429999923706056,19.899285588945663,0.02294269373192903,53.555220543265285,0.25174735764351863,1.0300006866455043,0.8221851566513895,-0.008288643315301214
20.34000015258789,20.595999908447265,20.05714280264718,-0.008288643315301214,59.24686400830741,0.22843626905453607,0.6300010681152379,0.5948444279398398,-0.011799398688186802
20.100000381469727,20.497999954223634,19.954999923706055,-0.011799398688186802,41.86575565282527,0.21340146103405963,0.6300010681152344,0.5790689254921645,-0.005970190893330951
19.979999542236328,20.195999908447266,19.96214280809675,-0.005970190893330951,50.68870783964926,0.19636264164128184,0.7099990844726634,0.6120514388740732,0.03203209768069071
20.6200008392334,20.310000228881837,20.025000027247838,0.03203209768069071,55.670108414059705,0.16496704336204876,0.5700016021728516,0.5772984718875659,-0.01697382964232408
20.270000457763672,20.262000274658202,20.022142955235072,-0.01697382964232408,49.734754686978654,0.1653146186554381,0.3400001525878871,0.42903902803267707,-0.01628021293801507
19.940000534057617,20.182000350952148,20.02857153756278,-0.01628021293801507,50.607288178871634,0.16408312691520996,0.35000038146972656,0.5208649694086657,0.018555612937562582
20.309999465942383,20.22400016784668,20.105714389256068,0.018555612937562582,57.5418970602064,0.13828128484897503,0.5500011444091797,0.6531317483500695,0.03397343930090546
21.0,20.428000259399415,20.25357151031494,0.03397343930090546,63.70860170938788,0.12870339716275148,0.600000381469723,0.835358870225211,0.020000003633044994
21.420000076293945,20.588000106811524,20.437857219151088,0.020000003633044994,66.37055171006568,0.14095417458345136,0.620000839233402,0.6320277909292707,0.03548086956932117
22.18000030517578,20.970000076293946,20.62857151031494,0.03548086956932117,66.75030758078645,0.16463126453845808,0.7900009155273438,1.179044655278345,0.017132513775391045
22.559999465942383,21.493999862670897,20.76928574698312,0.017132513775391045,63.54882168132595,0.19204988032676826,0.5799999237060547,0.9732742313469038,-0.04609924790772901
21.520000457763672,21.736000061035156,20.771428653172084,-0.04609924790772901,50.20243373509482,0.19572866130236985,1.0,1.1400065822656238,0.0013939952908343933
21.549999237060547,21.845999908447265,20.87857151031494,0.0013939952908343933,62.499999999999986,0.19134086604429118,0.4399986267089844,0.8422531786122706,0.005104436855960071
21.65999984741211,21.8939998626709,20.96071434020996,0.005104436855960071,60.1769884617215,0.17969196278236724,0.4099998474121129,0.7180255292074812,-0.01292708627045358
21.3799991607666,21.73399963378906,21.034999983651296,-0.01292708627045358,59.02776880948667,0.15889970731250241,0.5100002288818359,0.831556376314283,-0.0051449348606515954
21.270000457763672,21.47599983215332,21.118571417672293,-0.0051449348606515954,60.390765992002684,0.14709177971569015,0.28999900817871094,0.6418706888131426,-0.02726844904671133
20.690000534057617,21.309999847412108,21.169285774230957,-0.02726844904671133,55.82923806567859,0.14666507942280907,1.039999008178711,0.8518804363414564,-0.006766616403253156
20.549999237060547,21.10999984741211,21.16428565979004,-0.006766616403253156,49.373867404766465,0.14573769819466625,0.38999938964844105,0.7921475579034756,-0.024330901146618178
20.049999237060547,20.7879997253418,21.148571286882675,-0.024330901146618178,48.083612346863774,0.14573769819466625,0.3299999237060547,1.02079756371482,0.024937656809272957
20.549999237060547,20.621999740600586,21.192142622811453,0.024937656809272957,55.16073532672313,0.1455298905720577,0.48999977111816406,1.0617794031178196,-0.008759046448164054
20.3700008392334,20.44199981689453,21.196428435189382,-0.008759046448164054,50.52448776662046,0.14530353721281725,0.3099994659423899,0.7173020796181734,-0.005891057157065616
20.25,20.35399971008301,21.142857006617955,-0.005891057157065616,42.71844336579408,0.14379709818668188,0.5,1.034359079013017,-0.03456793891059029
19.549999237060547,20.153999710083006,21.009285518101283,-0.03456793891059029,32.780834337062686,0.1503226124242664,0.9500007629394567,1.7249789569801657,0.009718697773523965
19.739999771118164,20.091999816894532,20.834999765668595,0.009718697773523965,24.897107147889017,0.15818149334694775,0.4499988555908203,1.0211334791454372,0.027862267010453134
20.290000915527344,20.04000015258789,20.67285701206752,0.027862267010453134,27.43540516364328,0.158036320457852,1.0100002288818288,1.1773808230283218,-0.0019714595230369003
20.25,20.01599998474121,20.582142693655832,-0.0019714595230369003,34.24318064141774,0.15502619344869745,0.4899997711181605,1.0272217035181512,-0.012839517475646267
19.989999771118164,19.963999938964843,20.470714160374232,-0.012839517475646267,31.690164492992736,0.1579157043901978,0.6999988555908203,1.0372930548575656,0.0035017356491096052
20.059999465942383,20.06599998474121,20.356428418840682,0.0035017356491096052,31.04266356067376,0.161563867875012,0.4099998474121094,1.0042764962111468,0.02093719279539452
20.479999542236328,20.213999938964843,20.292142731802805,0.02093719279539452,39.67890941717847,0.1598783275537274,0.7399997711181676,1.2932344015979245,0.07812502037268154
22.07999992370605,20.571999740600585,20.349999836512975,0.07812502037268154,56.92306739261062,0.15821196170920845,2.1599998474121094,2.2657142906225194,-0.06340578004382913
20.68000030517578,20.657999801635743,20.349285534449987,-0.06340578004382913,49.925035809234366,0.13560869692585795,1.4500007629394496,1.854011608626586,0.004352038262076974
20.770000457763672,20.813999938964844,20.36499990735735,0.004352038262076974,51.661639950351336,0.13008869758545963,0.5699996948242188,0.9958605543761628,-0.03033226067550432
20.13999938964844,20.829999923706055,20.37142848968506,-0.03033226067550432,50.66666742018672,0.12458361959177909,0.5,1.1019194987904843,0.029791479625272954
20.739999771118164,20.881999969482422,20.38499995640346,0.029791479625272954,51.38686436253524,0.11432898697502313,0.6300010681152344,1.0696611307086292,0.0028929347446733367
20.799999237060547,20.62599983215332,20.41571412767683,0.0028929347446733367,53.19463641513964,0.10809378822641143,0.8599987030029297,1.0638807817278724,0.03317310381570615
21.489999771118164,20.7879997253418,20.504285539899552,0.03317310381570615,58.49314334760361,0.11169370522887465,0.9400005340576172,1.114237145413586,-0.01907863433126411
21.07999992370605,20.849999618530273,20.613571303231375,-0.01907863433126411,60.91298005774283,0.11435055455035542,1.0100002288818395,1.5155120709871992,0.005218245291730872
21.190000534057617,21.059999847412108,20.717142786298478,0.005218245291730872,60.461759746876005,0.11812013254894657,0.850000381469723,0.911806115641139,0.06418115472989605
22.549999237060547,21.421999740600587,20.878571237836564,0.06418115472989605,64.59946919534056,0.14419733011869765,1.360000610351566,1.4101780782673403,-0.015520997160207273
22.200000762939453,21.702000045776366,21.017857006617955,-0.015520997160207273,62.11180712888798,0.15821203533137987,0.6400012969970703,0.7045515860003783,0.013513478682458668
22.5,21.904000091552735,21.19714273725237,0.013513478682458668,65.51298376584262,0.17354330582742616,0.4100017547607422,0.6793111109583131,0.008444468180338616
22.690000534057617,22.226000213623045,21.38499995640346,0.008444468180338616,66.01706066623859,0.1872817647697902,0.9599990844726562,1.0106342411500588,-0.012781000824219735
22.39999961853028,22.46800003051758,21.522142818995885,-0.012781000824219735,61.881188703113935,0.18427861673657092,0.6999988555908168,0.8319376871093433,0.02008932011620157
22.850000381469727,22.528000259399413,21.57714285169329,0.02008932011620157,55.555558613674165,0.18642089152976676,0.8799991607666016,0.8483067065650356,-0.04245081857809285
21.8799991607666,22.463999938964843,21.662857055664062,-0.04245081857809285,59.23075771896431,0.1822712235559833,1.25,1.4380967751884972,0.02787937082947267
22.489999771118164,22.461999893188477,21.785714149475098,0.02787937082947267,62.250703232683165,0.1807082874760372,0.6399993896484375,0.6397074762517383,-0.021787451138502223
22.0,22.32399978637695,21.91857133592878,-0.021787451138502223,63.51744419758576,0.16925712742173682,0.5299987792968821,0.8404974566490239,0.07227273420854052
23.59000015258789,22.561999893188478,22.122142791748047,0.07227273420854052,68.10673492728205,0.17461883676578857,1.6600017547607422,1.2134358748082905,-0.006358610324714964
23.440000534057617,22.679999923706056,22.310714312962123,-0.006358610324714964,66.58292065358793,0.1780600614092105,0.40000152587890625,0.7213335609501891,0.01621156792272571
23.81999969482422,23.068000030517577,22.477142878941127,0.01621156792272571,65.22875843066839,0.19416990228741302,0.5600013732910156,0.5964387342933811,-0.0163727705560458
23.43000030517578,23.256000137329103,22.645000049046107,-0.0163727705560458,65.39974207044096,0.19348331207570868,0.5,0.5695933476235773,-0.005548487683396108
23.299999237060547,23.51599998474121,22.795714242117747,-0.005548487683396108,63.7908418837824,0.18942920097066362,0.520000457763679,0.5684197044729368,-0.016308977390959822
22.920000076293945,23.381999969482422,22.82214287349156,-0.016308977390959822,52.77361945278255,0.1680688605396877,0.8800010681152273,0.7859003676168538,-0.01003488400832142
22.690000534057617,23.231999969482423,22.857142857142858,-0.01003488400832142,53.740455614549084,0.15308824991169453,0.8799991607666016,0.7116917936232955,0.004847893363326472
22.799999237060547,23.027999877929688,22.878571374075754,0.004847893363326472,52.35848434174886,0.13599870494081037,0.45999908447265625,0.6111410730510597,0.013157945370521729
23.100000381469727,22.961999893188477,22.90785707746233,0.013157945370521729,53.16846808390211,0.1293110179118399,0.6900005340576101,0.7609488891925603,0.006926400206489269
23.26000022888184,22.954000091552736,22.969285692487443,0.006926400206489269,56.78233903512226,0.11313630559887039,0.6700000762939418,0.8164975462565631,-0.0008598648996933633
23.239999771118164,23.018000030517577,22.997142791748047,-0.0008598648996933633,53.299487307256115,0.093691527188552,0.4600009918212926,0.7279378511146446,0.010757315080127006
23.489999771118164,23.177999877929686,23.11214283534459,0.010757315080127006,65.5106072867352,0.09571613905248773,0.7000007629394531,0.9669829443121108,-0.03661135030784313
22.6299991607666,23.1439998626709,23.122142791748047,-0.03661135030784313,51.28675942086711,0.09195176458019452,0.9799995422363246,1.7735279219505955,-0.08528495224927657
20.700000762939453,22.663999938964842,23.02928570338658,-0.08528495224927657,40.55232735438442,0.126367875445328,0.6899986267089879,2.9350745781569145,-0.0009662056534548435
20.68000030517578,22.147999954223632,22.821428571428573,-0.0009662056534548435,22.59885889492986,0.15270651178767133,0.6400012969970632,1.0370693867512584,-0.013056114786231254
20.40999984741211,21.58199996948242,22.604999950953893,-0.013056114786231254,22.09943295878338,0.17861197318592145,0.5100002288818359,1.1973209051934373,-0.0034296764011536585
20.34000015258789,20.952000045776366,22.35642855507987,-0.0034296764011536585,16.01562238065476,0.2010474229451689,0.5400009155273473,0.8061684646642521,-0.026548717378384046
19.799999237060547,20.386000061035155,22.09714276450021,-0.026548717378384046,15.559765153648371,0.2282313594030992,0.5699996948242188,1.1158583721438846,-0.02474746414136264
19.309999465942383,20.107999801635742,21.812142780848912,-0.02474746414136264,14.564828011671807,0.26130081467980304,0.5799999237060582,1.0482147824701744,0.009839489348134167
19.5,19.871999740600586,21.56785706111363,0.009839489348134167,18.566178855289436,0.28530282996829187,0.23999977111816406,0.845084637027512,0.03538464277218556
20.190000534057617,19.827999877929688,21.3892856325422,0.03538464277218556,28.813564801344867,0.2905442038328286,0.8600006103515625,1.2041832223272118,0.010896449110211037
20.40999984741211,19.841999816894532,21.218571390424454,0.010896449110211037,30.116484691073126,0.2916765239215126,0.6099987030029297,0.8314154975837842,-0.03135714818388824
19.770000457763672,19.836000061035158,20.98071425301688,-0.03135714818388824,23.779529734962694,0.2920363066661198,0.8400001525878906,1.5545711410277048,0.00910471932260859
19.950000762939453,19.96400032043457,20.74428571973528,0.00910471932260859,24.018845919487134,0.29051138557016604,0.4099998474121129,0.8787966748939391,0.035087660592534764
20.64999961853028,20.19400024414063,20.559285708836146,0.035087660592534764,31.63120260373414,0.2817423074044774,1.1599998474121094,1.9045340709939784,0.056174327788905964
21.809999465942383,20.518000030517577,20.439285687037877,0.056174327788905964,39.44723305023421,0.2742831684567855,1.1000003814697195,1.403644827226317,0.0187987096493214
22.21999931335449,20.879999923706055,20.409999983651296,0.0187987096493214,47.27030666414044,0.2706176219866836,0.9399986267089879,0.8874615585388272,0.07380744138958684
23.86000061035156,21.697999954223633,20.635714258466447,0.07380744138958684,71.88365175306971,0.2848187831670106,2.3000011444091726,1.8105207621030934,0.029337755141847444
24.559999465942383,22.61999969482422,20.912857055664062,0.029337755141847444,74.55695789950204,0.3069468710992471,1.5399990081787216,2.665420298922011,-0.03664493640475497
23.65999984741211,23.221999740600587,21.14499991280692,-0.03664493640475497,69.05041304277827,0.31170073495453143,1.6900005340576243,1.7151124127253452,0.06973793868011158
25.309999465942383,23.921999740600587,21.499999863760813,0.06973793868011158,74.57962389193123,0.3433663308782775,1.5900001525878906,2.187188607131271,-0.06993277707479939
23.540000915527344,24.186000061035156,21.767142840794154,-0.06993277707479939,66.49031254961798,0.34387190941466617,1.6000003814697301,1.1452262029157219,-0.0016992741704168202
23.5,24.113999938964845,22.066428593226842,-0.0016992741704168202,69.23783977392046,0.35038398486975125,0.7899990081787109,0.703000324780002,0.05531911647066168
24.799999237060547,24.161999893188476,22.444999967302596,0.05531911647066168,72.08333717452277,0.3703290063442533,1.5799999237060476,1.4643534966486118,-0.01008064547140819
24.549999237060547,24.339999771118165,22.756428446088517,-0.01008064547140819,68.85813297227892,0.3816557385868376,1.4399986267089844,1.1178095877010839,-0.00814659314892785
24.350000381469727,24.147999954223632,23.037857055664062,-0.00814659314892785,67.07106661657534,0.38491895305716645,0.6399993896484375,0.5644214843597745,0.02053388058180472
24.850000381469727,24.40999984741211,23.40071419307164,0.02053388058180472,72.28070962095447,0.38851959561651495,0.9400005340576172,0.6478688120942199,0.0032193127757740303
24.93000030517578,24.695999908447266,23.756428446088517,0.0032193127757740303,72.03540513114125,0.38205698610486727,0.5299987792968821,0.4324430035704311,-0.023265139053593953
24.350000381469727,24.6060001373291,24.02071421486991,-0.023265139053593953,66.54741468877279,0.3583431516415276,0.6899986267089808,0.4628843307004323,-0.005749539827671235
24.209999084472656,24.538000106811523,24.192142759050643,-0.005749539827671235,61.8110241394167,0.33075765544181474,0.5599994659423828,0.42055043125495084,-0.008674064122841774
24.0,24.46800003051758,24.319285665239608,-0.008674064122841774,58.9357489514846,0.3080348788349428,0.370000839233402,0.35520527068294394,0.025416692097981697
24.61000061035156,24.42000007629394,24.372857093811035,0.025416692097981697,54.199329757854194,0.28664994912622754,0.889999389648441,0.43995298943647965,-0.0048761006199617984
24.489999771118164,24.33199996948242,24.367857115609304,-0.0048761006199617984,49.5808400741559,0.2446767026813226,0.5399990081787109,0.4290502113295706,-0.0004083392803306829
24.479999542236328,24.357999801635742,24.426428522382462,-0.0004083392803306829,55.49597718135769,0.1931932833076811,0.6199989318847656,0.3955329820104877,-0.001633946443083012
24.440000534057617,24.404000091552735,24.364285741533553,-0.001633946443083012,42.56410975375959,0.14297124379394335,0.5399990081787109,0.3438298033418049,0.013502451575080565
24.770000457763672,24.55800018310547,24.45214285169329,0.013502451575080565,63.94557352375106,0.11177233828201996,0.5900001525878906,0.517866071351634,-0.0064594204463150895
24.61000061035156,24.55800018310547,24.531428609575546,-0.0064594204463150895,62.25166566737848,0.0784596469582613,0.3600006103515625,0.4729497094569248,-0.021535988358430846
24.07999992370605,24.476000213623045,24.48000008719308,-0.021535988358430846,40.42554162864223,0.07670382302323735,0.5799999237060547,0.47599775397393396,0.028654507319094025
24.770000457763672,24.534000396728516,24.495714460100448,0.028654507319094025,52.61906167546923,0.0776522196015421,1.2399997711181676,0.8450324563784843,0.02018570814532561
25.270000457763672,24.700000381469728,24.561428751264298,0.02018570814532561,60.22221873719163,0.07768115320680558,0.6499996185302734,0.6577039193252454,-0.014641900772887295
24.89999961853028,24.726000213623045,24.565000125340053,-0.014641900772887295,50.57207329102552,0.07300725312899976,0.8099994659423864,0.7885730233727761,0.2277108499260534
30.56999969482422,25.91800003051758,24.967857224600657,0.2277108499260534,78.31324170657867,0.22663876478108103,2.220001220703125,5.33794433390548,-0.03238468370955805
29.57999992370605,27.018000030517577,25.34142862047468,-0.03238468370955805,75.21696314863631,0.27467896094699285,1.2999992370605504,2.158862809474675,-0.027721423155483094
28.76000022888184,27.81599998474121,25.66642870221819,-0.027721423155483094,70.58823834018919,0.3006539065298383,1.3700008392333984,1.2896104097882315,0.020166895656822392
29.34000015258789,28.629999923706055,26.0478572845459,0.020166895656822392,73.3800316332547,0.32738071565830307,1.3800010681152344,1.2692188954185732,0.06407631734796615
31.21999931335449,29.8939998626709,26.520000049046107,0.06407631734796615,76.0441230292423,0.37363308345625673,2.470001220703125,1.5840865181506993,0.08872525387684504
33.9900016784668,30.578000259399413,27.198571613856725,0.08872525387684504,80.96479997274508,0.45543704767615206,3.0400009155273438,2.5926247887202187,0.04442477925765487
35.5,31.762000274658202,27.985714503696986,0.04442477925765487,82.71971602705176,0.5361912986995315,1.80999755859375,2.157550415894504,-0.0287324072609485
34.47999954223633,32.9060001373291,28.702857289995467,-0.0287324072609485,78.17058952159272,0.5730836962724456,1.3199996948242188,1.1836441287354802,-0.02697216698151561
33.54999923706055,33.74799995422363,29.33000005994524,-0.02697216698151561,73.83278456509869,0.5853915849955833,1.220001220703125,0.9435445891385906,0.07123694318920748
35.939998626708984,34.69199981689453,30.1392856325422,0.07123694318920748,77.43340721345348,0.6108613058028529,2.5600013732910156,1.178381581017886,0.03784086428264
37.29999923706055,35.353999328613284,31.08357129778181,0.03784086428264,80.77280824301329,0.6417358789708684,2.1300010681152344,1.047833886264735,-0.012600466906682373
36.83000183105469,35.619999694824216,31.944999967302596,-0.012600466906682373,78.36312870513271,0.6513867793213255,1.6300010681152344,0.858551836315384,-0.006516472075340229
36.59000015258789,36.04199981689453,32.753571374075754,-0.006516472075340229,76.95238022577198,0.6472349506015331,2.25,0.751949373644428,0.015851271219970098
37.16999816894531,36.76599960327148,33.629999841962544,0.015851271219970098,78.92503579314194,0.6367848320628646,1.7000007629394602,0.7287384991449763,0.006994946167301563
37.43000030517578,37.06399993896484,34.11999988555908,0.006994946167301563,71.70886373924854,0.6209811490788576,1.8800010681152344,0.6675838426521377,0.00988509027165585
37.79999923706055,37.16399993896484,34.70714269365583,0.00988509027165585,77.07509941019198,0.5955338681875857,1.2399978637695241,0.5750491370043708,-0.03783069666768024
36.369998931884766,37.07199935913086,35.250714029584614,-0.03783069666768024,74.09752748895423,0.5447655251325177,3.3500022888183594,1.1242783270148322,0.02337097370858543
37.220001220703125,37.19799957275391,35.8135712487357,0.02337097370858543,74.53300247290224,0.4949802310768198,1.229999542236321,0.6349274654271443,-0.04271897099518296
35.630001068115234,36.89000015258789,36.128571374075754,-0.04271897099518296,63.982248235158515,0.43338391509462687,1.8600006103515625,0.7072683503047293,0.04266069077174128
37.150001525878906,36.83400039672851,36.3542856488909,0.04266069077174128,60.88154183122802,0.3529995055914141,1.8500022888183594,0.5889184688477044,-0.008344585748538025
36.84000015258789,36.64200057983398,36.449999945504324,-0.008344585748538025,55.03002927750742,0.33630339191605696,1.6100006103515625,0.5690365303993229,0.004614499680814177
37.0099983215332,36.77000045776367,36.63071414402553,0.004614499680814177,60.14434054383445,0.3039880918484308,2.299999237060547,0.8457275281407254,0.029451505053262883
38.09999847412109,36.94599990844726,36.955714089529856,0.029451505053262883,68.01266370652625,0.253142706029025,0.9599990844726562,0.5785703499552246,0.0005249464190206776
38.119998931884766,37.443999481201175,37.11142839704241,0.0005249464190206776,60.62378095165151,0.19241405341470008,0.6800003051757741,0.5377147470649161,-0.03147955919630774
36.91999816894531,37.39799880981445,37.08428546360561,-0.03147955919630774,48.11880701979676,0.14136025685844486,1.8899993896484375,0.6591353617370802,0.03358617930565888
38.15999984741211,37.6619987487793,37.17928532191685,0.03358617930565888,56.11774247264527,0.13043437427692292,1.970001220703125,0.9879981034524027,0.0031446261101835127
38.27999877929688,37.91599884033203,37.29999950953892,0.0031446261101835127,57.86045593955254,0.13145963945320205,3.289997100830078,2.0138012161273453,0.03291541735659398
39.540000915527344,38.20399932861328,37.469285420009065,0.03291541735659398,60.36745888606912,0.1314847149084729,2.4399986267089844,1.3038872533350936,0.05032872578887737
41.52999877929688,38.885999298095705,37.76214245387486,0.05032872578887737,65.57749746653157,0.1387267795162454,2.9399986267089844,1.443840088706403,-0.004574973086772793
41.34000015258789,39.76999969482422,38.01499966212681,-0.004574973086772793,63.636363636363626,0.1593786204945821,1.1200027465820312,0.8713641583081395,-0.028543790537502334
40.15999984741211,40.16999969482422,38.28571401323591,-0.028543790537502334,64.88609550704894,0.1679285385615923,1.3199996948242188,0.7099210792108883,-0.004233022151175825
39.9900016784668,40.512000274658206,38.48357118879046,-0.004233022151175825,61.493778560766856,0.1717975631760477,1.0400009155273438,0.6861261515668676,-0.012253104723690122
39.5,40.50400009155273,38.75999968392508,-0.012253104723690122,67.67122676823396,0.17020687766931653,1.4000015258789062,0.5339553043656353,-0.06253167647349667
37.02999877929688,39.604000091552734,38.75142805916922,-0.06253167647349667,49.49578684371992,0.17076363247415158,1.6199989318847656,0.8945919603059557,0.03645698982774803
38.380001068115234,39.012000274658206,38.861428124564036,0.03645698982774803,55.95054337315869,0.16950742128127033,1.5799980163574148,0.6612189113945786,-0.029702953567541934
37.2400016784668,38.42800064086914,38.87785693577358,-0.029702953567541934,50.82675519906627,0.1709949991079358,3.0400009155273438,0.691537337674919,0.023899015830685544
38.130001068115234,38.056000518798825,38.87999997820173,0.023899015830685544,50.10941862746055,0.1644579809731097,1.2999992370605469,0.8854420928014437,0.008392333749285052
38.45000076293945,37.84600067138672,38.903571537562776,0.008392333749285052,51.17773654795272,0.16199827723796967,1.559997558593757,0.7302279373040458,-0.01482443910309672
37.880001068115234,38.01600112915039,38.97214317321777,-0.01482443910309672,53.587454493772896,0.14765505788912722,0.7299995422363281,0.5199409006569222,0.00026394723472211723
37.88999938964844,37.91800079345703,38.95285742623465,0.00026394723472211723,48.88888679577614,0.144679505792973,0.8500022888183665,0.53293386045078,-0.052256520826898356
35.90999984741211,37.652000427246094,38.78357178824289,-0.052256520826898356,41.54175868728652,0.15242110478434204,1.8600006103515625,0.9399066850112271,-0.010860467594141276
35.52000045776367,37.130000305175784,38.49642889840262,-0.010860467594141276,34.703189453781036,0.1643913916613238,1.479999542236321,0.7220643475782302,-0.02280409242263881
34.709999084472656,36.38199996948242,38.009286063058035,-0.02280409242263881,21.488293407653984,0.18638446842930345,1.5,0.7335875921379895,-0.010947774803830468
34.33000183105469,35.672000122070315,37.50857189723423,-0.010947774803830468,21.15226484741676,0.20863411971805496,1.1899986267089844,0.6253216914638202,0.02272061572077444
35.11000061035156,35.11600036621094,37.147857666015625,0.02272061572077444,28.510634567791385,0.21894091045662392,1.5,0.6893692736696538,-0.04243809890528727
33.619998931884766,34.65800018310547,36.692857469831196,-0.04243809890528727,25.631205450201392,0.24288284217806216,3.200000762939453,1.003231937857533,0.02617492849711711
34.5,34.454000091552736,36.335714612688335,0.02617492849711711,31.426447473655614,0.255345298584224,2.0900001525878906,1.186429970733364,0.03739133088485058
35.790000915527344,34.67000045776367,36.2471433367048,0.03739133088485058,44.95114826126824,0.25467252032832305,1.470001220703125,1.2037852295150397,0.0011176561750236846
35.83000183105469,34.970000457763675,36.06500053405762,0.0011176561750236846,38.37739361877846,0.23574032956377033,1.4500007629394531,0.7748405432863753,0.027351367350111122
36.810001373291016,35.310000610351565,36.03428622654506,0.027351367350111122,48.011098971831224,0.2105355227233987,1.1100006103515625,0.7026036241966709,0.10187448682685907
40.560001373291016,36.698001098632815,36.20785767691476,0.10187448682685907,58.888078385760544,0.21451836446631092,3.25,1.2249625396700372,-0.013560232572378372
40.0099983215332,37.800000762939455,36.31928607395717,-0.013560232572378372,55.611501393324886,0.21469391972978857,0.7800025939941477,0.9566888343410871,0.08647845649390495
43.470001220703125,39.33600082397461,36.71857179914202,0.08647845649390495,66.64680934402902,0.2600681566775536,3.6300010681152344,2.009536433933283,0.006671200659915444
43.7599983215332,40.922000122070315,37.13785743713379,0.006671200659915444,67.19390077632536,0.3034867141883447,1.5100021362304688,1.1120514200371259,-0.07449722227089395
40.5,41.65999984741211,37.465714590890066,-0.07449722227089395,62.506810844881535,0.3108725421556815,3.1399993896484446,1.2785666044238442,0.02246913203486689
41.40999984741211,41.82999954223633,37.88642883300781,0.02246913203486689,65.60677936497731,0.32259834282606537,1.6800003051757812,1.2034378365588185,-0.02680513437434684
40.29999923706055,41.8879997253418,38.28571455819266,-0.02680513437434684,64.58007192007005,0.3273864946044381,2.4199981689453125,1.0982990226916016,0.004962798181780803
40.5,41.29399948120117,38.72642871311733,0.004962798181780803,66.2453827914014,0.33235337054132563,1.229999542236321,0.7301360783664508,0.006913550106095956
40.77999877929688,40.697999572753915,39.13142858232771,0.006913550106095956,65.3326027162122,0.33782477697338575,2.1000022888183594,0.8848784183023496,-0.03114272917556904
39.5099983215332,40.49999923706055,39.552142824445454,-0.03114272917556904,66.11931585184863,0.3387553348339685,1.1099967956542898,0.6862131500421852,-0.04302700633919487
37.810001373291016,39.779999542236325,39.78857149396624,-0.04302700633919487,58.66946397808776,0.33356666272599833,2.4099998474121165,1.0239678188708015,-0.007934489311331672
37.5099983215332,39.22199935913086,39.911428451538086,-0.007934489311331672,54.751373448909504,0.32655815988453973,1.1599998474121094,0.7148645961455523,-0.0053318303703409065
37.310001373291016,38.58399963378906,40.01714270455496,-0.0053318303703409065,54.05257305114598,0.3143750264450465,1.0400009155273438,0.600471883181143,-0.033771162955047784
36.04999923706055,37.6379997253418,39.962856837681365,-0.033771162955047784,47.95037190210179,0.30317354407358327,1.8699989318847656,0.6542427568752386,0.006380015176252529
36.27999877929688,36.991999816894534,39.65714236668178,0.006380015176252529,35.752322025456934,0.2963363163583585,1.8200035095214844,0.8283224355410616,0.014884259473445294
36.81999969482422,36.79399948120117,39.42928532191685,0.014884259473445294,39.37375421910395,0.2731922050667856,1.1400032043457102,1.8716325116329657,-0.012221639507582926
36.369998931884766,36.565999603271486,38.92214230128697,-0.012221639507582926,20.41664772562912,0.2592569185499747,1.6100006103515625,0.6115879307780353,-0.0005499163692893605
36.34999847412109,36.3739990234375,38.39285659790039,-0.0005499163692893605,18.414321668424435,0.2556635664502962,0.7700004577636648,0.4432809248172967,-0.005226922549783408
36.15999984741211,36.395999145507815,38.08285658700125,-0.005226922549783408,24.942261956939774,0.25345665932117284,1.2299995422363281,0.4687513007811666,0.0011062200137206268
36.20000076293945,36.37999954223633,37.710713795253206,0.0011062200137206268,16.559701719111047,0.25684115138996483,0.6400032043457031,0.366193525352273,0.0132596555834259
36.68000030517578,36.35199966430664,37.45214244297573,0.0132596555834259,24.720677311235136,0.25952900012416497,0.9799995422363281,0.5027790867898683,0.016902915123402584
37.29999923706055,36.5379997253418,37.22357095990862,0.016902915123402584,28.891810024000435,0.2602421053357935,1.4399986267089844,0.8249917131592235,-0.01072379944673596
36.900001525878906,36.64800033569336,36.946428298950195,-0.01072379944673596,24.805202654633987,0.2351506296915608,0.7100028991699219,0.7436117211496817,0.06720865690200695
39.380001068115234,37.29200057983398,36.93714278084891,0.06720865690200695,49.270497691914464,0.19568540502429912,2.1000022888183594,1.3733659172134305,-0.00025399024782069013
39.369998931884766,37.92600021362305,37.048571177891326,-0.00025399024782069013,60.80330536593613,0.1892627894063053,2.8299980163574148,1.402930023884471,0.01701808488239398
40.040000915527344,38.59800033569336,37.2292856488909,0.01701808488239398,66.66668341983834,0.17729105193611733,1.3600006103515625,0.9899349435028227,0.06468531701715063
42.630001068115234,39.6640007019043,37.60928562709263,0.06468531701715063,76.65329611902463,0.202045810124799,4.450000762939453,2.3492178619534325,-0.035655651411666156
41.11000061035156,40.50600051879883,37.97071429661342,-0.035655651411666156,74.7070339057241,0.20673834689326828,2.6599998474121094,1.2257170556593362,0.10800288398903568
45.54999923706055,41.74000015258789,38.632857186453684,0.10800288398903568,82.07612445785762,0.26408022875145337,4.159999847412109,2.408052216509732,-0.032711259906174406
44.060001373291016,42.67800064086914,39.15000016348703,-0.032711259906174406,73.50650244970481,0.2941502648340427,1.5600013732910156,1.2801028107723629,0.07330911124742578
47.290000915527344,44.12800064086914,39.93000030517578,0.07330911124742578,80.03301455355549,0.3529690030908766,3.020000457763672,2.0146213073745125,0.03023895702032542
48.720001220703125,45.34600067138672,40.81357192993164,0.03023895702032542,81.57224364217006,0.4096359561493234,1.5800018310546875,1.6828056001333749,-0.00821021173761649
48.31999969482422,46.78800048828125,41.68214334760393,-0.00821021173761649,80.7070715049617,0.44495505185772954,2.55999755859375,1.4356349737820584,-0.02814570817344686
46.959999084472656,47.07000045776367,42.45071465628488,-0.02814570817344686,75.47348216312852,0.4533693427153932,3.5,1.3289550035224202,0.034071599659536655
48.560001373291016,47.970000457763675,43.29928616115025,0.034071599659536655,76.70863347914602,0.4664451919670231,3.229999542236328,1.5040140295712399,0.1171745977305223
54.25,49.3620002746582,44.51000050136021,0.1171745977305223,81.03258863164399,0.5220847945062378,4.259998321533203,2.1476233578222983,0.0012903169552851423
54.31999969482422,50.48199996948242,45.754286084856304,0.0012903169552851423,82.28316531040858,0.5539447930886799,1.5199966430663991,1.733848842407971,-0.1702871879964567
45.06999969482422,49.831999969482425,46.16071455819266,-0.1702871879964567,58.42962664234001,0.5302378365066761,3.6800003051757812,2.4043954745613796,-0.05724424304031461
42.4900016784668,48.93800048828125,46.38357189723423,-0.05724424304031461,54.29515800219933,0.5032791755223226,2.180000305175774,1.1658352266112422,0.033890293476706246
43.93000030517578,48.012000274658206,46.66142899649484,0.033890293476706246,55.2440007734302,0.4721232354784493,1.4300003051757955,0.9173572636546949,0.11040287822510386
48.77999877929688,46.918000030517575,47.10071454729353,0.11040287822510386,57.81448353984567,0.446567060517887,2.970001220703125,1.4325442517980285,-0.0024600027652256218
48.65999984741211,45.78600006103515,47.64000020708357,-0.0024600027652256218,59.947299872350854,0.4186964426722162,1.779998779296875,0.8621715556714153,-0.045006137147068914
46.470001220703125,46.066000366210936,47.705714634486604,-0.045006137147068914,51.288518432204,0.3766892879179436,3.6200027465820312,0.7802287014536432,0.05035506974648807
48.810001373291016,47.33000030517578,48.04500034877232,0.05035506974648807,56.49794883023937,0.35303677506527087,4.340000152587891,0.6871318229472851,0.009014517810477907
49.25,48.39400024414063,48.18500028337751,0.009014517810477907,52.902842718288625,0.32438544417926785,3.0600013732910156,0.8208947554067468,-0.013198000525460163
48.59999847412109,48.35800018310547,48.17642865862165,-0.013198000525460163,49.81806737093991,0.2934662383724074,2.700000762939453,0.8468174150185879,-0.007407341706934134
48.2400016784668,48.274000549316405,48.17071451459612,-0.007407341706934134,49.878570069487964,0.2777685448936448,4.069999694824219,0.7651252530999515,0.04871472620968165
50.59000015258789,49.09800033569336,48.43000030517578,0.04871472620968165,55.3492517828066,0.2504511799034679,2.4699974060058594,0.7667554513996281,-0.00691833313037038
50.2400016784668,49.38400039672852,48.55000032697405,-0.00691833313037038,52.570381080026735,0.24808100249212836,3.6300010681152344,0.6488302107415116,-0.06190287632264413
47.130001068115234,48.960000610351564,48.041428974696565,-0.06190287632264413,38.1727541530475,0.23507805549228958,3.770000457763672,0.683482228129786,0.024612769385165212
48.290000915527344,48.89800109863281,47.610714776175364,0.024612769385165212,40.33343818964838,0.2339619136628362,2.6899986267089844,0.7529293505902892,-0.03748190803427842
46.47999954223633,48.54600067138672,47.71142905099051,-0.03748190803427842,52.96842216174742,0.23700449169328958,2.760002136230476,0.630770603089777,0.006669564895527058
46.790000915527344,47.78600082397461,48.018571853637695,0.006669564895527058,60.00931297951232,0.2389614429500914,2.7199974060058523,0.5094568015581078,-0.013036986501727799
46.18000030517578,46.97400054931641,48.17928613935198,-0.013036986501727799,55.44794349886722,0.2410494913886684,1.3700027465820312,0.4917361936975278,-0.015591191337052224
45.459999084472656,46.64000015258789,47.942143304007395,-0.015591191337052224,39.95157273165168,0.2467853408411819,1.8899993896484375,0.5040073135203386,-0.018477786394738405
44.619998931884766,45.905999755859376,47.65357181004116,-0.018477786394738405,38.283058537908666,0.22387123914839022,1.25,0.5952192756861001,-0.011429814740958388
44.11000061035156,45.43199996948242,47.48500033787319,-0.011429814740958388,42.41644929099574,0.18983500899852696,1.5099983215332031,0.7741600506861056,-0.010881875665258667
43.630001068115234,44.8,47.11500031607492,-0.010881875665258667,31.094885185940072,0.19757527843379735,1.3699989318847656,0.5423562344305249,0.05707077246874559
46.119998931884766,44.7879997253418,46.89142881120954,0.05707077246874559,40.063486265996595,0.1767397303476582,3.059997558593743,0.9616847055761388,0.016478797784729382
46.880001068115234,45.072000122070314,46.768571853637695,0.016478797784729382,44.577560676187716,0.16451910936434858,1.8899993896484375,0.7526730009220692,-0.030290144012141917
45.459999084472656,45.24000015258789,46.570000239780974,-0.030290144012141917,41.78486327400638,0.16558294879889066,2.5600013732910156,0.7603857310211095,0.0032996376792744364
45.61000061035156,45.54000015258789,46.21428598676409,0.0032996376792744364,33.08424647185974,0.16534210723698867,2.1599998474121094,0.8648008925435244,-0.002411765158507717
45.5,45.91399993896484,45.875714438302175,-0.002411765158507717,33.63259899569188,0.16760615509678484,1.8600006103515625,0.6819410117783898,-0.05274728628305303
43.09999847412109,45.30999984741211,45.58785711015974,-0.05274728628305303,35.36673846345634,0.17884474345950352,1.5499992370605398,0.9526361568821158,0.05754068317247607
45.58000183105469,45.05,45.39428574698312,0.05754068317247607,41.02055334049927,0.1722761840488713,2.8600006103515625,1.112367308766451,0.008117571676635515
45.95000076293945,45.14800033569336,45.35642869131906,0.008117571676635515,48.05861383216685,0.16719109740794846,1.779998779296875,0.9275102442768663,-0.055059903198841575
43.41999816894531,44.70999984741211,45.11571420942034,-0.055059903198841575,39.38248096017815,0.17197682641419945,1.9000015258788991,0.9069404499304056,0.049746746964495436
45.58000183105469,44.726000213623045,45.072857175554546,0.049746746964495436,48.27784726857375,0.14574382900935207,4.119998931884766,1.0273452857940226,0.026327268539612314
46.77999877929688,45.4620002746582,45.16714286804199,0.026327268539612314,53.68714809968504,0.11659832124194151,2.470001220703125,1.062104938708899,0.025652005007544387
47.97999954223633,45.94199981689453,45.40714291163853,0.025652005007544387,59.2004348668993,0.12195817052203933,2.170001983642578,0.9188507361647427,-0.05689869879705056
45.25,45.80199966430664,45.48857143947056,-0.05689869879705056,52.78320014185898,0.10992165361419738,2.2700004577636648,1.0946191959821616,0.011491722823506523
45.77000045776367,46.27200012207031,45.64142853873117,0.011491722823506523,55.21442043962687,0.10837002487595712,1.2600021362304688,0.8909499521213187,-0.00021853039393560092
45.7599983215332,46.30799942016601,45.61571420942034,-0.00021853039393560092,49.002216497831924,0.10530050418110469,3.4799995422363352,1.4459381522661907,-0.037150284322502336
44.060001373291016,45.763999938964844,45.41428565979004,-0.037150284322502336,42.571132606678816,0.1076978598690676,2.170001983642578,1.1112916230879977,0.022015373939454186
45.02999877929688,45.17399978637695,45.383571352277485,0.022015373939454186,48.839718951812976,0.10787207816198782,1.6599998474121094,0.9662821548794456,0.025538564447121992
46.18000030517578,45.35999984741211,45.4242856161935,0.025538564447121992,51.45929213461638,0.10799123823209442,2.789997100830071,0.9159546103898072,-0.050021683803066486
43.869998931884766,44.97999954223633,45.30785696847098,-0.050021683803066486,46.24942353851763,0.10927697874590432,3.9099998474121094,1.9279409651546182,0.0031912330307053427
44.0099983215332,44.62999954223633,45.37285695757185,0.0031912330307053427,52.33692761187672,0.10698322171579973,1.7199974060058594,0.9432495035433661,0.001136174816288138
44.060001373291016,44.62999954223633,45.26428549630301,0.001136174816288138,45.53990599818444,0.10920363296365346,1.1100006103515625,0.7780830095762689,0.07081250192098487
47.18000030517578,45.05999984741211,45.35214260646275,0.07081250192098487,53.10762821687908,0.11110184457470983,2.3999977111816335,1.1460671541388296,-0.06528193749750377
44.09999847412109,44.64399948120117,45.40071405683245,-0.06528193749750377,51.67158351165881,0.1137188546952022,2.680000305175774,0.9676068027308616,-0.021995406792929217
43.130001068115234,44.49599990844727,45.22571400233677,-0.021995406792929217,43.603130402702604,0.12107124471597061,1.2700004577636719,0.8221191486847945,-0.04498034763185865
41.18999862670898,43.93199996948242,44.826428277151926,-0.04498034763185865,35.94771429859155,0.14416290962263356,3.3600006103515625,0.9797664038429043,0.07137660935729828
44.130001068115234,43.94599990844726,44.55142838614328,0.07137660935729828,41.1003291608585,0.1400387923853426,2.6300010681152415,1.0964877433897264,0.0883752009242409
48.02999877929688,44.11599960327148,44.749999727521626,0.0883752009242409,56.0964877350807,0.15214027299576305,3.7900009155273438,1.4634349598671466,0.04892780238485672
50.380001068115234,45.37200012207031,45.07928548540388,0.04892780238485672,59.358505270879064,0.18374653934688437,4.450000762939453,1.2942578634284825,0.00793961299526047
50.77999877929688,46.90199966430664,45.43785694667271,0.00793961299526047,60.03197515171503,0.20702816821794695,2.520000457763672,0.8811439310383806,0.04194566993537685
52.90999984741211,49.24599990844727,46.06999969482422,0.04194566993537685,67.38702727365657,0.24897371866172546,2.049999237060547,1.3914878117342355,0.11415613178881467
58.95000076293945,52.20999984741211,47.06428555079869,0.11415613178881467,72.80471542453431,0.34918970379845476,4.369998931884766,1.8824112334531782,0.04698898086367986
61.720001220703125,54.94800033569336,48.1742856161935,0.04698898086367986,74.17547840969648,0.4469076987251328,3.69000244140625,1.522272208682807,0.010693451626030193
62.380001068115234,57.34800033569336,49.496428625924246,0.010693451626030193,80.35421253102177,0.5177165745890278,2.6399993896484375,0.9584691456336277,0.044886168469332244
65.18000030517578,60.22800064086914,51.00857162475586,0.044886168469332244,81.93061624899669,0.591340430858054,3.470001220703125,1.0668695518326634,-0.0210187009124021
63.810001373291016,62.40800094604492,52.419285910470144,-0.0210187009124021,78.64809878239559,0.6325088956169926,3.0900001525878906,1.074106277920706,0.017708839426357148
64.94000244140625,63.60600128173828,53.687857491629465,0.017708839426357148,77.33990194068004,0.6608608673566001,2.9599952697753906,0.8753187479998389,0.05481979403690107
68.5,64.96200103759766,55.43071474347796,0.05481979403690107,87.01456644969032,0.7006024376452412,4.340003967285156,1.015479342737484,0.0
68.5,66.18600082397461,57.24285752432687,0.0,89.65301281769216,0.7280289875734092,2.5900039672851562,1.0910379474973422,-0.04087595695996804
65.69999694824219,66.2900001525879,58.99357169015067,-0.04087595695996804,87.30593091903077,0.7207994056873032,4.739997863769531,0.9169955212591658,0.008523671445973546
66.26000213623047,66.78000030517578,60.574286052158904,0.008523671445973546,86.31440336554647,0.7072303750094779,2.029998779296875,0.8610725490949733,-0.014941223381318536
65.2699966430664,66.84599914550782,61.80571447099958,-0.014941223381318536,81.27719493093961,0.6822095881571664,3.7899932861328125,0.8405046530824314,0.023134705284083568
66.77999877929688,66.50199890136719,62.97714287894113,0.023134705284083568,80.68860392568139,0.6694074752691903,2.8600006103515625,1.4067959315832133,0.2359988383395475
82.54000091552734,69.30999908447265,65.24571446010044,0.2359988383395475,87.73762979756005,0.711291811114367,5.599998474121094,2.3409771535583173,0.029682540841616367
84.98999786376953,73.16799926757812,67.53714288984027,0.029682540841616367,87.83017476796256,0.732354155261598,4.489997863769531,1.4231686940484007,-0.005530076862179545
84.5199966430664,76.81999816894532,69.36357116699219,-0.005530076862179545,84.71353063207015,0.709068554591327,3.7899932861328125,1.147236655179045,0.12103648560394031
