Date,Close,MA5,MA14,Daily Return,RSI,Bollinger Band Width,High-Low Range,Relative Volume
2021-04-29,53.00639343261719,53.09189071655273,56.45864731924875,0.0114542562754995,16.644387200671076,0.2061274352778671,0.7548936569120528,0.7462508190444455
2021-04-30,52.32426452636719,52.78083724975586,55.94672175816128,-0.0128688043474819,19.362367393610768,0.2221694636195714,1.2369378272551683,0.9857542318311324
2021-05-03,52.07869720458984,52.50798416137695,55.42959867204939,-0.0046931824842679,19.24265476640396,0.2315423109454278,0.9458940684578464,0.7212625274600241
2021-05-04,51.75126647949219,52.31334838867188,54.956002371651785,-0.0062872295712649,20.293397195785676,0.2419249226596248,1.064128038626997,1.1314325047737457
2021-05-05,51.70579528808594,52.17328338623047,54.42523711068289,-0.0008786488621349,14.447361053162226,0.2465773546572018,0.763990802065571,0.6692622131295773
2021-05-06,52.33538818359375,52.03908233642578,53.956983293805806,0.0121764473788663,19.74636577677329,0.2407229358917804,0.9151143458701156,0.8092739697323871
2021-05-07,52.7746467590332,52.12915878295898,53.59286608014788,0.0083931464098159,25.145409609458586,0.2202043017394233,0.7046350291953587,0.6400187269370475
2021-05-10,51.21895599365234,51.95721054077149,53.17804554530552,-0.0294779948501424,23.51752570146293,0.2177202817335884,1.2354030896810002,1.1538320349917637
2021-05-11,50.36790466308594,51.68053817749024,52.63746997288296,-0.0166159445083549,15.304214061936548,0.2158636636751326,1.2171040027979672,1.1666095277819852
2021-05-12,49.06843566894531,51.15306625366211,52.07748631068638,-0.0257995444287956,14.932202053680712,0.2220435186907814,1.1255938417483549,0.973523809186461
2021-05-13,49.425323486328125,50.57105331420898,51.75932856968471,0.0072732666635362,23.81797405933472,0.2151576699222138,0.8510566071869476,0.9336298476273232
2021-05-14,50.65158462524414,50.14644088745117,51.559944425310405,0.0248103816509206,34.986012800841735,0.1974746268934062,1.4550321500119097,0.8954953324735084
2021-05-17,50.63328170776367,50.02930603027344,51.410575594220845,-0.0003613493559162,37.83600510181893,0.1815802858593545,1.034080255168888,0.6404286636490115
2021-05-18,50.18487548828125,49.9927001953125,51.25191525050572,-0.0088559580647064,37.27195863975651,0.1684218311079662,1.2262534760173196,0.5997260038975104
2021-05-19,50.660743713378906,50.311161804199216,51.0843688419887,0.0094823035918216,36.36470075864754,0.1362757705633623,1.4550323220088046,0.7629044656311533
2021-05-20,51.20065689086914,50.66622848510743,51.00411115373884,0.0106574269920882,43.35864237587829,0.1019790255089192,0.8053017361531687,0.7613244595695635
2021-05-21,51.319610595703125,50.79983367919922,50.94989068167551,0.0023232847400282,45.44505637884389,0.0933127233427149,0.6680330067654197,0.6465120537722232
2021-05-24,52.12491607666016,51.09816055297851,50.97657993861607,0.0156919639804216,52.1204952195227,0.0871368855026813,0.90596131310555,0.7262176178369026
2021-05-25,52.04255676269531,51.469696807861325,51.0006343296596,-0.0015800373442084,51.90318341272606,0.0846556586516231,1.04323338466871,0.8716015055997034
2021-05-26,52.08831405639648,51.75521087646485,50.98298617771694,0.0008792283959031,48.50502464427712,0.0836069373161722,0.5856727033785702,0.6109578710210339
2021-05-27,52.82955551147461,52.080990600585935,50.98690823146275,0.014230475078836,50.320523954455936,0.0825508606260975,0.8053016741172456,1.2806178420800929
2021-05-28,52.27133941650391,52.27133636474609,51.06207847595215,-0.0105663598636458,56.95285658983509,0.0823582723879079,0.6497339499860502,0.8197233581531264
2021-06-01,52.06085586547852,52.25852432250976,51.18300356183733,-0.0040267487570623,62.21919478321112,0.0823089121240567,1.1255902543500724,0.8238836436211985
2021-06-02,52.60076904296875,52.37016677856445,51.43531308855329,0.0103708087105851,78.63495519120275,0.0848967016149493,0.851056570146568,0.775662211184524
2021-06-03,51.466041564941406,52.24571228027344,51.5810786655971,-0.0215724503400397,64.69049460230144,0.0847237831585454,0.9242641188691748,0.9145564801349256
2021-06-04,52.500118255615234,52.17982482910156,51.713116782052175,0.0200924077164357,63.685695177802025,0.0853575547347157,1.1072877149505231,0.908093830194084
2021-06-07,52.24387741088867,52.17433242797851,51.82815933227539,-0.0048807670009229,61.51830289670826,0.0830916424893268,0.603975320147903,0.7376735440692863
2021-06-08,52.16152572631836,52.19446640014648,51.96934863499233,-0.001576293503689,64.917195941297,0.0841611207490352,0.9517199036960378,1.418113835463912
2021-06-09,52.16152572631836,52.1066177368164,52.07654735020229,0.0,62.20239258342561,0.0828174436228074,0.4667068520883077,0.6222321068777886
2021-06-10,52.5092658996582,52.31526260375976,52.17001942225865,0.0066666027977089,60.98311570556987,0.0715185920191726,1.006624456111048,1.205943459603323
2021-06-11,52.93936920166016,52.40311279296875,52.28571646554129,0.0081909981911356,62.919792071098,0.0619798085097523,0.9059613448805096,0.8381650819363877
2021-06-14,53.25050735473633,52.60443878173828,52.36611584254673,0.005877254636166,59.7464773658908,0.0625227228803858,0.8876621130120839,1.0227654456502833
2021-06-15,53.0674934387207,52.78563232421875,52.439325605119976,-0.0034368483063729,58.72285966403416,0.0602450287058238,0.5673700344455312,0.9750265002516468
2021-06-16,52.36285018920898,52.82589721679688,52.4589353288923,-0.0132782463208933,52.100862904449976,0.0494960540744259,1.4641817304445013,1.0177440147993544
2021-06-17,52.32624435424805,52.789292907714845,52.42298453194754,-0.0006990802606935,45.68288545805783,0.0410028005042633,1.0981380344828366,1.005336060518062
2021-06-18,50.94441604614258,52.39030227661133,52.32820429120745,-0.0264079397472233,40.02743105110116,0.0432578668513929,1.509940128901171,2.3981844244168986
2021-06-21,51.12744140625,51.96568908691406,52.261531829833984,0.0035926481116526,42.95579657199309,0.044661399732716,0.6131284735215417,0.8349812141585921
2021-06-22,51.12744140625,51.57767868041992,52.15629414149693,0.0,37.894759276764646,0.0486832947855726,0.7137881268633564,0.8110318529734536
2021-06-23,50.56922149658203,51.21895294189453,52.09223556518555,-0.0109182054551184,41.860391040253496,0.0562428918512214,0.6771862092447449,0.8845925438875697
2021-06-24,51.31046676635742,51.0157974243164,52.00726045880999,0.0146580320566234,38.59647326573955,0.0580231876805043,0.6954854437624789,0.9127733920856134
2021-06-25,51.1640510559082,51.05972442626953,51.93013000488281,-0.0028535252098937,39.42659237976564,0.0585877290828368,0.6039754244686861,0.93070706558355
2021-06-28,52.60076904296875,51.35438995361328,51.9615045275007,0.0280806143651646,53.39934920965759,0.059298898509726,1.2720083063160104,0.9868234927456232
2021-06-29,51.932743072509766,51.51545028686523,51.94516290937151,-0.0126999278264027,48.39534619896059,0.0593228104462273,1.7844738081574008,1.141978069775467
2021-06-30,51.3745231628418,51.67651062011719,51.86410985674177,-0.0107489009176459,42.26930529624809,0.0593928449305624,0.905964815008936,1.2637468447655291
2021-07-01,51.25555419921875,51.66552810668945,51.74383735656738,-0.0023157190821206,38.02078414386712,0.0600547510277217,0.7046384820396554,1.0447982518083256
2021-07-02,51.94189834594727,51.82109756469727,51.65036528451102,0.0133906297073846,41.16195811460058,0.0592438181552091,0.613128540434488,0.7299000273404136
2021-07-06,51.32876968383789,51.566697692871095,51.52617073059082,-0.011804125024961,38.90184253431744,0.0598219259302986,1.1987976963545464,1.0896300685403468
2021-07-07,51.209808349609375,51.42211074829102,51.44381059919085,-0.0023176346318305,42.04547189047256,0.0606854169099305,0.6771862893612663,0.6428239360126822
2021-07-08,50.68819427490234,51.284844970703126,51.32680702209473,-0.0101858236052355,39.4083129222504,0.0634824465095603,0.8510568092419604,0.8197448917277508
2021-07-09,51.23725891113281,51.281185913085935,51.347724369594026,0.0108321995700355,52.12206452854159,0.0625847252039548,0.732090852101976,0.8143097040749436
2021-07-12,51.9144401550293,51.27569427490234,51.403938565935405,0.0132165782925859,55.32179654453517,0.0585631167045179,0.5948222730536443,0.6740078856400477
2021-07-13,52.04255676269531,51.41845169067383,51.469303948538645,0.0024678414576644,56.0827443093129,0.0514030048621815,0.8785090167777838,0.6974260116471387
2021-07-14,51.722267150878906,51.52094345092773,51.55166435241699,-0.0061543788725997,57.9146011539988,0.0438343190145445,1.0340767754366738,0.7290758185325823
2021-07-15,51.07254409790039,51.59781341552734,51.53466987609863,-0.0125617666967925,48.34609889358073,0.0415746649417314,0.7595467492349002,0.8536933734855483
2021-07-16,50.30384063720703,51.411129760742185,51.47322627476284,-0.0150512075376515,44.49645648325185,0.042863157005934,1.8576811500781856,1.130509959610261
2021-07-19,50.00185394287109,51.02861251831054,51.28758948189871,-0.0060032532409182,30.547998867067804,0.0484917525707187,0.7686962922925318,1.2896594502937435
2021-07-20,50.55091857910156,50.7302848815918,51.18888773236956,0.0109808855659192,39.46999545936311,0.0501760570126655,1.18049835746492,0.9472948906536464
2021-07-21,51.45688629150391,50.6772087097168,51.19477081298828,0.0179218842677348,50.59604689310803,0.050194567813497,1.162195797213485,0.8823707596263334
2021-07-22,51.209808349609375,50.7046615600586,51.1915032523019,-0.0048016496858134,49.67497232711358,0.0484581957738365,0.7869990557035322,1.6843695091062043
2021-07-23,48.50106430053711,50.34410629272461,50.94572939191546,-0.0528950241441965,31.01006094505688,0.0691520612562671,2.187122907086476,2.8097348573850818
2021-07-26,49.69986724853516,50.28370895385743,50.82937921796526,0.024717044157416,41.555976629224936,0.0739139308508884,1.6289061017601796,1.3312843854502567
2021-07-27,48.66577911376953,49.90668106079102,50.647662843976704,-0.0208066578849083,37.95489157448192,0.080333396662557,0.8144511744917295,1.559640670178511
2021-07-28,48.565128326416016,49.32832946777344,50.49601527622768,-0.0020682045820784,39.53067702433305,0.0880767534263449,0.8968118297008019,1.1092186261545922
2021-07-29,49.14164733886719,48.914697265625,50.34632873535156,0.0118710488846291,39.69396622237167,0.091721281560821,0.7137881637314152,0.6748053899394191
2021-07-30,49.159942626953125,49.0464729309082,50.14957891191755,0.0003722970042046,35.514888225469306,0.0946201024180671,0.5948257072511822,0.6692257247317064
2021-08-02,49.12333679199219,48.93116683959961,49.94106319972447,-0.0007446272921577,34.49947417119178,0.0940695936122155,0.8510565936677281,0.734261223204766
2021-08-03,49.47108840942383,49.09222869873047,49.780264718191965,0.0070791530083584,38.08141026132996,0.093805320386452,0.8236044011158583,0.677880435086322
2021-08-04,49.32466506958008,49.24413604736328,49.65541621616909,-0.0029597759934438,40.22513531756432,0.0937972248789443,0.6771826669636027,0.7249435795527277
2021-08-05,49.635986328125,49.343003845214845,49.60771233694894,0.006311675063698,46.063711246192426,0.0939116285105118,0.4052656534992707,0.6351993368369563
2021-08-06,49.66361618041992,49.443738555908205,49.583552496773855,0.0005566496072479,47.9398213227692,0.0920721468575217,0.368425870316031,0.7980084599837464
2021-08-09,49.78335571289063,49.57574234008789,49.52872657775879,0.0024110111522228,45.06683403779586,0.0854643848772616,0.5342136534443256,0.608871070665709
2021-08-10,49.68204116821289,49.617932891845705,49.40195192609514,-0.0020351087874035,37.2770304821857,0.0761034734650351,0.8105348610914476,0.6723228071572027
2021-08-11,49.866249084472656,49.72624969482422,49.30598340715681,0.0037077364763673,40.28109829996626,0.0674180797576844,0.4789522098856977,0.7670965633572214
2021-08-12,49.31361389160156,49.66177520751953,49.36402266366141,-0.0110823493448432,58.54238971151457,0.0629993485155793,0.8473780692017172,0.6267995151174347
2021-08-13,49.267555236816406,49.58256301879883,49.33314323425293,-0.0009339947156661,44.00106715450866,0.0621841245031469,0.4605305074859416,0.649049856013048
2021-08-16,49.24913787841797,49.4757194519043,49.37481171744211,-0.0003738232658371,61.27232735185365,0.0620648973000284,0.4513214825610276,0.7665462196999471
2021-08-17,48.53071212768555,49.245453643798825,49.37235341753279,-0.0145875802436584,49.46314363853179,0.0619144797860375,0.8842178862340617,0.9495187149630208
2021-08-18,48.0701789855957,48.88623962402344,49.29581996372768,-0.0094895195619254,32.65872863974759,0.0544214214572174,0.8473745508969799,0.6544709529820475
2021-08-19,48.30044555664063,48.68360595703125,49.234427315848215,0.0047902166354305,36.98256577122909,0.0435999432530272,1.0039532828745834,1.0300251198331136
2021-08-20,47.90439224243164,48.41097335815429,49.14735984802246,-0.0081997859366441,33.351291250673555,0.0478737621681245,0.8842214366437915,1.27189819000834
2021-08-23,49.0280876159668,48.36676330566407,49.1157169342041,0.0234570426830262,45.00756624765708,0.0466157548355594,0.9763261440857248,1.2119632867066588
2021-08-24,49.56230163574219,48.57308120727539,49.132690974644255,0.0108960811190483,52.46280393163053,0.0466019522875955,0.6079002171001449,1.082005140226299
2021-08-25,49.56230163574219,48.87150573730469,49.1274277823312,0.0,49.18367415937372,0.0458530294311897,0.4605305739719085,0.8297966726854
2021-08-26,48.93598175048828,48.99861297607422,49.07545389447893,-0.0126370217803248,42.88290950554797,0.0460777682061271,0.7184266000698827,1.071200924615535
2021-08-27,49.635986328125,49.34493179321289,49.064927509852815,0.01430449645837,48.70550248565499,0.0468199106459123,0.9394828233374212,0.9043803202464074
2021-08-30,49.68204116821289,49.47572250366211,49.064927509852815,0.0009278518166928,50.0,0.0475881903967578,1.022378521028017,0.8057596176906491
2021-08-31,49.79256820678711,49.521775817871095,49.05966459001814,0.0022246879551506,49.33778399175512,0.0485031165750275,0.7736915247676777,1.2150062109100002
2021-09-01,49.433353424072266,49.49598617553711,49.06821741376604,-0.0072142248462268,51.11493780089894,0.0486040547315282,0.5802695457460203,1.00920756198169
2021-09-02,49.48860931396485,49.60651168823242,49.08400699070522,0.0011177855853428,52.054794520548,0.0482721179461028,0.4973738054233294,0.8590580702576822
2021-09-03,49.285980224609375,49.5365104675293,49.08663858686175,-0.0040944591526094,50.33112582781457,0.0476155219994057,0.7000084364017312,0.7400367923049637
2021-09-07,49.4149284362793,49.48308792114258,49.14979689461844,0.0026163264093008,58.88888888888884,0.0465732202406849,0.4697431192433754,0.766861233938418
2021-09-08,49.34124374389648,49.39282302856445,49.24058723449707,-0.0014911423473543,63.8554747925016,0.0457676443185641,0.8565836061056089,0.999382616756817
2021-09-09,49.184669494628906,49.34308624267578,49.30374608721052,-0.0031732935245869,59.79602773049142,0.0438962703773301,0.50658295738085,0.7501160957479359
2021-09-10,49.58993148803711,49.36335067749023,49.42414174761091,0.008239599809702,68.63551398715828,0.0445278232687278,1.0776398379400476,1.1134171069956222
2021-09-13,50.64915466308594,49.63598556518555,49.53993225097656,0.0213596418318171,68.18190764280789,0.0520340988307001,0.9947477379133288,1.215707017143471
2021-09-14,50.21625900268555,49.7962516784668,49.58664349147252,-0.0085469473929027,57.50537408443549,0.054970638821846,1.0776399594849764,1.1715018600027494
2021-09-15,50.76889419555664,50.08178176879883,49.672828674316406,0.011005104797662,62.28902228179571,0.0590959677225055,0.6723777922485468,1.006197125495204
2021-09-16,50.50178146362305,50.34520416259765,49.78467151096889,-0.0052613462665682,67.2065065843031,0.0565326947313349,0.6539525333938982,1.049818701984963
2021-09-17,49.97677612304688,50.42257308959961,49.80901363917759,-0.0103957786311821,53.89472013783418,0.0520219110405773,0.8473780794611088,1.8097197353225003
2021-09-20,48.79782104492188,50.0523063659668,49.74585505894253,-0.0235900586148717,41.97319839957788,0.043892785405459,1.0868524768297902,1.752185426656519
2021-09-21,48.69650650024414,49.74835586547852,49.6675649370466,-0.002076210423094,40.03346620842568,0.0458572743203808,0.5710569817784332,0.9119276219080044
2021-09-22,49.27677154541016,49.44993133544922,49.65638051714216,0.0119159481217223,48.631220067213576,0.0462927204471306,0.8013222170324568,0.9478772282820084
2021-09-23,49.76493453979492,49.3025619506836,49.67611803327288,0.009906553921352,52.24557237496777,0.0463535497412638,0.6447435301226889,0.8367743277394476
2021-09-24,49.939937591552734,49.29519424438477,49.72282927376883,0.0035165936291521,55.3383909125503,0.0447345953171657,0.6355309402491542,0.6703214533394806
2021-09-27,50.3452033996582,49.604670715332034,49.78927748543875,0.0081150643683227,57.26622957931634,0.0463014207902739,0.9671135255555968,0.7229395035710348
2021-09-28,49.73729705810547,49.81282882690429,49.81756700788225,-0.0120747618542119,52.855228007376894,0.0462992213883853,0.5802694494772425,1.2513062259976222
2021-09-29,49.267555236816406,49.81098556518555,49.8234874180385,-0.0094444581646704,50.571724477638334,0.0469647141680304,0.8013220992262333,1.0444827889940391
2021-09-30,49.07413482666016,49.67282562255859,49.78664479936873,-0.0039259185731161,46.33506136284667,0.0480684448127259,0.6631651236800451,1.0404079530476018
2021-10-01,49.60835647583008,49.60650939941407,49.7123020717076,0.010886012581921,42.00849766586585,0.0479601324452993,0.9763261306199028,0.9978550862893294
2021-10-04,49.24913787841797,49.38729629516602,49.64322199140277,-0.0072410904720684,42.489229699071466,0.0480675720439899,1.1513263688534607,1.3257243834065504
2021-10-05,49.69124221801758,49.37808532714844,49.56624685014998,0.008976895000498,41.48464402496309,0.0478105731735015,0.7921130311823532,0.8697892478400878
2021-10-06,49.7188835144043,49.46835098266602,49.510325568062925,0.0005562609255258,43.57039383656056,0.047350626052922,0.9210612066697408,0.9582001909273448
2021-10-07,49.90309524536133,49.63414306640625,49.50506264822825,0.0037050657202239,49.35901052331151,0.0463934618305879,0.8013257600934693,0.9722614526960316
2021-10-08,49.56230163574219,49.62493209838867,49.55966840471541,-0.0068291076524119,57.786090372792366,0.0464275555671618,0.8105347939900085,0.762157377814333
2021-10-11,49.22150802612305,49.619406127929686,49.59716851370676,-0.0068760650408006,55.09833935189234,0.04397608353385,0.9118521110547704,0.6965956853911711
2021-10-12,48.0517578125,49.29150924682617,49.5096675327846,-0.0237650218478115,39.32586734598898,0.0514933542384532,1.5750172139836849,1.546004823204196
2021-10-13,48.1346549987793,48.97466354370117,49.39321899414063,0.0017251644903972,34.71508705971215,0.05233046131916,0.6539560983031123,0.8745460113406921
2021-10-14,49.64519500732422,48.92308349609375,49.372165952410015,0.0313815484619808,47.790040552391176,0.0484511386678722,1.1697480259772703,1.234931294646403
2021-10-15,50.16098785400391,49.04282073974609,49.359007699149,0.0103895824480817,48.6412846220464,0.0493280620009174,0.6263218439599001,1.2001958855006911
2021-10-18,50.17020797729492,49.23256072998047,49.38992990766253,0.0001838106402098,53.50231862535422,0.0498064986980554,0.7736915992628255,1.098935914041354
2021-10-19,50.851783752441406,49.79256591796875,49.50308908735003,0.013585269079509,62.39192395647838,0.0534131068602346,0.7829040626125945,0.9011060937796248
2021-10-20,50.99915313720703,50.365465545654295,49.64059039524624,0.002898018002339,65.16686703534499,0.0588396882710792,0.3776349179656648,0.8290724197855963
2021-10-21,51.57942581176758,50.75231170654297,49.78138106209891,0.0113780845144504,65.41781446488335,0.0681893213524235,1.1421138896616227,1.792283046165496
2021-10-22,45.55569076538086,49.83125228881836,49.51756341116769,-0.1167856165822698,34.68300707051307,0.1018582678640584,1.2986962842080914,4.186232948399679
2021-10-25,45.5096321105957,48.89913711547852,49.21887697492327,-0.001011040640836,32.06957016720263,0.1242295889833428,0.7000049407904996,1.5568994412602075
2021-10-26,44.46883010864258,47.62254638671875,48.843873160226,-0.0228699278303065,29.28779026018823,0.1522108741243434,1.3908007564695597,2.286311506408269
2021-10-27,44.109619140625,46.24463958740235,48.430053438459126,-0.0080778146656879,27.455207305657357,0.1773821956631575,0.8750088195996142,1.3274404196342209
2021-10-28,44.28462600708008,44.78567962646484,48.0530766078404,0.0039675442650535,29.193940409272315,0.1962265155435384,0.4421089725869365,0.9946054029814152
2021-10-29,45.13199234008789,44.70093994140625,47.760968344552175,0.0191345487003173,34.49719369708356,0.2054970393208395,1.252643614875538,1.2972840023362828
2021-11-01,45.638580322265625,44.72672958374024,47.58859852382115,0.0112245871700142,40.3676611658084,0.2110871905150524,0.5526352971955504,0.8582530072035018
2021-11-02,45.92411422729492,45.0177864074707,47.43070275442941,0.0062564151429134,41.31696060656007,0.2133298750421293,0.6171128610641858,0.8217094740760819
2021-11-03,46.41227340698242,45.47831726074219,47.19977978297642,0.0106296917839596,36.191993128345935,0.2128267077092279,0.6815868354561303,0.7198269562684869
2021-11-04,46.66083908081055,45.95355987548828,46.94976915631975,0.0053556022056597,34.70143094524549,0.2101547933528707,0.5750282170794776,0.740615233726267
2021-11-05,47.22658157348633,46.37247772216797,46.73951012747629,0.012124567492153,37.73078689187694,0.2071259353981523,0.964565786328066,1.0661725046505064
2021-11-08,47.81089401245117,46.80694046020508,46.52230371747698,0.0123725329993582,37.22178175731499,0.2047044922986352,0.8625440675145626,0.8941664228610596
2021-11-09,47.48627853393555,47.1193733215332,46.27138410295759,-0.006789571398332,35.455103433962705,0.2044465209153041,0.9274663637956024,0.6453125931770329
2021-11-10,47.07818603515625,47.25255584716797,45.94986697605678,-0.0085939035733797,31.093248629149045,0.2041992900342956,0.6306773429787143,0.7112789525971679
2021-11-11,46.864871978759766,47.29336242675781,46.04337991986956,-0.0045310593793309,60.74267219252006,0.1996587982009059,0.6121276291746511,0.7232513648453175
2021-11-12,46.66083908081055,47.180213928222656,46.12560898917062,-0.0043536424903004,59.20767754974516,0.1915437518466725,0.6677769862882812,0.6808758100344859
2021-11-15,46.67010498046875,46.952056121826175,46.28284290858677,0.0001985797906924,71.0857892879041,0.1815788132675209,0.4730098048984601,0.7017061320366705
2021-11-16,46.9390754699707,46.8426155090332,46.48494693211147,0.0057632287224234,77.57987930258759,0.1635442182787798,0.7512490640814278,0.8634062781611069
2021-11-17,46.58663558959961,46.74430541992187,46.64937618800572,-0.0075084538168326,71.688429684344,0.1386935305313527,0.8903668708392303,0.6512672618917559
2021-11-18,46.07653045654297,46.58663711547852,46.71684319632394,-0.0109496023183636,59.50289648269441,0.0918392251449721,1.1778827377719452,0.8571194928551709
2021-11-19,45.92813491821289,46.44009628295898,46.73752566746303,-0.0032206317806423,53.13945283644736,0.0911230975970221,0.4544565385462462,0.8722598517692838
2021-11-22,46.21565628051758,46.34920654296875,46.75835009983608,0.0062602446804489,53.15963982437718,0.0900435093504879,1.335550454162835,1.0715120085234202
2021-11-23,45.5385971069336,46.069110870361335,46.69594464983259,-0.0146499958688111,40.90381586253083,0.083977024253052,1.678715394354633,1.4916070354221351
2021-11-24,46.15072250366211,45.98192825317383,46.65950775146485,0.0134419028168812,45.06274395710046,0.0716183406665386,1.066584144670756,0.8908952854661069
2021-11-26,45.24180221557617,45.81498260498047,46.5177377973284,-0.0196946058214757,31.98658630822959,0.0624699459606464,0.9831154915695706,0.8736977861067219
2021-11-29,46.37331008911133,45.90401763916016,46.41505323137556,0.0250102298786318,38.1316293366254,0.0567775266967957,1.3077272029928295,1.1091620231216217
2021-11-30,45.631343841552734,45.78715515136719,46.28255789620536,-0.0159998552213077,35.673340616577235,0.0568196489261067,1.595243209201648,1.6793042509884342
2021-12-01,45.07486724853516,45.6944091796875,46.13946369716099,-0.0121950516064098,34.87399363113096,0.0621829939553498,1.6601657649251678,1.175734115603776
2021-12-02,45.90958404541016,45.64618148803711,46.07122884477888,0.018518452694991,43.4058986508086,0.0630261609107729,1.354100013632717,1.220525827544782
2021-12-03,45.67771530151367,45.73336410522461,46.00100571768625,-0.0050505520517708,43.239733954204766,0.064376782633952,1.205709021102379,1.0434497381086836
2021-12-06,47.2915153503418,45.91700515747071,46.045392172677175,0.0353301393945735,53.50055893245406,0.0647271329943251,1.8827557417562344,1.2986883363710973
2021-12-07,48.75690460205078,46.54211730957032,46.17523711068289,0.0309863035864506,59.02390971640186,0.0747437006145645,2.5876319054153285,2.692978334546519
2021-12-08,47.99638366699219,47.12642059326172,46.27593340192522,-0.0155982202165189,56.72565769334786,0.078146319323604,1.3911995265794843,1.0674935295954455
2021-12-09,46.81850051879883,47.308203887939456,46.32893126351493,-0.0245410811857353,53.32777173446262,0.0774879056901873,1.075860815181464,0.9022581647955856
2021-12-10,46.92051696777344,47.55676422119141,46.3998156956264,0.0021789772812916,54.469475782772896,0.0776153629551014,0.9460159842120248,0.6786429879512021
2021-12-13,46.37331008911133,47.37312316894531,46.41107668195452,-0.0116624221987569,50.693809769072544,0.0774925476433633,0.992388552866764,1.00249663806184
2021-12-14,46.0950813293457,46.8407585144043,46.45082555498396,-0.0059997606215941,52.53809694316242,0.0775742309810925,0.8810937979559981,0.9449238011800608
2021-12-15,46.994720458984375,46.64042587280274,46.51111112322126,0.0195170309649921,53.751054962485895,0.0777338652655725,1.3448234401315844,0.9004765657206454
2021-12-16,47.14312362670898,46.70535049438477,46.64691979544504,0.0031578689324074,59.06286730050852,0.0789880751671529,0.7605222426599241,0.9034878536631258
2021-12-17,46.94834518432617,46.710916137695314,46.68799373081752,-0.0041316405744581,53.00974269976368,0.07925906699186,0.9367429855631072,1.330959145813163
2021-12-20,46.00232696533203,46.63671951293945,46.71449252537319,-0.020150193053236,51.901123068351765,0.0790733308804953,1.085137408415342,0.7979875240896374
2021-12-21,47.08747100830078,46.83519744873047,46.858249936785015,0.0235888946180162,59.783585875818495,0.0797352082589472,0.8347212010073761,0.8476758829376856
2021-12-22,47.27296829223633,46.89084701538086,46.955634525844026,0.003939419127072,57.07414088704307,0.0784037208898486,0.7512491331999556,0.6363331459107407
2021-12-23,47.58830261230469,46.9798828125,47.092105048043386,0.0066704996842803,59.82826550832163,0.0800080629804857,0.6306774397400332,0.6887280375383593
2021-12-27,48.17260360717773,47.22473449707032,47.15503992353167,0.0122782482836856,55.0693420820446,0.0793898932807848,0.7048764462310189,0.5769595320847033
2021-12-28,48.00566101074219,47.62540130615234,47.10137966700962,-0.0034655091054838,44.91847744750858,0.0819072326079726,0.4544565708442505,0.5393959170616982
2021-12-29,48.07058334350586,47.82202377319336,47.10667964390346,0.0013523891015507,50.55403358438737,0.0805711078538382,0.4451834301516655,0.4169221913680741
2021-12-30,47.98711013793945,47.96485214233398,47.190151759556365,-0.0017364716581431,60.43046470358316,0.0723494837171849,0.4544565267350862,0.5536282304139697
2021-12-31,47.76451873779297,48.00009536743164,47.25043760027204,-0.0046385664714262,57.3744395425948,0.0685797660917277,0.6492271758813715,0.5081287680936608
2022-01-03,49.35048675537109,48.23567199707031,47.46309307643345,0.0332038940093672,72.01649271419461,0.0717284028863784,1.511771236747407,1.0515595771225787
2022-01-04,49.28556060791016,48.49165191650391,47.690984453473774,-0.0013156131120399,74.36246834406954,0.0795142014496178,1.1964288864740595,1.4071064088529168
2022-01-05,49.96261215209961,48.87005767822266,47.90297671726772,0.0137373205425359,73.46028985262538,0.0889853069886162,2.170267900231281,1.9170374464019369
2022-01-06,50.09245681762695,49.29112701416015,48.11364337376186,0.0025988366087037,73.38219354401677,0.1002801120840294,1.1593329562661625,1.1623144222403854
2022-01-07,49.56380081176758,49.65098342895508,48.30046163286482,-0.0105536050624162,69.69270662196735,0.1042051386885913,1.150056300640948,1.0000538815117883
2022-01-10,51.20542144775391,50.02197036743164,48.672111238752095,0.0331213629523863,85.46142806630776,0.1194515567994792,1.8549328852336515,1.5399098545283978
2022-01-11,51.85464477539063,50.535787200927736,49.01262365068708,0.0126788005894871,84.5429728573279,0.133336482361784,1.2520817264119586,1.236151415129212
2022-01-12,51.69697189331055,50.882659149169925,49.32862390790667,-0.0030406703731757,82.18614425463714,0.1389462940564357,1.3633730228408325,0.912131491589562
2022-01-13,50.95499801635742,51.05516738891602,49.56910215105329,-0.0143523662949615,73.06218717875159,0.1411217573455838,1.3355502184494412,0.9311515441636804
2022-01-14,51.65987396240234,51.47438201904297,49.81819289071219,0.0138333033752378,73.49994164647438,0.1458665044851717,1.1500597763974127,0.9527938618479712
2022-01-18,50.78805541992188,51.39090881347656,50.01693534851074,-0.0168761260067138,67.12323107117045,0.1429438953251512,0.8996434854726729,1.1426221440351414
2022-01-19,49.73073959350586,50.96612777709961,50.13551793779646,-0.0208181986428502,59.10471679560834,0.1286916928284831,1.196428779852333,0.989214861162798
2022-01-20,48.26534652709961,50.27980270385742,50.15539196559361,-0.0294665448047671,51.32506997956568,0.1228694285663293,1.994053936485919,0.9292137171068192
2022-01-21,48.26534652709961,49.74187240600586,50.19116537911551,0.0,52.43680028924812,0.117874993253414,1.0944105040243883,1.4530785214022657
2022-01-24,48.17260360717773,49.04441833496094,50.10703086853027,-0.0019215218908623,43.29461645271257,0.1149679177030022,2.086799402809639,1.8958149874701813
2022-01-25,47.30078125,48.34696350097656,49.96526091439383,-0.0180978874276129,39.651840678704986,0.1196245236644088,1.2706278390159795,1.2591950819447426
2022-01-26,47.94073486328125,47.98896255493164,49.82084110804966,0.0135294512346189,39.4174837146135,0.1199163508900668,1.827109860925184,1.491764579280344
2022-01-27,44.56475830078125,47.248844909667966,49.42600549970354,-0.0704197916892118,28.4058174894857,0.1482688216014051,2.114625726115186,2.2094543651258234
2022-01-28,44.26797103881836,46.44936981201172,49.04773194449289,-0.0066596852149355,28.929914612935235,0.173761643683055,1.762187582819685,1.448958602085018
2022-01-31,45.278900146484375,45.87062911987304,48.6244089944022,0.0228365810300981,25.17476394004875,0.1865251362147675,1.4468450251099585,1.1639732531664957
2022-02-01,45.39948272705078,45.490369415283205,48.16332599094936,0.0026631075440504,21.70735442725588,0.1984049327909114,0.6214008135668436,0.7933468995135254
2022-02-02,45.91886520385742,45.08599548339844,47.750604084559846,0.0114402730077181,25.453162364462884,0.2057572824262435,1.3819266521219262,0.8585421697182776
2022-02-03,44.77807235717773,45.12865829467773,47.30939510890416,-0.024843663745067,24.61893383609214,0.2169303586419044,1.3355502139876094,0.9717853267927854
2022-02-04,44.86685943603516,45.24843597412109,46.82417978559221,0.0019828249449689,20.598825371603624,0.2247558777849359,1.0373306206973965,0.7506746906214098
2022-02-07,45.025726318359375,45.197801208496095,46.412584849766326,0.0035408514061632,23.419354657067885,0.2310383336575375,0.6541727392095638,0.6402223709031437
2022-02-08,45.61448287963867,45.24080123901367,46.11856651306152,0.0130760036410391,30.154533376296072,0.2264857274156032,0.9719100310586342,0.6681287859011564
2022-02-09,46.64247131347656,45.3855224609375,46.00264685494559,0.0225364482712739,41.83119410224301,0.2120530280502328,1.065365437620116,0.843410470275704
2022-02-10,45.66120910644531,45.56214981079101,45.81663703918457,-0.0210379548809999,38.07042836846715,0.1969285790659583,1.0934036955116395,0.781233904474127
2022-02-11,44.51173400878906,45.4911247253418,45.55514635358538,-0.0251739960493949,34.70988818187122,0.1874715677930306,1.5045962064848766,0.8792677030601698
2022-02-14,44.46501922607422,45.37898330688476,45.35259192330496,-0.0010494936617301,37.27930637484071,0.164882993250681,0.9999486164626248,0.6738147110769827
2022-02-15,45.26870727539063,45.30982818603516,45.16173280988421,0.0180746137819081,38.18731225837704,0.1402406401616818,1.1868555035510653,0.8480589870946208
2022-02-16,45.07245635986328,44.9958251953125,45.1979969569615,-0.0043352445284877,53.12227279125416,0.1206959790916372,0.8317360764824571,0.6191487653201126
2022-02-17,44.45566177368164,44.75471572875976,45.21140343802316,-0.0136845123606551,51.1105603677882,0.1134435390840763,0.8223851274057168,0.7589735448293674
2022-02-18,42.0912971496582,44.27062835693359,44.98371750967844,-0.0531847807386184,33.74286911625491,0.1215226613304777,1.588704169916248,1.7506350390563603
2022-02-22,41.76421356201172,43.73046722412109,44.72405542646136,-0.007770812728425,31.842189903190302,0.1274183017689794,1.457870497051637,1.3168897319099877
2022-02-23,41.726837158203125,43.02209320068359,44.42462485177176,-0.0008949385280079,28.001998589937216,0.1351714611247089,1.0840565080037263,0.8866194814894637
2022-02-24,43.661319732666016,42.73986587524414,44.34485680716379,0.0463606327776173,44.59036847213162,0.1195807211275784,2.9531198649005432,1.6550288839002474
2022-02-25,44.58649826049805,42.76603317260742,44.32483100891113,0.0211898892084987,48.74370828528614,0.1195795993719764,1.4391794059721974,0.947725834998104
2022-02-28,44.57715225219727,43.26320419311524,44.29279000418527,-0.000209615212349,47.96264988057376,0.1193866421888308,0.906496675230578,1.037443827210341
2022-03-01,43.754764556884766,43.66131439208984,44.15995298113142,-0.018448636885995,41.728992923953726,0.1196638243311585,1.570013205629877,1.3286081760484163
2022-03-02,45.670555114746094,44.45005798339844,44.09053039550781,0.0437847301262619,45.99381481814597,0.1206213933536311,1.411144614146977,1.14170409488575
2022-03-03,44.792091369628906,44.676212310791016,44.02845055716379,-0.019234794560961,46.38692509459516,0.1172311549262277,0.8691145081991181,0.8868604044011695
2022-03-04,44.92292404174805,44.74349746704102,44.05782127380371,0.0029208877754667,51.86755924278183,0.1174211868816566,0.8410796846513904,0.9380561266115124
2022-03-07,44.55846405029297,44.73975982666016,44.06449590410505,-0.0081130068718673,50.412505296085705,0.1171662753790173,0.8784619279467876,1.0580558193830758
2022-03-08,44.3902473449707,44.86685638427734,44.00174876621792,-0.0037751908398907,45.89160237194962,0.1165940528617116,1.7101943983635124,1.0601219708367635
2022-03-09,44.51173400878906,44.635092163085936,43.961697169712615,0.0027367872693804,47.359135318488384,0.1139509855267559,1.4672140928562314,0.8454043026302053
2022-03-10,43.60523986816406,44.39772186279297,43.90095274788992,-0.0203652848133485,46.10111534617986,0.1042140534468654,1.0747126564229037,0.8530592761070396
2022-03-11,42.82958221435547,43.97905349731445,43.95368739536831,-0.0177881753696049,53.961922862291054,0.1032035398705979,1.41114105764278,0.6379528483869973
2022-03-14,41.493202209472656,43.36600112915039,43.93432944161551,-0.0312022657189238,48.68779377062212,0.1153947563747733,1.5700132878149589,0.8490958722111173
2022-03-15,41.87635803222656,42.863223266601565,43.94500950404576,0.0092341830071247,50.7005069900575,0.1221843845518247,0.7756628605096836,0.8069461897278911
2022-03-16,43.57720565795898,42.676317596435545,43.9390013558524,0.0406159395337937,49.597104561324485,0.1181741814180302,1.270963434156208,0.9076313460582148
2022-03-17,44.05381393432617,42.76603240966797,43.90095247541155,0.0109371004673437,47.33394632457275,0.1148640105882581,1.4578704099717612,0.6645420559355673
2022-03-18,44.34352111816406,43.06882019042969,43.884264537266326,0.0065762111827543,48.86260946304466,0.1145513537309731,1.1681643942353332,1.0585473616902472
2022-03-21,44.28744888305664,43.62766952514649,43.92231341770717,-0.0012644966771584,52.80237065626527,0.1099115131735164,0.766315573673161,0.7930470160885826
2022-03-22,45.221981048583984,44.29679412841797,43.8902724129813,0.0211015127106333,47.36842340832259,0.1046503005647937,0.9999484714125088,0.6973710943124145
2022-03-23,45.10983657836914,44.6033203125,43.912968499319895,-0.0024798663750348,52.04822595280191,0.0956223718126955,1.4204883281234115,0.9284317984089844
2022-03-24,48.24051284790039,45.440660095214845,44.14993912833078,0.0694011884545922,65.42140824531091,0.1261020680389372,2.859667543922747,1.3272803670099895
2022-03-25,48.436771392822266,46.25931015014648,44.42696108136858,0.0040683345457099,68.31422484808024,0.150405253209744,1.429832114335298,0.8603800992678572
2022-03-28,48.13771438598633,47.02936325073242,44.694637298583984,-0.0061741730143527,67.48036080460024,0.1664736515050279,0.9438752148428337,0.6085581441264097
2022-03-29,48.82926940917969,47.75082092285156,45.00303268432617,0.0143661790347628,69.122505982668,0.1834115981369082,0.943878783040084,0.751015555880432
2022-03-30,48.06295394897461,48.341444396972655,45.321440832955496,-0.0156937728021999,69.99160004584904,0.192761357328042,1.2055428909897756,0.698730662801367
2022-03-31,46.31538009643555,47.956417846679685,45.57042639596121,-0.0363601008459519,64.37930558060211,0.1939078866060987,1.6354300428337538,1.2272919339769892
2022-04-01,44.9603157043457,47.26112670898438,45.81807735988072,-0.0292573307024232,64.28021738891343,0.1938839552890324,2.401745919215536,1.2936918688745598
2022-04-04,45.97895431518555,46.82937469482422,46.11111995152065,0.0226563936414125,66.05706405948456,0.1938546306653708,1.2242376496211165,0.6792111123231717
2022-04-05,44.979000091552734,46.05932083129883,46.21124812534877,-0.0217480853691914,55.804936736375474,0.1930481461938647,0.897149344486337,0.7567275771035544
2022-04-06,44.42763137817383,45.33225631713867,46.23794937133789,-0.0122583586175019,51.53848037815023,0.1932041985745969,0.8691110741750094,0.9314368316011252
2022-04-07,44.446319580078125,44.95844421386719,46.24529211861746,0.0004206436698193,50.43272998214354,0.1908042987036131,1.0653653433631618,0.7259380085603313
2022-04-08,43.94166946411133,44.75471496582031,46.2205935886928,-0.0113541485714599,48.59741182528954,0.1859167756767848,0.6822110996549569,0.6722231142822962
2022-04-11,43.52113723754883,44.26315155029297,46.09910474504744,-0.0095702378105129,42.80064716767262,0.1721837831433797,0.7195897748531124,0.928380360515305
2022-04-12,43.45571899414063,43.95849533081055,45.98095348903111,-0.0015031372698541,42.97062465288149,0.1610451631419421,1.4017973869077665,0.9198124976512922
2022-04-13,43.93232345581055,43.85943374633789,45.673225675310405,0.0109675889089346,26.35897096675332,0.1593882063316433,0.6728638086766168,0.7009812213178117
2022-04-14,42.68004989624024,43.50617980957032,45.26203128269741,-0.0285046057450139,21.69111577999547,0.1669392171285153,1.0560215437616804,1.1303177821881651
2022-04-18,43.5865478515625,43.43515548706056,44.93694795880999,0.0212393836822133,28.881162429012942,0.1697951376797658,1.2803071351334123,0.8261677850377477
2022-04-19,44.792091369628906,43.68934631347657,44.64857809884207,0.0276586143544099,32.11916971685919,0.1686059292170699,1.5513220188906232,1.0186496779015553
2022-04-20,44.9603157043457,43.990265655517575,44.42696108136858,0.0037556704671053,35.4895293282285,0.168879032997302,0.7195897575211561,0.7434643321721546
2022-04-21,44.3902473449707,44.08185043334961,44.28945159912109,-0.0126793673586215,39.882129054971394,0.1701770546911923,1.4017972845780236,0.9057503270537576
2022-04-22,43.49309921264648,44.24446029663086,44.18465042114258,-0.0202104783366535,41.89885394085779,0.1642720900886389,1.0747127089776,0.973552702006433
2022-04-25,43.97905731201172,44.3229621887207,44.04180063520159,0.0111732230667052,38.26755019055737,0.1515525559739558,0.8971494586369388,1.236049111932947
2022-04-26,42.53987121582031,43.872518157958986,43.86757714407785,-0.0327243507285984,36.39207330283728,0.1439696747810428,1.242928515837086,1.1886289446878036
2022-04-27,42.25951385498047,43.332357788085936,43.71271160670689,-0.0065904609681934,37.52686723143631,0.1230966205412677,0.9812608871230212,0.9504754911305198
2022-04-28,43.77345657348633,43.20899963378906,43.664649963378906,0.0358248967013952,46.69724993961364,0.0950116854137615,1.6167391030644396,1.3421512466670336
2022-04-29,40.73622512817383,42.65762481689453,43.43568965366909,-0.0693852321260861,37.39897894731158,0.1066233342553773,1.7382290281392372,2.213258584223716
2022-05-02,42.01654052734375,42.26512145996094,43.32821846008301,0.0314294069993352,44.45974581925517,0.1103244269395091,1.3831099264563989,1.423940077741523
2022-05-03,42.10999298095703,42.17914581298828,43.23209517342704,0.0022241824871913,45.05495183269027,0.1036424620302051,1.1775117509007913,1.2267839978347133
2022-05-04,43.49309921264648,42.42586288452148,43.20072201320103,0.0328450834060911,48.486822184653406,0.0987617941399042,2.08400492966647,1.3251055653240051
2022-05-05,42.00957489013672,42.07308654785156,43.1528309413365,-0.0341094184908854,47.72636427069562,0.1006436716946579,1.6766142282855228,1.525044736232125
2022-05-06,41.726993560791016,42.271240234375,43.020005634852815,-0.0067265934036396,43.41547438014653,0.1027844207509014,1.2339146683824822,1.1496367259098148
2022-05-09,40.56843566894531,41.98161926269531,42.71831594194685,-0.0277651897004712,34.9944596896342,0.1148882136480856,1.2527535199682305,1.2231756969050462
2022-05-10,41.45383834838867,41.85038833618164,42.46785327366421,0.0218249154753857,38.14645033899634,0.1188999167738297,1.167980711004546,1.145123139559774
2022-05-11,40.342376708984375,41.22024383544922,42.17871965680804,-0.0268120319779144,36.79946835865688,0.1299373007528581,1.4222991456192702,1.0654136416310729
2022-05-12,40.35179901123047,40.88868865966797,41.954341070992605,0.0002335584319699,39.12631033246985,0.1368418622005277,0.8477283042183288,1.0886647784811143
2022-05-13,41.06765365600586,40.75682067871094,41.74638366699219,0.0177403402652793,40.07998845795406,0.1406178192556386,0.8194682583978832,0.8282951611310121
2022-05-16,40.577857971191406,40.75870513916016,41.60623986380441,-0.0119265563335348,42.85241394491495,0.1443381108110746,0.7723730208621262,0.6487129702747934
2022-05-17,41.82119369506836,40.832176208496094,41.57493128095354,0.0306407431550397,48.50789548113205,0.1342807958984126,0.7252742713412559,0.742684820976744
2022-05-18,39.8902587890625,40.74175262451172,41.297560010637554,-0.0461712049657148,37.14596561994039,0.1282978800057726,1.6577754673870049,0.9001296327345146
2022-05-19,39.57000350952149,40.58539352416992,41.2142584664481,-0.0080284081693854,45.29293843766168,0.125914372247186,0.9230799065693844,0.7440502560931689
2022-05-20,39.230918884277344,40.21804656982422,41.01528549194336,-0.0085692341463289,37.83228057967768,0.130145313249807,1.8649987655850493,1.1187081980745972
2022-05-23,39.56058120727539,40.014591217041016,40.833184650966096,0.0084031251975127,39.08920556007055,0.1239021429920082,0.866563387454903,0.6867129087105706
2022-05-24,39.24974822998047,39.50030212402344,40.53008815220424,-0.0078571387934451,30.004389665698756,0.1280121157330383,0.744116592234711,0.7586004378081119
2022-05-25,39.74897384643555,39.47204513549805,40.36861664908273,0.0127192055737506,38.2583351330788,0.1286346954872344,1.0643692438603622,0.669967507349528
2022-05-26,40.954627990722656,39.74897003173828,40.31344767979213,0.0303317048874012,46.33931938833108,0.1116924173498973,1.5070686058701597,0.7464789698912873
2022-05-27,41.96247482299805,40.29528121948242,40.413021905081614,0.0246088630692407,56.70290446537477,0.1142320239319495,0.9419186429096484,0.8346467469434535
2022-05-31,41.84002685546875,40.7511703491211,40.44060679844448,-0.0029180349358752,52.00392245199965,0.1134382890604495,1.0361091309179074,1.1297622405794636
2022-06-01,41.54803466796875,41.21082763671875,40.52672522408621,-0.0069787762925834,56.83762902656338,0.1110752677683693,1.3186876247463817,0.8330250945830722
2022-06-02,42.235633850097656,41.708159637451175,40.66128485543387,0.0165494995761859,59.92064066033142,0.0988390641977772,0.885405860801292,0.8188941183781406
2022-06-03,40.869850158691406,41.69120407104492,40.64715603419712,-0.0323372367573239,49.02506555279251,0.0949029352916305,0.8571458384725759,0.9731541950731992
2022-06-06,40.82275772094727,41.46326065063477,40.6646488734654,-0.0011522537411142,51.26214241198782,0.0922123846564999,0.9042411144389036,0.7635124315285542
2022-06-07,41.00171661376953,41.29559860229492,40.60611479622977,0.0043838021440287,45.25621236311601,0.0923802256099572,0.8759846090708407,0.7785408580291289
2022-06-08,38.83531188964844,40.75305404663086,40.530761446271626,-0.0528369274030237,44.0551909274528,0.0995754280703836,1.1585596986955906,1.7981983921094982
2022-06-09,37.68616485595703,39.843160247802736,40.39620154244559,-0.0295902614856483,40.29122567925852,0.1185979468413159,1.2621711766045325,1.1794310596520776
2022-06-10,36.90437316894531,39.05006484985351,40.23001970563616,-0.0207447929498758,38.53290184198571,0.1427228404836652,0.8477282262620989,1.2993805146326716
2022-06-13,35.576271057128906,38.00076751708984,39.94542612348284,-0.035987662105422,32.12172107253615,0.1763915726527846,1.0737903762842436,1.47791476663986
2022-06-14,35.72697830200195,36.94581985473633,39.693799700055806,0.0042361731680939,33.96226480629285,0.2009747359044141,0.6216662282652123,0.9121099523110188
2022-06-15,36.405155181884766,36.4597885131836,39.454955509730745,0.0189822065037279,35.021022059662855,0.2095033539245997,1.177398245298548,1.0811702515153765
2022-06-16,35.171241760253906,35.95680389404297,39.041856493268696,-0.0338939201183478,24.15815601241158,0.2321123423097646,0.8100505960641939,1.2895331831308865
2022-06-17,34.822731018066406,35.54047546386719,38.53187479291643,-0.0099089689401112,16.100105015647244,0.2543131333414392,1.4317166713643843,1.906155867914846
2022-06-21,35.538597106933594,35.53294067382812,38.08177266802107,0.020557436706954,21.676539435177475,0.2675945713330387,0.6593403080170788,0.9211887582404036
2022-06-22,35.20892333984375,35.42932968139648,37.62897900172642,-0.009276499184756,21.60336024169675,0.2809881358415685,0.5180545859094607,0.8759713011889257
2022-06-23,35.237178802490234,35.19573440551758,37.12908935546875,0.0008025085678922,16.681589038249783,0.2925105392346431,0.6687614218447564,0.8108551305142612
2022-06-24,36.36748123168945,35.43498229980469,36.80749157496861,0.032076984242545,28.07338317838956,0.2955363702806418,0.8477246659557593,1.0097124217179765
2022-06-27,36.38632583618164,35.747701263427736,36.49060358319964,0.0005181718352209,28.33488946729544,0.2923544501579616,0.5557322599501404,0.7820432943870823
2022-06-28,35.58568572998047,35.75711898803711,36.10374423435756,-0.0220038733728107,25.065086695619076,0.2827027390483262,1.2056547317777555,0.9903096835222728
2022-06-29,35.1241455078125,35.74016342163086,35.83866092136928,-0.0129698279715635,29.73252246201332,0.2712374891872655,0.5463109203705585,0.6799463253730226
2022-06-30,35.237178802490234,35.74016342163086,35.66373334612165,0.0032181080292073,34.91884435603336,0.2560251686294667,1.196237193049832,0.932780776874915
2022-07-01,34.229331970214844,35.31253356933594,35.47265897478376,-0.0286018025995931,33.97298532705581,0.2301531379193007,1.243332624243337,1.0608749462001144
2022-07-05,34.55900192260742,34.947068786621095,35.39999689374651,0.0096312119874102,43.07695822410249,0.2096236821335125,1.1303033585661098,0.8679388510099278
2022-07-06,34.841575622558594,34.79824676513672,35.336753845214844,0.0081765584719135,44.0806208509412,0.1782833356278346,0.9042411241282052,0.6854183978886911
2022-07-07,35.924774169921875,34.95837249755859,35.30244091578892,0.0310892526531421,46.953393051464914,0.122781643240842,0.5651533055106981,0.8567718908842533
2022-07-08,35.78348922729492,35.06763458251953,35.34617287772043,-0.0039327997431155,54.50762603473717,0.0930139039814963,0.706438950637974,0.612290581008988
2022-07-11,35.03937530517578,35.22964324951172,35.36164746965681,-0.0207948955841775,51.50722828383196,0.0764031155144391,0.6028273749745736,0.715620126251454
2022-07-12,35.04879379272461,35.32760162353516,35.32666151864188,0.0002687972450079,46.22088454359173,0.0672457545031922,0.6687614113672353,0.8587078746443872
2022-07-13,35.04879379272461,35.36904525756836,35.315223693847656,0.0,48.69828668889061,0.0676380500450429,0.762955436786001,0.7864088490758042
2022-07-14,35.519752502441406,35.28804092407226,35.33540752955845,0.0134372301797889,52.14284433186938,0.0671104512271187,1.7613869226458334,1.0581155031150944
2022-07-15,36.37689971923828,35.40672302246094,35.33608027866909,0.0241315650140849,50.07451016132703,0.0668180999419404,0.8854022974035658,0.9551298925024062
2022-07-18,36.461673736572266,35.69118270874024,35.34146227155413,0.0023304354683406,50.58992750749058,0.0720851348584676,0.7629554765595259,0.9143898958468412
2022-07-19,37.88397216796875,36.25821838378906,35.50562558855329,0.0390080401045844,66.39792321242327,0.0930323747463332,1.4034568843404711,1.619523729419209
2022-07-20,38.2042236328125,36.88930435180664,35.72563116891043,0.008453481684123,72.42807064326706,0.1137485327207626,1.0455267351348496,1.105892003216055
2022-07-21,38.25131988525391,37.43561782836914,35.94092696053641,0.0012327498889668,72.16074087993519,0.1289110816044853,0.7817942641677007,0.905459476909199
2022-07-22,36.92321014404297,37.54487991333008,36.13334683009556,-0.034720625201823,68.91530508383775,0.1301591270922841,1.478811926781475,1.2410885862620349
2022-07-25,36.885536193847656,37.62965240478516,36.29952784946987,-0.0010203324696942,67.03447466839461,0.1318007302872874,0.8100506579023943,0.97700672567658
2022-07-26,36.6971549987793,37.39228897094726,36.43206923348563,-0.0051071833164724,63.77624453188764,0.1326129382693431,0.6499226680776786,1.07755886298951
2022-07-27,37.846290588378906,37.320702362060544,36.56932040623256,0.0313140239246838,64.1274594053674,0.1394924583980745,1.1208818686942266,1.2678767778496522
2022-07-28,37.403587341308594,37.15115585327148,36.68504170009068,-0.0116974012561814,61.40582877627279,0.1402334994792396,1.0172702358248171,1.6125493709363292
2022-07-29,34.20106887817383,36.606727600097656,36.625162669590544,-0.085620623335182,45.61576621995125,0.1472245295294067,1.299845203271076,3.160286037107741
2022-08-01,34.813316345214844,36.19228363037109,36.60834285191128,0.0179014132342434,48.84153008335939,0.1428316544378689,1.544746184308643,1.3049478949230848
2022-08-02,33.91849136352539,35.63655090332031,36.52760696411133,-0.0257035259960933,44.88926528725482,0.1484272901805548,0.6216662084926909,1.3065090213840571
2022-08-03,34.39887619018555,34.94706802368164,36.447544370378765,0.0141629184361879,44.93620253880084,0.1514170699731922,1.2527537717881998,1.3859697169975216
2022-08-04,33.92790985107422,34.251932525634764,36.27261652265276,-0.0136913292314386,38.53615784827162,0.1613909228846534,0.7040544284742083,1.228763305456344
2022-08-05,33.671024322509766,34.14592361450195,36.073284421648296,-0.0075715105850034,37.1439848670064,0.1721934002525489,0.4852265098881716,0.8961102048990283
2022-08-08,33.66151428222656,33.9155632019043,35.771680286952424,-0.0002824398863578,27.636919048658115,0.1804058008433254,0.7230834816964844,0.9098934975122548
2022-08-09,32.843292236328125,33.700523376464844,35.38875661577497,-0.0243073451490701,23.02990757515279,0.1953010635746757,0.8562829504168548,1.0359277859540053
2022-08-10,33.65200424194336,33.55114898681641,35.06023406982422,0.0246233538281133,28.508424025129276,0.2020110173418204,0.7706579155533149,0.8932863168171802
2022-08-11,33.86130905151367,33.537828826904295,34.84152684892927,0.0062196833230347,34.021757955190154,0.2075628824671224,0.7611413681073742,0.7530574294230297
2022-08-12,34.356056213378906,33.674835205078125,34.660849707467214,0.0146109874580622,37.40116068741393,0.2093001758725979,0.4471721984464381,0.7936155521281001
2022-08-15,34.574886322021484,33.85750961303711,34.5092590876988,0.0063694769645115,39.46136541182015,0.2094203193829291,0.685029175921855,0.5381235650818595
2022-08-16,34.43217086791992,34.17528533935547,34.2653933933803,-0.0041277201253056,31.163628052206946,0.2008132329729909,0.8372574824839418,0.5458867056142798
2022-08-17,34.042083740234375,34.25330123901367,34.02528599330357,-0.0113291470695211,31.345616633346125,0.1873078287459961,0.7706577842376205,0.6421245322488972
2022-08-18,34.44168472290039,34.36937637329102,34.04247283935547,0.0117384407404452,51.93824985956938,0.1671470035626218,0.7230871108593604,0.5444045886041806
2022-08-19,33.66151428222656,34.23046798706055,33.960201263427734,-0.0226519244616129,40.96620427272586,0.1603246666967179,0.7991994426165263,0.7032287588573526
2022-08-22,32.196319580078125,33.75475463867188,33.8371889931815,-0.0435272961835251,37.60194696807836,0.1615470268592202,1.2654008215614925,1.1179520865778834
2022-08-23,32.30097198486328,33.328514862060544,33.68733869280134,0.0032504462047242,34.033240408528485,0.159065478967449,0.4566848724035282,0.6764836237024434
2022-08-24,32.21534729003906,32.96316757202148,33.56501279558454,-0.00265083957425,36.1538546947074,0.1334289641414202,0.3710599068443017,0.5643078335341678
2022-08-25,33.1953125,32.71389312744141,33.53103337969099,0.0304192036527863,46.55647458990002,0.0939404819977992,1.0560853476753849,0.6906539415628858
2022-08-26,31.73962783813477,32.329515838623045,33.393755776541575,-0.0438521150197104,38.49653602140448,0.1068208867882326,1.5983987853311383,1.1463886833111965
2022-08-29,31.34003257751465,32.15825843811035,33.28638008662632,-0.0125897903610581,40.52752715337012,0.1174321337121286,0.5708552674366949,0.8644588147507551
2022-08-30,30.69305992126465,31.836676025390624,33.07502692086356,-0.0206436497680663,30.96687979266652,0.1378671741767316,0.8753118535670907,1.072677809043729
2022-08-31,30.36957359313965,31.467521286010744,32.82561724526541,-0.0105393964940225,27.864900413060354,0.1550930800027987,0.5898841837261202,1.2013322059898572
2022-09-01,30.217344284057617,30.871927642822264,32.52999496459961,-0.0050125599760287,22.572455167326357,0.1717341161188654,0.6660001228088603,1.017676625221251
2022-09-02,29.70357322692871,30.464716720581052,32.18204402923584,-0.0170025218728426,18.931962658568622,0.1914510597440489,1.2558861342778087,0.9817442107469582
2022-09-06,28.88534545898437,29.973779296875,31.785842214311877,-0.0275464423654777,17.430097772401965,0.2167889088872334,1.008512850610579,1.3120125981086084
2022-09-07,29.16126251220703,29.667419815063475,31.437212126595632,0.0095521465586918,20.951270855507172,0.2356578428125394,0.7040581883791504,1.0583545923791775
2022-09-08,29.256404876708984,29.444786071777344,31.066834994724815,0.0032626284428571,17.9787927729962,0.247512441558598,0.8943426409337327,1.0665893550331216
2022-09-09,29.93191719055176,29.387700653076173,30.80043520246233,0.0230893821947533,26.666614161915632,0.2495290457326674,0.3995997415607206,0.974749413911512
2022-09-12,30.02705955505371,29.452397918701173,30.645488057817733,0.0031786258092409,33.62061988107018,0.244409405522316,0.7230853143427858,1.0949567046821258
2022-09-13,27.867321014404297,29.248793029785155,30.328798702784947,-0.0719264081349556,24.45173404331088,0.2523570405108911,1.5983989875470357,1.915488069553948
2022-09-14,27.76266288757324,28.9690731048584,30.01074981689453,-0.0037555862214728,24.39821540079896,0.255529437336545,0.7230853299608206,1.070769964586257
2022-09-15,27.43917655944824,28.60562744140625,29.599597249712264,-0.0116518480030168,14.201193960589322,0.25930926155242,0.6660001534126359,1.0339073305993225
2022-09-16,27.819747924804688,28.183193588256835,29.319605827331543,0.0138696350647375,21.857939660040728,0.2459710578389706,0.8562846346074053,1.7735874724476888
2022-09-19,28.01003837585449,27.77978935241699,29.08174909864153,0.0068401213254751,25.352167158623047,0.2331841649254075,0.5708571129627664,0.8065419821792416
2022-09-20,27.55334854125977,27.716994857788087,28.857484000069757,-0.0163045058513164,26.08700073419203,0.2352966786019723,0.4376577367978171,0.7760927820927978
2022-09-21,27.08714866638184,27.581892013549805,28.62302507672991,-0.01691989901626,25.53196147981835,0.2363119987315576,1.0751144244267683,0.985283702866376
2022-09-22,26.70657539367676,27.435371780395503,28.37225587027413,-0.0140499569516304,24.69139978330341,0.2365985592068774,0.4376558733186044,0.8776606124610946
2022-09-23,26.18329429626465,27.1080810546875,28.1208073752267,-0.0195937176406379,24.65759105136864,0.2201884372734632,0.675512887703519,1.0402490124282575
2022-09-26,25.66000366210937,26.63807411193848,27.890425818307055,-0.019985668275131,25.751109765072258,0.2235392510640768,0.79919938970502,1.0713142654843548
2022-09-27,25.583892822265625,26.244182968139647,27.634899411882675,-0.0029661273960039,22.271407189435426,0.225219071796247,0.9323988034040412,1.0415243920719186
2022-09-28,25.812236785888672,25.989200592041016,27.388887405395508,0.0089253017595634,23.84396906705787,0.22536096937298,0.6469712287000995,0.954183345673586
2022-09-29,25.098663330078125,25.667618179321288,27.043654986790248,-0.0276447741328892,13.50581209968631,0.2321504668512736,0.5613425195449402,0.9897920661273182
2022-09-30,24.518293380737305,25.33461799621582,26.65017168862479,-0.0231235401546386,11.245051269279642,0.2419599398434,0.7896849543626523,1.0278963579474725
2022-10-03,25.66000366210937,25.33461799621582,26.492506163460867,0.0465656505386726,31.87499451834752,0.2384561999069407,1.12268494338106,1.023306597821515
2022-10-04,26.354549407958984,25.488749313354493,26.391926629202707,0.0270672504569906,39.45870894432739,0.2349196987000152,0.6755128316232799,0.9898219405339288
2022-10-05,26.297462463378903,25.58579444885254,26.31037562234061,-0.0021661134742391,41.09793701438013,0.22724332381792,0.9038570895532628,0.7086509410623341
2022-10-06,25.859806060791016,25.73802299499512,26.170379774911066,-0.0166425335979604,34.85296866330698,0.2178215416296202,0.7230852944949575,0.8027740918622662
2022-10-07,24.47072029113769,25.728508377075197,25.91757134028844,-0.0537160165233981,26.92306353021705,0.2055001567583369,0.5994004794922816,1.3155445701064854
2022-10-10,23.97597885131836,25.39170341491699,25.66204493386405,-0.0202176901183619,26.79012944559309,0.1867790655343438,0.8562845701104465,0.9922791391833944
2022-10-11,23.8237533569336,24.885544204711916,25.42894526890346,-0.0063490836110905,27.92794559333969,0.1970451487283177,0.7516270301492263,1.130380576341474
2022-10-12,24.09966468811035,24.445984649658204,25.242737361363,0.01158135441729,32.11488373651126,0.1998499313990702,0.8182284407212315,0.9319911979092448
2022-10-13,25.13672065734864,24.301367568969727,25.16798210144043,0.0430319667372767,43.29266354744913,0.1941733827116873,2.14071238893683,1.4305429990455334
2022-10-14,24.65149307250977,24.337522125244146,25.095945630754745,-0.0193035357098984,43.50491575000508,0.1840405973492676,0.8277411334909885,1.1357911491053818
2022-10-17,25.13672065734864,24.5696704864502,25.064004761832106,0.0196834967931405,47.26425307960716,0.1633026668100177,0.5518280098933133,0.922287565175101
2022-10-18,24.61343765258789,24.727607345581056,24.978376252310618,-0.0208174730464599,42.92134229107061,0.1475947211604819,1.35102571566674,1.168944833570162
2022-10-19,24.73712158203125,24.85509872436524,24.95255184173584,0.0050250570923544,47.705316056540994,0.1343126913961673,0.5327990336495887,0.7801067854092174
2022-10-20,24.813236236572266,24.790401840209963,24.973619188581196,0.0030769406330728,52.00000413878697,0.123306972182039,0.9514277725905096,0.7680111063243449
2022-10-21,25.66000366210937,24.99210395812988,24.973619188581196,0.0341256342971116,50.0,0.1187539943466829,1.1987972698532587,1.2122429946471285
2022-10-24,25.859806060791016,25.13672103881836,24.9382803780692,0.0077865304039952,46.24276183975869,0.1201742049491001,0.9133697521803406,1.002523027111048
2022-10-25,26.0786361694336,25.4297607421875,24.922649928501677,0.0084621712988937,48.3780103397459,0.123898991727602,0.5327990663512345,0.7467811666349955
2022-10-26,25.88834953308105,25.66000633239746,24.924688747950963,-0.007296648303088,50.21962452644606,0.1244647217383155,0.7706560088747558,0.8638650892692328
2022-10-27,24.994009017944336,25.69616088867188,24.96206651415144,-0.0345460615012901,54.35819850411209,0.124588974126283,1.3890855470086052,1.2889458751287113
2022-10-28,27.658002853393555,26.09576072692871,25.22506822858538,0.1065852954416644,72.5262230520143,0.1503051802061774,1.2939404335447475,1.99006245985642
2022-10-31,27.049091339111328,26.33361778259277,25.455449513026647,-0.0220157441413928,68.68799883297112,0.1619271729807594,1.07511437835538,1.2702463339991124
2022-11-01,26.925403594970703,26.5029712677002,25.65728800637381,-0.0045727134634566,66.66667416657117,0.1674896383675559,0.9133715495833066,0.9461470643554328
2022-11-02,26.088150024414062,26.5429313659668,25.72524724687849,-0.031095302531065,55.74714378510999,0.166227643460725,1.3700565230927957,1.0815459649385022
2022-11-03,26.05960464477539,26.756050491333006,25.82582664489746,-0.0010941894926224,59.00243249663313,0.1670690303377258,0.6755128094855927,0.821097195374745
2022-11-04,27.19263458251953,26.662976837158205,25.97267763955253,0.0434784008886066,62.13855159147091,0.1739910862699653,0.8003504971006663,0.9041627664773504
2022-11-07,27.395132064819336,26.73218498229981,26.171370097569056,0.0074467768720718,67.07033275472781,0.1747903689808854,0.559281048674837,0.7291499586498117
2022-11-08,27.462631225585938,26.83963050842285,26.366049357822963,0.0024639107636674,66.84168146207203,0.1698069699581645,0.9835637946535236,0.7785633747108409
2022-11-09,26.53692626953125,26.92938575744629,26.48917007446289,-0.033707802739318,59.63908392491216,0.1575226677470958,0.7521355287872531,0.6623482018413379
2022-11-10,28.696908950805664,27.456846618652342,26.70609188079834,0.0813953605378339,64.80786482600016,0.1781837173484844,1.1378481538682657,1.364170992378324
2022-11-11,29.342973709106445,27.88691444396973,26.95488956996373,0.0225133919269253,66.2755286744117,0.1979286050673535,1.69712730722636,1.077963105889785
2022-11-14,29.26582717895508,28.261053466796877,27.182546070643838,-0.0026291312842441,65.09237475631906,0.2129090315653909,0.7810643850861005,0.8523105943704227
2022-11-15,29.61296844482422,28.69112091064453,27.44859027862549,0.0118616591202576,67.37909975944106,0.2209844514914064,1.1282050267872703,0.8954569557981172
2022-11-16,28.475122451782227,29.078760147094727,27.697241238185335,-0.0384239086048419,65.8819993344741,0.2124226673472312,0.7617784616188068,0.776966142292182
2022-11-17,28.8222599029541,29.10383033752441,27.78040245601109,0.0121909028401789,56.73568988941396,0.2035052742924459,0.9160645519092334,0.6993348586064796
2022-11-18,28.80298042297364,28.99583168029785,27.90568024771554,-0.0006689093792567,60.88991104916047,0.200584636485371,0.6267802397540301,0.6103509098036639
2022-11-21,27.90619850158692,28.723905944824224,27.97573702675956,-0.03113503909031,55.5563383462433,0.19313549790049,0.7810644597662098,0.8192269571135592
2022-11-22,28.754762649536133,28.552264785766607,28.16620935712542,0.0304077299493499,65.08739331730285,0.1896854123078033,0.771423315300563,0.5851972928783891
2022-11-23,28.61012077331543,28.579264450073246,28.34838908059257,-0.0050301884937672,64.24341361751318,0.1812885665080675,0.5689240167984124,0.5379750072058838
2022-11-25,28.291912078857425,28.47319488525391,28.42690890175956,-0.0111222422645205,56.75356627597079,0.1542346933644484,0.3278546139668705,0.2775239883161736
2022-11-28,27.70370101928711,28.2533390045166,28.448949541364403,-0.0207907849399081,51.80995632046516,0.1541365293919262,0.6267802081911107,0.7518158486150082
2022-11-29,27.86762809753418,28.245624923706053,28.477877889360705,0.0059171544673017,52.34899596145494,0.1509568585549776,0.4242827476707589,0.6796878204149914
2022-11-30,28.995830535888672,28.29383850097656,28.653513908386238,0.0404843366793141,63.93441311720365,0.1491938206830479,1.7935571347440489,1.9361378733793095
2022-12-01,28.764404296875,28.32469520568848,28.658335004534045,-0.0079813626558215,50.489481277379184,0.1337590468313257,0.925705727825239,1.0635572840233305
2022-12-02,28.35940933227539,28.33819465637207,28.58808040618897,-0.0140797271662465,42.60867944919595,0.1120644582132442,0.6942811779529698,0.8722730751704397
2022-12-05,28.12798500061035,28.42305145263672,28.50680596487863,-0.0081604073256088,41.64308322133468,0.1055320440591785,0.8292795408027267,0.9531200103710784
2022-12-06,27.578344345092773,28.36519470214844,28.361475672040672,-0.019540704942272,35.48829531624912,0.103839152086751,0.935348766482047,0.782956039770748
2022-12-07,27.3179874420166,28.029626083374023,28.278823171343127,-0.0094406284807484,40.56600956909226,0.1053175828495805,0.3857107160341968,0.8073301491707827
2022-12-08,27.42405891418457,27.761557006835936,28.178951672145303,0.0038828435803739,38.13420939836136,0.0916986320460513,0.5110678545072069,0.8167721270823695
2022-12-09,27.231204986572266,27.535916137695317,28.066681998116632,-0.0070322897210723,37.04290013072456,0.098935019783175,0.5689240519633927,0.7767429975882505
2022-12-12,27.665128707885746,27.44334487915039,28.04946272713797,0.0159347969187353,47.84853143843858,0.0959108318899055,0.8196346026606598,1.08805415809796
2022-12-13,27.70370101928711,27.468416213989254,27.9743868964059,0.0013942574353673,39.0342060321727,0.0918675908230739,1.6585571698496118,1.761682882758185
2022-12-14,27.25049018859864,27.45491676330567,27.877270426068986,-0.0163592160618881,36.672965884761005,0.0839501889774421,1.0703489206206775,1.1239944988242137
2022-12-15,26.18014335632324,27.2061336517334,27.726429803030832,-0.0392780762792746,31.960447649086248,0.1027278536187475,0.8485637018790122,1.3616774827385985
2022-12-16,25.958356857299805,26.951564025878906,27.60176236288888,-0.0084715540325667,34.094883911075144,0.1175345410761614,0.6653503169538055,2.252588780661291
2022-12-19,25.8330020904541,26.585138702392577,27.45643193381173,-0.0048290717141616,31.32742241304463,0.1295655530348073,0.4532098853853092,1.0309482945042552
2022-12-20,25.49550437927246,26.14349937438965,27.206408636910574,-0.0130645950478343,12.422379580080843,0.1477413983345585,0.4339257258115516,0.8772759904985377
2022-12-21,25.87157440185547,25.86771621704101,26.999777930123464,0.0147504445092974,19.879564012351025,0.1521813258702828,0.3760677694617769,0.771016418145304
2022-12-22,25.042295455932617,25.64014663696289,26.76284122467041,-0.0320536714558575,18.265719218738653,0.1657807106897711,1.0607060178179637,1.2605990157257925
2022-12-23,25.15800666809082,25.48007659912109,26.550699915204728,0.0046206312181653,20.943389466408604,0.1757747829657905,0.4917818736641273,0.6165723360029114
2022-12-27,25.01336479187012,25.316149139404292,26.36748708997454,-0.0057493377010729,22.74590313441125,0.187796730714744,0.4339257135035872,0.7706539073296247
2022-12-28,24.627656936645508,25.142579650878908,26.175320625305176,-0.0154200707675272,22.155713919102997,0.2009028036516448,0.5978530705450957,0.6811160333224354
2022-12-29,25.273719787597656,25.023008728027342,26.021724973406112,0.026233224403529,29.982020347582942,0.1922463021296633,0.5207108851892173,0.8506932321823357
2022-12-30,25.4858627319336,25.111722183227545,25.897057669503347,0.0083938156361156,33.81036731522255,0.180473588690022,0.6364232054491588,0.862362353877575
2023-01-03,25.775144577026367,25.23514976501465,25.762058803013392,0.0113506789287654,31.985281284542395,0.1687438378952845,0.6749933413989453,0.8703733614821145
2023-01-04,26.69120979309082,25.570718765258796,25.689738001142228,0.0355406431698912,41.732281011830985,0.1568558731868176,0.7328513485633543,1.0418563172559423
2023-01-05,26.575496673583984,25.96028671264649,25.641524178641184,-0.0043352519576235,44.16666968862504,0.150153877218525,0.3857126061834606,0.920647185397664
2023-01-06,27.70370101928711,26.446282958984376,25.750349725995743,0.0424528037823863,63.03630233767356,0.1541582647754923,1.398203559145827,0.8680188678858878
2023-01-09,28.26298141479492,27.00170669555664,25.914965765816824,0.0201879306710117,68.64277358329286,0.1643854664176558,0.9932067824741608,1.011351580705523
2023-01-10,28.388341903686523,27.524346160888676,26.097490038190568,0.0044355012322225,70.67086255343861,0.1767657599459934,0.5689241083917906,0.6228385973090392
2023-01-11,28.78369331359864,27.942842864990237,26.332360676356725,0.0139265410869515,76.3524292212148,0.1904306277199923,0.8485636728987771,0.8275867330125927
2023-01-12,29.20797538757324,28.469338607788085,26.57067503247942,0.0147403625154021,76.53376889992636,0.208676814718503,0.8774926491429476,0.8222671531470763
2023-01-13,29.034404754638672,28.7354793548584,26.855825696672717,-0.0059425766637838,85.44523673963064,0.2244639999519022,0.3471405918627148,0.8977091484072925
2023-01-17,28.54262351989746,28.791407775878906,27.09758404323033,-0.016937879005859,78.1701798813322,0.2331010479051762,0.7135653580956962,1.0107533447903854
2023-01-18,27.78084373474121,28.669908142089845,27.295261110578263,-0.0266891999127271,70.88794451210558,0.2340366100477005,1.1474911313342488,1.3581460462689516
2023-01-19,27.404773712158203,28.39412422180176,27.493626594543457,-0.0135370266711055,70.9912267018287,0.2321810269096268,0.5014248711110625,1.1347881228508296
2023-01-20,28.17619514465332,28.187768173217773,27.700946262904576,0.0281491626458083,71.53074215426132,0.2305254659852476,0.9449917519711128,1.0761696459768102
2023-01-23,29.18868827819824,28.218624877929688,27.96543380192348,0.0359343455831029,74.55241275080782,0.2373823358569056,1.2632033524198825,1.1683799742085326
2023-01-24,28.85118865966797,28.28033790588379,28.18515123639788,-0.0115626853565172,70.26680456574988,0.2310348724531676,0.4435686953485493,0.774939030892054
2023-01-25,28.63905143737793,28.451979446411134,28.324282782418383,-0.0073528070123014,64.14565888410489,0.2212157577956753,0.6942793548937018,0.8749813314307514
2023-01-26,29.015117645263672,28.774048233032225,28.49854142325265,0.0131312382572463,67.07151311437693,0.2081721580886068,0.7521373071332285,1.6676024763650446
2023-01-27,27.154062271118164,28.5696216583252,28.459281512669158,-0.0641408867232113,46.5116250917885,0.1810934129887995,1.407844682896524,3.7368228545899207
2023-01-30,26.95156478881836,28.12219696044922,28.36560889652797,-0.0074573550092792,41.28205830456347,0.1622436221251294,0.8099934854065722,1.3462478812985217
2023-01-31,27.25049018859864,27.80205726623535,28.284333774021693,0.0110912075837725,42.60648529134737,0.1422789509989886,0.73285133095332,1.251638682261011
2023-02-01,28.03155517578125,27.680558013916016,28.23060962132045,0.0286624197134406,45.34605112372341,0.1211371743455484,1.6874861394082288,1.4510957525090624
2023-02-02,29.111547470092773,27.69984397888184,28.22372191292899,0.0385277337464535,49.44812270460484,0.1153876918034896,1.4464167086011734,1.3868625501626086
2023-02-03,29.23690414428711,28.116412353515624,28.238186155046737,0.004306080751053,51.16537814417636,0.1056541321352553,1.5814150868881995,1.250227486833979
2023-02-06,28.00222587585449,28.32654457092285,28.19958632332938,-0.0422301301922856,47.13500438864371,0.1041362384589043,1.0150675007173433,1.0384777727918542
2023-02-07,28.35359573364257,28.54716567993164,28.240497180393763,0.0125479259879499,53.17467919339567,0.1040788571714987,0.8198631796275784,1.0671516337008238
2023-02-08,27.56301498413086,28.453457641601563,28.25180012839181,-0.0278829097000088,50.83857416919865,0.1071743992173363,0.8881866928238544,0.7559038573494659
2023-02-09,27.06524085998535,28.04419631958008,28.172446250915527,-0.0180594947407638,43.93682623884611,0.1132038887293928,1.2200343178315585,0.8972306690045757
2023-02-10,27.13356208801269,27.623527908325197,28.02565152304513,0.0025243162763923,37.495154636160166,0.1137267587702312,0.6344174636905784,0.6367625611137621
2023-02-13,27.865583419799805,27.596199417114256,27.955251148768838,0.0269784457128285,44.27761603602146,0.1100036493950298,0.8101027226100861,0.6588330421650092
2023-02-14,27.95342445373535,27.51616516113281,27.906277792794363,0.0031523127512604,45.96098175292219,0.1089849452516521,0.7124995631997137,0.572822197744657
2023-02-15,28.158390045166016,27.635240173339845,27.84508296421596,0.0073323964929554,44.84919540609492,0.1086284380122956,0.7027390374216225,0.4895644744785433
2023-02-16,27.523975372314453,27.726987075805663,27.871505328587123,-0.0225302182345639,52.60876828946444,0.1079059955539002,0.6832199729961488,0.6122811262718213
2023-02-17,26.948118209838867,27.6898983001709,27.871259144374303,-0.0209220199729877,49.976909396150674,0.1137127787395758,0.6734594547479027,0.6802919983500594
2023-02-21,25.435274124145508,27.20383644104004,27.741600854056223,-0.0561391364663457,39.5401700045501,0.1340168763706118,1.200513283595459,1.315219195452743
2023-02-22,24.85941696166992,26.585034942626955,27.51501955304827,-0.0226401005023544,31.27841534618933,0.1605571285532412,1.5616441968623,1.72772136506865
2023-02-23,24.996063232421875,25.952569580078126,27.221056393214635,0.0054967608839195,22.667405095921907,0.1785007570354513,0.7417810747769771,1.0648040910143792
2023-02-24,24.53732681274414,25.355239868164062,26.88537229810442,-0.0183523467440551,20.111725066862306,0.1947157755939183,0.4196920554430221,0.8408274225930211
2023-02-27,24.30308151245117,24.826232528686525,26.62114770071847,-0.0095464881761818,23.04410226416992,0.2180285385581753,0.6832199141013326,0.8030621154908543
2023-02-28,24.33236312866211,24.60565032958984,26.33391680036272,0.0012048519936016,19.253748408206302,0.237169851614671,0.3806519479749752,1.0773477702003378
2023-03-01,24.722774505615234,24.578321838378905,26.13104248046875,0.016044942897192,26.868057406706697,0.2490255910807337,0.9272267948304886,1.0305139295882784
2023-03-02,25.571918487548828,24.693492889404297,26.024376596723283,0.0343466297336785,38.49624603687935,0.2495148219879963,1.1517107620606275,1.0581088926130948
2023-03-03,25.76712417602539,24.939452362060543,25.926773888724192,0.007633595757456,39.67552885015863,0.2373227338311128,0.4587322289713782,0.827923948855363
2023-03-06,25.366952896118164,25.152226638793945,25.748300279889783,-0.0155303043200901,30.12423698427789,0.2210307444500428,0.59537733303819,0.8728907237818582
2023-03-07,24.9179801940918,25.269350051879883,25.53148283277239,-0.0176991183712518,27.16596270732468,0.2186481284800868,0.4782532026416533,1.0010872560051876
2023-03-08,25.35719108581543,25.396233367919923,25.331397192818777,0.0176262637783044,29.645403832161065,0.2065967668800425,0.546574815860577,0.8511081578324902
2023-03-09,25.80616569519043,25.44308280944824,25.208696501595632,0.017706007256701,37.17202108818909,0.1996234122230963,0.9857879248198708,1.2675005268156376
2023-03-10,26.56746482849121,25.603150939941408,25.18150697435652,0.0295006682624945,47.23402592175575,0.1969891585278812,1.1712336101314804,1.469279124153038
2023-03-13,26.303939819335938,25.79054832458496,25.24355452401297,-0.0099190875326826,57.71231206964112,0.1928441765493053,0.6832180797703593,1.123983218194342
2023-03-14,27.33852767944336,26.274657821655275,25.42063386099679,0.0393320493893047,70.3525694224789,0.1869152030363096,0.8296236617801398,1.034014986016672
2023-03-15,27.728939056396484,26.749007415771484,25.61583927699498,0.0142806292105732,71.53845737567705,0.1839274032292787,0.8198631877358125,1.0451807337421852
2023-03-16,29.45650863647461,27.47907600402832,25.96720940726144,0.0623020439608059,82.30773085200468,0.2080226449157553,1.8349326421319037,1.5213194411473048
2023-03-17,29.09537696838379,27.984658432006835,26.309516225542342,-0.0122598259198868,80.95839386288843,0.2287888817142052,1.52260225914889,1.538873501882211
2023-03-20,28.46095848083496,28.41606216430664,26.604415893554688,-0.0218047866586575,74.73684066172048,0.2416834431849403,1.239555229361951,0.7354579124010818
2023-03-21,27.777740478515625,28.50390472412109,26.822627748761857,-0.0240054460140336,67.68362158280627,0.2465369818345708,1.1614731928217843,1.0634931645986656
2023-03-22,27.455650329589844,28.449246978759767,26.95718002319336,-0.0115952609311364,61.61251042943402,0.2444058934210225,0.9955484088118958,0.7522318358996464
2023-03-23,28.334074020385746,28.224760055541992,27.14053358350481,0.0319942773254653,64.59488599183925,0.2475862621675805,0.9174662101693692,0.8916720895771474
2023-03-24,28.656164169311523,28.136917495727538,27.375477245875768,0.0113675904387784,68.86897782632997,0.2463417876930354,0.8589032661972489,1.125081482842347
2023-03-27,28.4804801940918,28.140821838378905,27.629941531590053,-0.0061307568654938,71.09827190303935,0.236760911198286,0.6344174457885465,0.7014616525706137
2023-03-28,28.58784484863281,28.302842712402345,27.86070251464844,0.0037697627922468,69.91578145837552,0.2238024645577378,0.6832199583247238,0.7648511048179839
2023-03-29,30.764387130737305,28.96459007263184,28.214861188616077,0.0761352348744326,75.1984245459403,0.2362972195913001,2.0789377480427333,1.684330512374404
2023-03-30,31.32071876525879,29.56191902160645,28.554379326956614,0.018083624814539,74.67072685406097,0.2573330681426195,0.7515433908254963,1.35066462955
2023-03-31,31.88681411743164,30.208049011230468,28.95315606253488,0.018074149460477,78.09429052326378,0.2791053172192443,1.1419540208269794,1.1269016878447442
2023-04-03,32.101539611816406,30.93226089477539,29.293371200561523,0.0067339902190912,76.12418557745019,0.2903427408864559,0.9955483644452984,1.0564072341604571
2023-04-04,32.3065071105957,31.675993347167967,29.62034034729004,0.0063849740933874,75.62840729446673,0.2894283383317449,0.9760274501479032,1.0200274825089877
2023-04-05,32.04298400878906,31.93171272277832,29.80508858816964,-0.0081569666725194,67.3202879847302,0.2824171702454605,0.6344193523536248,0.7229487319513513
2023-04-06,32.023460388183594,32.072261047363284,30.01423740386963,-0.0006092947086361,70.54795932380526,0.2736097582077776,0.5270556904654633,0.5338732168208423
2023-04-10,31.74040985107422,32.0429801940918,30.24848393031529,-0.0088388491961293,74.2074877236238,0.2654741174552882,0.5465729328156677,0.5900590060938534
2023-04-11,31.57448387145996,31.937569046020503,30.51967988695417,-0.0052275941108757,80.34317615528445,0.2478183146288731,0.7710625144452798,0.5352710023213652
2023-04-12,31.252397537231445,31.726747131347658,30.790876116071427,-0.0102008424124914,80.34322514321883,0.2362337820633347,0.9077057723793054,0.7411017728483124
2023-04-13,31.359764099121094,31.590103149414062,31.00699683598109,0.003435466407393,77.58010198670662,0.2261248233216965,0.761302107600283,0.6060682681440647
2023-04-14,31.125513076782227,31.41051368713379,31.18337890080043,-0.007469795423156,72.87519453589147,0.2256066182253473,0.536816185017237,0.5297291203866844
2023-04-17,31.36952209472656,31.336336135864254,31.38973903656006,0.0078395179331629,76.42853204561361,0.2234554503074822,0.8491428511021546,0.67379343672188
2023-04-18,31.066953659057617,31.23483009338379,31.566818237304688,-0.0096452994966029,71.8965140228513,0.2146308640845331,0.6636971022357905,0.601486427728789
2023-04-19,30.403255462646484,31.0650016784668,31.541023118155344,-0.0213634784953442,45.64704703075347,0.1961143120718411,0.4294526100955984,0.6159493577311793
2023-04-20,30.120206832885746,30.81709022521973,31.455272265842986,-0.0093098132240638,34.508882951388415,0.1697618321638952,0.5270557013591031,0.7300616080196236
2023-04-21,29.573631286621094,30.5067138671875,31.290044920785085,-0.0181464738704214,20.000118735584707,0.1566504698708566,0.5953773461844172,0.7043270601513665
2023-04-24,28.948972702026367,30.02260398864746,31.0648615700858,-0.0211221469065017,13.04361241576744,0.1530865309939255,0.7417810516729908,0.9725337828846108
2023-04-25,28.18767166137696,29.44674758911133,30.770659037998744,-0.0262980330419848,7.287550931603263,0.1574215120705129,0.6832180913474097,0.957176549288284
2023-04-26,28.35359573364257,29.036815643310547,30.50713130405971,0.00588640574003,10.95048713424525,0.1606182115134996,0.9467459247874004,1.0255088445870988
2023-04-27,29.14418029785156,28.84161033630371,30.301468440464564,0.0278830442401678,23.801140442098173,0.1687309456286485,1.405480051431372,1.5462089797793244
2023-04-28,30.315412521362305,28.989966583251952,30.199682916913712,0.0401875163940392,38.8379606956327,0.1687518832730891,1.7178085606456506,2.035119662725457
2023-05-01,29.573631286621094,29.1148983001709,30.05676487513951,-0.0244687824788298,35.624170050417035,0.1688588743770547,0.9369854678069772,0.9641453667498664
2023-05-02,29.056339263916016,29.28863182067871,29.89990356990269,-0.0174916640331246,34.65216031633928,0.1692811698793864,0.8101027544975423,0.9016702647181504
2023-05-03,29.91524124145508,29.60096092224121,29.79672336578369,0.0295598826038525,40.86418829751046,0.1607814282115493,0.8393842103316551,1.2444986572762513
2023-05-04,30.61595726013184,29.895316314697265,29.760326521737237,0.0234233785053266,46.95689159474492,0.152748199735988,1.3132326408699129,1.2484458400912126
2023-05-05,30.37095260620117,29.90642433166504,29.689000129699707,-0.0080025148927718,44.03717163544353,0.1433662885071248,0.6664168181099299,0.9401883082457
2023-05-08,30.155345916748047,30.02276725769043,29.623885290963308,-0.0070991085544382,44.499324535996855,0.1354825370890804,0.4410116498979732,0.8286197782301503
2023-05-09,29.49873161315918,30.111245727539064,29.55927644457136,-0.0217743913600469,44.53739909189908,0.129156332153571,0.6566163515253187,0.8198776371375613
2023-05-10,29.37132835388184,30.00246315002441,29.505785124642507,-0.0043189402496379,45.39072067740069,0.1248552991401801,0.8918219864093757,1.0771069751556963
2023-05-11,28.28350257873535,29.53597221374512,29.41363307407924,-0.0370369961494341,42.555386181658086,0.1261453709847573,0.8428215164994768,1.2246434279750096
2023-05-12,28.371702194213867,29.13612213134765,29.372399466378347,0.003118412057806,46.449046558864055,0.1257912955937519,0.3724102540214886,0.627812691205819
2023-05-15,29.204723358154297,28.945997619628905,29.44504601614816,0.0293609864589061,56.201453380591495,0.1139532063108239,0.9310238316106414,0.7472918720250146
2023-05-16,28.636308670043945,28.77351303100586,29.465239797319686,-0.0194631081123267,51.64318343218623,0.1061422476142745,0.6762172737881826,0.5961226938202313
2023-05-17,28.29330062866211,28.557907485961916,29.404462678091868,-0.0119780815793709,44.78309375570101,0.1066022690295157,0.8624205086514678,1.0666603521333629
2023-05-18,29.087121963500977,28.71863136291504,29.31672763824463,0.0280568656607953,42.10367686945707,0.1036006878475763,0.8722210420473324,0.927677887336856
2023-05-19,29.33212661743164,28.910716247558597,29.29947730473109,0.0084231315232252,48.341504128360334,0.1031578643397103,0.7252177334443495,1.017624771782956
2023-05-22,29.67513656616211,29.00479888916016,29.34367711203439,0.0116940020477964,54.35370972763481,0.103431525011067,0.6174163576354488,0.726848814995579
2023-05-23,28.92051696777344,29.061640548706052,29.272625378199987,-0.0254293555383041,42.89712971704666,0.0980475795994108,0.695818216599239,0.753251467994774
2023-05-24,28.42070579528809,29.08712158203125,29.11582170213972,-0.017282235066624,33.86168440051442,0.0974149332306878,0.6566163810748549,0.7308668897295478
2023-05-25,26.85266494750977,28.640230178833008,28.864515440804617,-0.0551724809043372,28.347402973945947,0.123499963045049,1.4014350220557257,1.9867669251826616
2023-05-26,28.42070579528809,28.457946014404303,28.74061257498605,0.0583942357618303,40.8479989598661,0.1205436572403702,1.950248207849654,1.8511043401740732
2023-05-30,29.390926361083984,28.40110397338868,28.73291219983782,0.0341378068786999,49.44943620810475,0.1200011885107386,1.019226093931529,1.3806641402412667
2023-05-31,30.81196594238281,28.77939376831055,28.83581488473075,0.0483496016369322,56.49868040416094,0.1306896385965681,2.567664607385275,3.0354485226885872
2023-06-01,30.50815391540528,29.196883392333984,28.994718551635746,-0.0098601961181459,60.7992111403282,0.1350313646640095,0.901622379904648,1.1641806781781163
2023-06-02,30.684558868408203,29.963262176513677,29.15992259979248,0.0057822231227777,61.13205953608274,0.1357342268986378,0.7448186573268742,0.8159160031666147
2023-06-05,29.263526916503903,30.13182640075684,29.16412285396031,-0.0463109786912188,50.26786651402705,0.1308088582660632,1.538637889795087,1.0621374668633128
2023-06-06,30.341550827026367,30.32195129394531,29.28592586517334,0.0368384820325429,57.42320464888739,0.1322869573458511,1.7150424908741757,0.9196162795387536
2023-06-07,30.655160903930664,30.290590286254883,29.454630170549667,0.0103359936574156,60.3079563293172,0.1394139294532731,0.4312112171759104,0.8424130788842777
2023-06-08,31.184371948242188,30.425833892822265,29.60443374088832,0.0172633588833541,59.36951505759687,0.1512982856042798,0.7742200699412223,0.7627823580331228
2023-06-09,30.713960647583008,30.431714248657222,29.70313617161342,-0.0150848412608706,56.05149861834729,0.1525590371561537,1.2838312651375858,0.8781373217859738
2023-06-12,32.40940475463867,31.06088981628418,29.898441042218888,0.055201090035553,60.7060599742017,0.1718911129243402,1.9012458813628363,1.25839736617828
2023-06-13,33.23262405395508,31.639104461669923,30.206448691231863,0.0254006300192408,66.79388938724804,0.2010107613873432,0.8624224357224364,1.0664783833508755
2023-06-14,34.869266510009766,32.481925582885744,30.66706017085484,0.0492480657981597,73.07152103758631,0.2446214020767105,1.7640429984491064,1.4495611580583978
2023-06-15,35.10447311401367,33.26594581604004,31.256475039890837,0.0067453843325435,82.6356594293246,0.2747287227566563,1.1760262692730592,1.2859055018692536
2023-06-16,35.64348602294922,34.25185089111328,31.7723879132952,0.0153545363630702,81.09704372470424,0.3061466491554904,1.176030015878382,1.9575706940531672
2023-06-20,34.30084991455078,34.630139923095705,32.12309673854283,-0.0376684847136998,70.48241221064038,0.3158782135258495,2.3422574388628306,1.1457295089668649
2023-06-21,32.242801666259766,34.43217544555664,32.22529929024832,-0.0599999199267062,55.66770193374433,0.3133371389084937,2.175651451114824,1.1889709743393784
2023-06-22,32.05659484863281,33.86964111328125,32.33590221405029,-0.0057751438461939,56.19123286242087,0.3049015898587121,1.0878276014586064,0.7559107611388066
2023-06-23,32.34080123901367,33.31690673828125,32.454205240522114,0.0088657697962883,56.565662522883656,0.2910319792369938,1.391636421575452,0.7542151511821471
2023-06-26,32.674007415771484,32.7230110168457,32.6978109904698,0.0103029660364708,64.79590114231546,0.2538922830764075,0.8722246900348196,0.6549770141614288
2023-06-27,33.418827056884766,32.5466064453125,32.917616435459685,0.0227954787313222,63.74780602303874,0.2343042842238875,1.1956308395382322,0.5743117481517419
2023-06-28,32.89942169189453,32.677930450439455,33.0779207774571,-0.0155422978821523,59.8452557163094,0.2200680580933846,0.7644216411637714,0.600340796700816
2023-06-29,32.25259780883789,32.71713104248047,33.15422262464251,-0.0196606459868563,54.63829362923465,0.2154636202953784,0.8330191142832604,0.7427464305986793
2023-06-30,32.772010803222656,32.80337295532227,33.3012262071882,0.0161045320275701,58.89829802611537,0.2082382847279145,0.3920112101003141,0.667678710981372
2023-07-03,32.94841766357422,32.858255004882814,33.339727129255024,0.0053828512815641,52.682923309622936,0.2014209936222102,0.7350182639132896,0.3175900813833404
2023-07-05,31.86058807373047,32.54660720825196,33.24172455923898,-0.0330161405913701,43.34600352466395,0.1782780869054038,0.8134219564742224,0.7675285069367992
2023-07-06,31.331377029418945,32.232998275756835,32.98901816776821,-0.0166102095506475,30.77742254739907,0.1695802483221989,0.6468177748708648,0.8501503386238337
2023-07-07,31.213773727416992,32.02523345947266,32.711111068725586,-0.003753531224993,28.58683281171564,0.1646507702096339,0.5782144753986991,0.5845992627439323
2023-07-10,32.08599853515625,31.88803100585937,32.457004819597515,0.027943587191866,31.113442799841067,0.1593700060300179,1.038827146213876,0.7476328162983901
2023-07-11,32.63481140136719,31.82530975341797,32.33800206865583,0.0171044346838578,40.340929950499536,0.1472776171654296,0.8428215725797514,0.5869541328441215
2023-07-12,33.30122756958008,32.11343765258789,32.413603918893,0.020420408134639,57.31706416579509,0.1466943668052324,0.9996253037862316,0.8059987056961323
2023-07-13,33.19342041015625,32.48584632873535,32.494805744716096,-0.0032373328940674,57.94517728495964,0.1466502912758844,0.6664167912767667,0.7135835576234336
2023-07-14,32.48780822753906,32.74065322875977,32.505306243896484,-0.021257591832907,50.97026732517715,0.1369607836815174,0.8526201253768022,0.6966820359822801
2023-07-17,33.68342971801758,33.06013946533203,32.57740783691406,0.0368021592009095,55.98140212380532,0.1236629196276241,1.4994357856464688,0.8119260142678303
2023-07-18,33.81083679199219,33.295344543457034,32.60540853227888,0.0037824851875596,52.50626548078602,0.0978757888924367,0.8526200549322738,0.780917333420388
2023-07-19,33.771636962890625,33.38942642211914,32.66770962306431,-0.0011593865405556,55.941205848130096,0.0919039341318279,0.4998107551971387,0.7355452147988808
2023-07-20,32.70341110229492,33.29142456054687,32.69991057259696,-0.0316308582189694,52.90405449040083,0.0910945601365417,0.9604234023271944,1.1025520712656498
2023-07-21,33.34042739868164,33.46194839477539,32.74051175798689,0.0194785887745518,53.60698143242239,0.090853390725886,0.8134219699205332,2.211557863161989
2023-07-24,32.958213806152344,33.31690521240235,32.741211482456755,-0.0114639679917363,50.06058069712152,0.0902210767407722,0.8820195078225908,0.7207451740176534
2023-07-25,33.418827056884766,33.23850326538086,32.85251426696777,0.0139756739683034,60.4467828707573,0.091789161606895,0.9212214939990916,0.9171651312067984
2023-07-26,33.67363739013672,33.218903350830075,33.01981857844761,0.0076247539393952,66.30286700332186,0.0933370219474028,0.8134182695250729,0.9428793590897484
2023-07-27,33.85983657836914,33.45018844604492,33.20882306780134,0.0055295240628492,68.24322351798193,0.0974311800733457,0.9016205019035936,1.6417862804678736
2023-07-28,36.09429550170898,34.00096206665039,33.495129993983674,0.0659914266912702,73.26505822956781,0.1286882973695661,1.4504392031726638,2.3602339427372536
2023-07-31,35.05546951293945,34.420413208007815,33.66803414481027,-0.0287808911167233,63.29385156144272,0.1387121698029517,1.4896373783865329,1.4052264014039455
2023-08-01,35.084869384765625,34.753621673583986,33.79543713160923,0.0008386671818878,60.53239181666196,0.1472773239937356,0.7252196309165839,0.617001472553935
2023-08-02,33.70303726196289,34.75950164794922,33.83183833530971,-0.0393854144830519,52.61571729036649,0.1416314088099655,0.8820234225316881,0.9737378522761982
2023-08-03,34.17344284057617,34.82222290039063,33.952240807669504,0.013957364582811,58.865947485574864,0.1302049138662631,0.8820195377635187,0.6321185416794814
2023-08-04,34.561946868896484,34.515753173828124,34.01499203273228,0.0113685949095834,55.04946457231564,0.1151705293605475,1.0622358153545832,0.680874774854224
2023-08-07,34.65046691894531,34.4347526550293,34.07496561322893,0.0025611997606678,54.84762310007904,0.1083702115493566,0.7868392693481283,0.584280885314067
2023-08-08,34.44392395019531,34.30656356811524,34.122986112322124,-0.0059607557160238,53.80788334441039,0.1041592655041801,1.2195999874298664,0.8953260961552755
2023-08-09,33.716094970703125,34.30917510986328,34.19532067435129,-0.0211308380701513,55.9659682110478,0.1029214685187964,0.8556875045617645,0.748612099254534
2023-08-10,34.10951614379883,34.296389770507815,34.2502555847168,0.0116686458926384,54.66477618736477,0.1008737036748474,0.5999661327398655,0.8088089484645006
2023-08-11,34.31605911254883,34.24721221923828,34.34724453517369,0.0060552887317208,58.41510426000012,0.0922205445957642,0.5802946536773419,0.7536495461664906
2023-08-14,35.09306335449219,34.335731506347656,34.46683284214565,0.02264258373594,59.98435774625973,0.0952576618069755,1.2195998660455911,0.962548848321616
2023-08-15,34.198036193847656,34.286553955078126,34.50428989955357,-0.0255043896169286,52.90541323114043,0.0948145541591471,0.8655251073288284,0.7174413526892113
2023-08-16,32.97843170166016,34.13902130126953,34.44133240836008,-0.0356629978772554,45.61835347715623,0.0993664982486722,1.1507554999431733,0.9243649035366864
2023-08-17,32.044063568115234,33.725930786132814,34.15203012738909,-0.0283327036894205,26.876503825226123,0.1073989495322639,1.2196037561755304,1.0289333106610663
2023-08-18,32.21126174926758,33.304971313476564,33.94887242998396,0.0052177583781449,31.967184567459327,0.1168734019719693,0.7179910330326713,0.6586796892065474
2023-08-21,32.594852447509766,32.805329132080075,33.771014077322825,0.0119085896488022,34.8913904421367,0.1196914096489633,1.1310804586993406,1.1845388020167251
2023-08-22,32.348960876464844,32.43551406860352,33.674294335501536,-0.0075438774095051,40.47022399724226,0.1267801312279626,0.9540410069764818,0.6419636903957707
2023-08-23,33.4210319519043,32.524034118652345,33.620550700596404,0.0331408195624431,45.11809246220012,0.1273969198489935,1.3277948863319151,0.8862255091794525
2023-08-24,32.05389404296875,32.52600021362305,33.44140407017299,-0.0409065139252126,35.5605921845866,0.1370726100508516,1.5736784694159276,1.0707066971883894
2023-08-25,32.70304107666016,32.62435607910156,33.30230222429548,0.0202517370532648,39.46810968716223,0.1255017127751103,1.0327306145038904,0.847300981651497
2023-08-28,33.06695556640625,32.71877670288086,33.20394733973912,0.0111278485964967,42.67784073344114,0.1205950750886606,0.5606232950751888,0.7304875169937466
2023-08-29,33.74560546875,32.99810562133789,33.206055232456755,0.0205235072512455,50.15774993454275,0.1133281117414411,0.9933839556500672,0.9707182418950396
2023-08-30,33.96198272705078,33.10629577636719,33.195517131260466,0.0064120129212426,49.19613680078452,0.1138301346596892,0.8655251124142751,0.8699356896684709
2023-08-31,34.561946868896484,33.607906341552734,33.21308054242815,0.0176657572282383,51.28468723292984,0.1158876753524724,1.2392751179136852,1.5348940460768452
2023-09-01,36.00777053833008,34.26885223388672,33.278416769845144,0.0418328190514851,54.46688208891775,0.1306037520260373,1.0032215738822217,1.359166973686762
2023-09-05,36.10612487792969,34.876686096191406,33.41470881870815,0.002731475404591,60.1041617848826,0.1439548913352329,0.9343733869862376,1.3036046459212958
2023-09-06,36.37167739868164,35.40190048217774,33.65708351135254,0.0073547776630626,69.98839147557688,0.1592859393746036,0.9933875696509062,1.1826440686865156
2023-09-07,37.55194091796875,36.11989212036133,34.050503322056365,0.0324500711460145,81.53147191870539,0.1868818500608976,1.5638447174513883,1.9076284754425576
2023-09-08,37.38473510742188,36.68444976806641,34.4200371333531,-0.0044526542825609,79.6170515529028,0.2064086902400487,1.1015787384771798,1.2247909520585971
2023-09-11,37.955196380615234,37.07393493652344,34.80291884286063,0.015259203296591,80.04402750778482,0.2282246514068507,0.8851965411380434,0.995567380257094
2023-09-12,38.22075653076172,37.49686126708984,35.22233281816755,0.0069966743811162,82.83824594848991,0.2482639820463895,1.3966393061488631,1.47802995057926
2023-09-13,38.07322311401367,37.83717041015625,35.55463218688965,-0.0038600339223873,79.01835597611425,0.263520131999247,0.8851965824893355,0.9359209812635004
2023-09-14,38.033878326416016,37.9335578918457,35.9817739214216,-0.0010333978680984,94.70580216613756,0.2709420550972957,0.5901322764172008,0.814810379241517
2023-09-15,37.25687789916992,37.90798645019531,36.30704798017229,-0.0204291663494763,83.40546515369876,0.2635963531317843,0.8851965684594774,1.7651108396238442
2023-09-18,37.36506652832031,37.78996047973633,36.614055906023296,0.0029038565561823,82.75859462313453,0.2546895074161163,0.8655250592883448,0.7460212218462996
2023-09-19,35.742210388183594,37.2942512512207,36.7566705431257,-0.0434324434805086,63.30274250021352,0.2421762677699483,2.0457822343282928,1.3394598609591593
2023-09-20,34.119346618652344,36.50347595214844,36.76791082109724,-0.0454046840390086,50.88297820423142,0.229615771414456,1.5933498779750934,1.389582612865872
2023-09-21,34.08000946044922,35.71270217895508,36.733486720493865,-0.0011529282387142,47.114266697061154,0.2256741425567662,0.7770054109471687,1.0735565110018506
2023-09-22,33.61774444580078,34.98487548828125,36.562770571027485,-0.0135641105142564,33.778368326999455,0.2114277250817535,0.7376626129091193,0.7009239688821379
2023-09-25,33.72593307495117,34.257048797607425,36.39275687081473,0.0032182001182385,33.866653014344735,0.2026787332526735,0.590128546019308,0.5245330368380575
2023-09-26,33.27349853515625,33.76330642700195,36.17145838056292,-0.0134150340270631,29.518889892557027,0.2008215719889504,1.1212464075815165,0.813876958771394
2023-09-27,34.040672302246094,33.747571563720705,35.92065347943987,0.0230566006240449,25.44709400897757,0.1988330465502887,0.934373420624368,1.0381097175778915
2023-09-28,34.60129165649414,33.851828002929686,35.72183609008789,0.0164691034674733,31.55151602801212,0.1952488061535577,1.2589428851111035,0.7496656856705286
2023-09-29,34.965206146240234,34.12132034301758,35.508265359061106,0.0105173671942329,29.624669339677567,0.1935809838149213,0.7376625927558962,0.6837122702246191
2023-10-02,34.87668228149414,34.351470184326175,35.269402912684846,-0.0025317701367424,26.648321936692028,0.1956127358980127,0.9835500051314554,0.6334096376546346
2023-10-03,35.10289764404297,34.71735000610352,35.05723680768694,0.0064861491331948,29.48365892178764,0.196686853821302,1.249108932254302,1.097219475024307
2023-10-04,35.338951110839844,34.97700576782226,34.86474200657436,0.0067246148506185,31.87829717418417,0.1967525947804687,1.1704231264695366,0.9649504261084116
2023-10-05,35.29961013793945,35.116669464111325,34.72493716648647,-0.0011132467621067,35.38910853759525,0.191886781607535,0.4917750172506316,0.6575132765828251
2023-10-06,35.59467697143555,35.24256362915039,34.59848076956613,0.008358926128166,37.14286664121634,0.1868332934820277,1.2589429345620076,0.8607049240140457
2023-10-09,35.46681594848633,35.36059036254883,34.57880973815918,-0.003592138876603,47.4452534080156,0.1764026772363359,0.6589767287531743,0.5126408061668973
2023-10-10,35.83073043823242,35.50615692138672,34.70105143955776,0.0102607037032773,70.71437344225146,0.1613029838504089,0.9147018930299922,0.6636056039720124
2023-10-11,36.27332305908203,35.69303131103516,34.85771669660296,0.0123523192364884,74.18652469619823,0.1466836978480864,0.6393052137338344,0.5437533194891611
2023-10-12,36.233985900878906,35.879906463623044,35.044591086251394,-0.0010844652456862,81.81818181818181,0.1297794537856146,0.8163483854390492,0.6739348034390084
2023-10-13,35.3782958984375,35.83663024902344,35.1626170022147,-0.0236156741017181,67.00403316665214,0.1173857411474564,0.914701831125008,0.8589568476303964
2023-10-16,35.95859146118164,35.9349853515625,35.35440935407366,0.0164025866144041,76.92308869215051,0.103143724444989,0.8458498980103997,0.8939097975517727
2023-10-17,35.46681594848633,35.86220245361328,35.456276757376536,-0.0136761617380424,65.13567063666537,0.1020094001741137,1.2589428560930287,0.789717395198995
2023-10-18,35.0537223815918,35.618282318115234,35.48859323774065,-0.0116473259819693,54.956868448768745,0.0993264964320222,0.5606232155481905,0.7394028466641335
2023-10-19,35.08323287963867,35.38813171386719,35.49702371869768,0.0008418648874326,51.39535554958248,0.0959979523818608,0.8261822956254008,1.004599198227886
2023-10-20,34.34556579589844,35.181585693359374,35.45908682686942,-0.0210262003581874,44.55646375211421,0.0900337254568297,1.386805414399085,1.105458146770681
2023-10-23,33.29316711425781,34.64850082397461,35.3298203604562,-0.0306414716791855,34.13796470035963,0.0951280299032899,1.7703893089037877,1.7490185737562074
2023-10-24,34.02099609375,34.359336853027344,35.23568071637835,0.0218612118515,39.36510907185802,0.0869143869384238,1.052398244502612,1.6587495868784894
2023-10-25,32.28995132446289,33.806582641601565,35.02070508684431,-0.0508816603875134,30.92273378817804,0.1102917978312687,1.8687466757617344,1.4056967253815
2023-10-26,31.98504638671875,33.18694534301758,34.76287433079311,-0.0094427190267438,27.14820533899153,0.1352109509280011,1.052398197754549,1.7860532172437749
2023-10-27,34.95536804199219,33.30890579223633,34.7263423374721,0.0928659480233491,47.619040853837205,0.1352094539829101,1.7507215584111506,2.344596443762203
2023-10-30,35.10289764404297,33.67085189819336,34.67435428074428,0.0042205134808923,46.54203039653821,0.135271695721865,1.022892885743822,1.0067578507093264
2023-10-31,35.89957427978516,34.0465675354004,34.647657939365935,0.0226954664489753,48.282100502801605,0.1374460859015805,0.934373231643761,1.1375595137395171
2023-11-01,36.67658233642578,34.923893737792966,34.67927197047642,0.0216439351225996,51.905157244766656,0.1439229635646324,1.0228929544599197,1.1491089114366235
2023-11-02,37.079837799072266,35.94285202026367,34.80081067766462,0.0109949029314539,57.62113453583675,0.152874492545706,0.8950303993731481,0.9635215734764044
2023-11-03,37.51259613037109,36.454297637939455,34.91181101117815,0.0116709877115386,57.05354295206699,0.1640440200013577,0.6393089961883476,0.8324117349841098
2023-11-06,37.44845962524414,36.92341003417969,35.053356988089426,-0.0017097325096894,59.35785065369274,0.1732303989507873,0.3453767145732769,0.6476258258333193
2023-11-07,38.25762176513672,37.39501953125,35.28220694405692,0.0216073544276602,64.58412269317367,0.1879035868884192,0.9078433711064092,0.8600127477866115
2023-11-08,37.418853759765625,37.54347381591797,35.44903700692313,-0.0219242066462019,59.902186095481774,0.1932431209587262,1.1249333467112734,0.8816001893615512
2023-11-09,37.30044174194336,37.58759460449219,35.66009957449777,-0.003164501472506,63.2218611515367,0.197571932214209,0.7400881447380883,1.2474059514471316
2023-11-10,38.34643173217773,37.75436172485351,36.02104704720633,0.0280422949806029,72.62426769495941,0.2089657504638218,0.7400880943751744,0.9771885408755232
2023-11-13,37.72475814819336,37.80962142944336,36.285601479666575,-0.0162120321475101,66.74146639891885,0.2146216843248895,0.4243174917772236,0.6214171467842853
2023-11-14,38.88916397094727,37.93592987060547,36.75697381155832,0.0308658260492964,81.43978522842026,0.2270654014252088,1.401235478171991,1.1212139598875466
2023-11-15,40.07330322265625,38.4668197631836,37.33470644269671,0.0304490796612033,85.55516204244049,0.246080101876168,1.2433463196247132,1.1335565344940273
2023-11-16,42.77709197998047,39.56214981079101,37.89340100969587,0.0674710727563776,85.2085535565754,0.2898642730878183,2.545904948564875,1.934375707993012
2023-11-17,43.23101806640625,40.53906707763672,38.47398103986468,0.0106114292817804,85.60561043641712,0.3222135850869552,1.2334802759433998,1.0921143023275857
2023-11-20,44.14872360229492,41.82386016845703,39.06320599147252,0.0212279418097209,85.75663926795681,0.3456122985340432,1.1348032544370952,0.9887465897706376
2023-11-21,43.063262939453125,42.6586799621582,39.51939746311733,-0.0245864562839903,76.96262212035602,0.3530233927061847,1.342027147124071,0.8408857357137899
2023-11-22,43.09286117553711,43.26259155273438,39.94889913286482,0.0006873198653245,76.21213048412058,0.3375822910536839,1.0755948529026114,0.7213483475611656
2023-11-24,43.3790283203125,43.38297882080078,40.36793000357492,0.0066407088545292,75.9041741792731,0.3101942165026967,0.3848451983803613,0.315386571171658
2023-11-27,43.4974479675293,43.43626480102539,40.80000059945242,0.0027298824294168,76.5828442144269,0.3052503966403761,0.8881034933496608,0.8593316961993016
2023-11-28,43.64546203613281,43.33561248779297,41.184846333095,0.0034028219015056,75.1381325602704,0.2961875733201203,0.7104857849740398,0.6427742068681472
2023-11-29,44.34607696533203,43.59217529296875,41.679647990635466,0.0160524117861142,82.74256213934017,0.2921754795111248,0.7302219045520815,1.0236346909276823
2023-11-30,44.1092529296875,43.79545364379883,42.1659916469029,-0.0053403604523951,81.82660784292052,0.2870514012651601,0.6710135333628742,1.2076097976588611
2023-12-01,43.16194152832031,43.75203628540039,42.509956632341655,-0.0214764780278018,72.71885005300172,0.2762885476835088,1.4801762644731085,1.134104989985537
2023-12-04,41.79030990600586,43.4106086730957,42.80035318647112,-0.0317787285220816,67.91306475837801,0.2628561336267433,1.5985931350059843,1.269014572841871
2023-12-05,41.365989685058594,42.95471420288086,42.97726930890765,-0.0101535552596198,61.67441562742846,0.2467106618959497,0.6710135219084066,0.7939254645600183
2023-12-06,40.72458267211914,42.23041534423828,43.02378926958357,-0.0155056609988744,53.235306490851535,0.2357568939105276,1.4012354624664596,0.797299097377264
2023-12-07,41.59295654296875,41.72715606689453,42.93920816693987,0.0213230882644284,42.8057844076118,0.2148733091674393,1.2433464658255744,0.7296528155908109
2023-12-08,42.13568878173828,41.521905517578126,42.86097036089216,0.0130486573660337,43.4163691275968,0.1882509530034141,1.134799643847252,1.0811713063726105
2023-12-11,43.95136260986328,41.95411605834961,42.84687314714704,0.0430911154088435,48.929311859831465,0.1716434968906235,1.6281914283550734,1.2050402957387425
2023-12-12,43.45797348022461,42.37251281738281,42.87506675720215,-0.0112257982538167,52.28831570357233,0.1379729382089654,0.7992927268083534,0.7782010092400267
2023-12-13,43.98097229003906,43.0237907409668,42.93850326538086,0.0120345880843348,54.870163421676125,0.1126144827383555,1.3716294605763295,0.8825098231439399
2023-12-14,44.58290863037109,43.62178115844726,43.02449471609933,0.0136862899792771,56.38077877082409,0.0992356277599234,2.388015859295919,1.719693604818789
2023-12-15,45.54995346069336,44.30463409423828,43.17110225132534,0.0216909317949591,59.98079716973433,0.1107408975740421,1.5788568031541177,2.064278280274915
2023-12-18,45.08616638183594,44.531594848632814,43.27400970458984,-0.0101819440772347,56.7970285946295,0.1168835088751358,0.8190288856828474,0.6994411631669158
2023-12-19,46.0433464050293,45.04866943359375,43.3952432359968,0.0212300157677407,57.8181960034033,0.1284708528395197,1.154539365700714,0.8969184756890951
2023-12-20,45.15524291992188,45.28352355957031,43.469956806727815,-0.0192884217688054,54.54545454545458,0.1326466055277808,1.2334802386419952,0.9668392415757774
2023-12-21,46.45779800415039,45.65850143432617,43.70537512642996,0.0288461538461537,63.893513865549615,0.1445630460259277,1.0854610222611072,0.7204428406620732
2023-12-22,47.36563873291016,46.02163848876954,44.10361289978027,0.0195411915278178,74.45889793138308,0.1618198971384394,0.9473118712303404,0.7493430484642747
2023-12-26,49.83259963989258,46.970925140380864,44.70837075369699,0.0520833450783455,81.49784387026497,0.2000920375578187,1.7860806689676636,1.452353044694726
2023-12-27,50.08916091918945,47.7800880432129,45.37726919991629,0.0051484626760569,85.86549031272887,0.2303882247309577,1.075594855206191,1.2158513932466015
2023-12-28,49.72405624389648,48.693850708007815,45.95806203569685,-0.0072890954568396,82.38999731643324,0.2511925057009907,0.7006158927774493,0.6545627573608541
2023-12-29,49.58590316772461,49.319471740722655,46.49022020612444,-0.0027783951392506,80.66616022979969,0.266400339839979,0.7894265612564766,0.7061337149694575
2024-01-02,47.16828155517578,49.28000030517578,46.72000013078962,-0.0487562282443703,62.61612334147984,0.2651177628163021,1.9044937081405775,1.1041282534667487
2024-01-03,46.42819595336914,48.59911956787109,46.93215887887137,-0.0156903236116607,61.427507172407246,0.2543885041099791,0.9966541520641172,0.8778397031369114
2024-01-04,46.25057601928711,47.83140258789062,47.09427343096052,-0.0038256910576587,58.97037240970044,0.2384180361063606,1.8946239234771485,1.1477334163197197
2024-01-05,46.27030944824219,47.14065322875977,47.21480206080845,0.0004266634202967,56.99101606184766,0.2135083005791967,1.1742755795425808,0.8223553066268994
2024-01-08,47.809696197509766,46.7854118347168,47.37621225629534,0.0332694284439469,58.93836523842664,0.1942050292457189,1.7663408924148172,0.9934292596818156
2024-01-09,47.41497802734375,46.83475112915039,47.54255594526018,-0.0082560275751464,59.26217450303074,0.1741264251298296,0.7499580678933313,0.7204049797632193
2024-01-10,46.84264373779297,46.91764068603516,47.59964861188616,-0.0120707488089675,53.27936254241804,0.1651337926660631,1.3420270157080836,0.7689821725757979
2024-01-11,47.010398864746094,47.06960525512695,47.732159750802175,0.0035812480587593,58.08950927788954,0.1506368024355048,1.095331068456666,0.7743024924741042
2024-01-12,46.49726486206055,47.114996337890624,47.73497881208147,-0.0109153296946467,50.18482168441045,0.1385975566369409,1.0459887171542306,0.6800264192749785
2024-01-16,46.43806457519531,46.84067001342773,47.66872351510184,-0.0012731993385172,45.28113899446056,0.1299745710401927,0.828898856581624,1.1146455244333424
2024-01-17,45.4512825012207,46.447930908203126,47.35577229091099,-0.0212494229249531,23.758880803937814,0.1304612249578474,0.7598205363775179,0.9132487334700696
2024-01-18,46.122291564941406,46.30386047363281,47.07242447989328,0.0147632591820194,27.364868247548078,0.1255175914303695,1.3814992779022075,1.2412476265256909
2024-01-19,47.51365661621094,46.40451202392578,46.91453879220145,0.0301668673446211,38.709661077253024,0.1232891528359024,2.289338844368394,1.4487743346044013
2024-01-22,47.58273315429688,46.62160568237304,46.77145521981375,0.001453824921199,39.6954387237328,0.1156260324168837,1.5097785524407286,1.169840444728791
2024-01-23,48.243873596191406,46.98276748657226,46.84828322274344,0.0138945453122802,56.75339705740053,0.1149069217947336,1.5985891730725257,0.943370548691262
2024-01-24,48.44123077392578,47.58075714111328,46.99207142421177,0.0040908236222132,63.56380531432928,0.1161463578147388,1.4801761241603515,1.2214892031380942
2024-01-25,48.89515686035156,48.13533020019531,47.18097005571638,0.0093706555174917,67.17947802969816,0.11054605381705,1.3124210420797198,2.037072295153169
2024-01-26,43.07312774658203,47.24722442626953,46.95259993416922,-0.1190716931412595,38.15789696778908,0.1276638970452306,2.032776614160994,2.810378331971239
2024-01-29,43.2606201171875,46.38280181884765,46.62766592843192,0.004352884975258,31.27539178362157,0.1375833108923567,1.1644056743316753,1.1106619550313035
2024-01-30,42.35277557373047,45.20458221435547,46.26608003888811,-0.0209854722608644,30.007803884466355,0.1515860339495463,0.917709596667919,1.0082968974647195
2024-01-31,42.51066207885742,44.0184684753418,45.95665277753557,0.0037278903917901,32.312664416557766,0.1694371267220862,1.4111016054360803,1.0780827406067828
2024-02-01,42.78696060180664,42.79682922363281,45.65497861589704,0.0064995111682024,32.907345579310515,0.1825918460462443,1.0657249060296934,0.8088125374183541
2024-02-02,42.03700256347656,42.58960418701172,45.33638845171247,-0.0175277240491443,32.288409516500934,0.1992311507752773,1.5196484683703986,1.111679431440378
2024-02-05,42.20475387573242,42.37843093872071,45.03400911603655,0.003990563123585,33.333313308544646,0.2120001795566972,0.7104857139295717,0.6016585736549795
2024-02-06,42.29877853393555,42.36763153076172,44.80883026123047,0.0022278215027617,36.6500321791071,0.2178156155942819,0.6333924048073243,0.7155017324583604
2024-02-07,42.33836364746094,42.33317184448242,44.53854969569615,0.0009358453103707,33.07078792976094,0.2223312047612909,0.5443213737482537,0.7165836209039871
2024-02-08,42.061256408691406,42.18803100585937,44.14909253801618,-0.0065450625602094,22.9045752962212,0.2281557939185811,0.6333924336331549,0.6931111247711694
2024-02-09,42.86289596557617,42.3532096862793,43.81196131025042,0.0190588590387212,28.136838054094653,0.2278022615263824,1.1084367623349536,1.047242838088848
2024-02-12,43.57545852661133,42.62735061645508,43.4785030909947,0.016624228134455,28.47756635162024,0.2260315322758754,1.7022449224711664,1.0209296643978365
2024-02-13,42.71444320678711,42.71048355102539,43.06944683619908,-0.0197591797983812,25.12065605872232,0.2258048011777571,0.8610213864691545,0.7367963295985718
2024-02-14,43.73380661010742,42.98957214355469,42.70077896118164,0.0238646070694499,28.627167388089436,0.2251980257365756,0.8907104300700226,0.7260538341483987
2024-02-15,43.595252990722656,43.29637145996094,42.7380736214774,-0.0031681124997874,54.08479488881354,0.2224684949624754,1.2370957362595334,0.8856851634633268
2024-02-16,43.060829162597656,43.33595809936524,42.72380283900669,-0.0122587619399462,48.51743445449039,0.2120244961844981,1.088646574684688,0.6192413455303204
2024-02-20,44.06040191650391,43.43294677734375,42.8457761492048,0.0232130400957184,62.50139635473222,0.197531524902837,1.73193401979033,1.250280994678479
2024-02-21,43.021240234375,43.49430618286133,42.882246017456055,-0.0235849342477212,53.310705418084616,0.1729142110147168,1.5933760519295743,1.1448207670182835
2024-02-22,42.53630065917969,43.25480499267578,42.86434173583984,-0.0112720965865561,48.4174826633322,0.1363833527282809,2.1278062423571957,1.2343394264905438
2024-02-23,42.54619598388672,43.0449935913086,42.90071269444057,0.0002326324704706,53.546114740649735,0.0544289521670859,0.8412235462664626,0.6995332196917111
2024-02-26,42.54619598388672,42.9420669555664,42.92510141645159,0.0,52.43475237920627,0.0545012190808973,0.8511224258129602,0.624349116727078
2024-02-27,42.28887939453125,42.58776245117188,42.92439433506557,-0.0060479340962215,49.93101776312537,0.0546137166731006,0.7521563075812381,0.5986964988749899
2024-02-28,41.556522369384766,42.29481887817383,42.8685485294887,-0.0173179577144622,45.03145416419195,0.0596907902321579,0.5344262736028398,0.6581250651471351
2024-02-29,42.60557556152344,42.30867385864258,42.907428468976704,0.025244008216422,53.15004817019487,0.0595658634798368,0.7818453959738321,1.198461362665559
2024-03-01,43.36762619018555,42.47295989990234,42.94348062787737,0.0178861714369211,52.93438745837229,0.0610398497618382,1.128230664801961,1.0125697077985962
2024-03-04,45.1391487121582,42.99155044555664,43.05517278398786,0.0408489621775416,58.09428349817621,0.0765228354608954,2.731509432273633,1.455126183032252
2024-03-05,42.71444320678711,43.076663208007815,43.05517278398786,-0.0537162435391255,50.0,0.0750672227844761,2.1574953557788987,1.3294496093025403
2024-03-06,44.05050277709961,43.57545928955078,43.07779393877302,0.0312788712671363,51.37221325998995,0.0770095870453448,1.9298663047201716,1.2091498277227888
2024-03-07,45.67357635498047,44.18905944824219,43.22624560764858,0.0368457446693353,57.97874054170261,0.0927739498108546,1.2271968632358965,1.135920903889834
2024-03-08,43.54576873779297,44.22468795776367,43.26088414873396,-0.0465872784003146,51.65876195949053,0.0895406779057149,2.602850415733968,1.2086689732280411
2024-03-11,44.39689254760742,44.07623672485352,43.284919193812776,0.0195454997003134,51.16279315018616,0.0919000163351661,1.2568897256264222,0.7853949830265413
2024-03-12,44.77296829223633,44.48794174194336,43.41004262651716,0.0084707672778141,56.34409136939424,0.0963714781552354,0.801639355824527,0.7282104897919688
2024-03-13,42.78371810913086,44.23458480834961,43.42771530151367,-0.0444297141552352,50.8080102633586,0.0961549749049791,1.761623104659762,1.1956389080997518
2024-03-14,42.30867385864258,43.56160430908203,43.410749435424805,-0.0111033886600635,49.247177505061735,0.098562902561982,0.8313284794631812,0.8545034124066718
2024-03-15,42.199806213378906,43.29241180419922,43.38600730895996,-0.0025731755532544,48.90964789422418,0.1012101919128158,0.791744236339909,1.463972316269046
2024-03-18,42.26908493041992,42.86685028076172,43.38459341866629,0.0016416832980397,49.93694532482819,0.1033056435480135,0.7719502832645233,0.606516629156193
2024-03-19,41.61589813232422,42.235436248779294,43.388834544590544,-0.0154530621888533,50.19009855813328,0.1069663776869356,0.8412273318790255,0.7831049173807711
2024-03-20,41.76435470581055,42.03156356811523,43.32874734061105,0.0035673043271657,47.141913240118896,0.1106535852757776,1.5834811041196415,1.6583119772919908
2024-03-21,41.98208236694336,41.96624526977539,43.22977992466518,0.0052132413553733,45.11174778313243,0.1124459301312701,1.266784924601147,1.1405847810382348
2024-03-22,42.13053512573242,41.95239105224609,43.0148789542062,0.0035360980308578,38.012641982153866,0.1136022697977833,0.7026695227167252,0.6437037712873398
2024-03-25,41.39817428588867,41.77820892333985,42.92085974557059,-0.0173831364272523,43.938024677129874,0.1182082629161738,1.6329679117921003,1.0438181047624526
2024-03-26,41.556522369384766,41.76633377075196,42.74271828787668,0.0038250016148675,37.11661108277835,0.1210741286266211,0.603703334034698,0.8503761383190559
2024-03-27,43.318145751953125,42.07709197998047,42.57447324480329,0.0423910202809985,38.00404565387512,0.1174673718003312,1.3162717058590303,1.0809880809674222
2024-03-28,43.714012145996094,42.42347793579101,42.58649063110352,0.0091385812382127,51.04038105159067,0.1179690365849547,0.8808115404535926,1.1420551776390282
2024-04-01,44.06040191650391,42.80945129394532,42.56245558602469,0.0079239985877055,47.78067674904838,0.1196263221500428,1.2173017437289315,0.6750765093167715
2024-04-02,43.48638916015625,43.22709426879883,42.4705570765904,-0.0130278601959972,41.73029100379909,0.1114936263884801,0.5740142495934393,0.717943332759316
2024-04-03,39.91365814208984,42.89852142333984,42.26555279323033,-0.0821574540233355,34.672325889068205,0.1289614644076218,1.4152378064094293,1.7824730509483933
2024-04-04,39.31985092163086,42.09886245727539,42.05206544058664,-0.0148772938412476,34.23801086015382,0.1462729405957346,1.0688487663758082,1.2141332781356984
2024-04-05,38.31037902832031,41.01813583374023,41.77424921308245,-0.0256733397927307,31.26789451714936,0.1574476718860407,0.9401934943471062,1.4000195236357755
2024-04-08,37.58791732788086,39.72363891601562,41.439880098615376,-0.0188581193599098,28.7892552784012,0.1839833368149751,0.9401935378930516,1.183208302758496
2024-04-09,37.93430709838867,38.61322250366211,41.17690931047712,0.0092154552614938,32.84136475854167,0.1955916161284905,1.2370957894024457,1.5631818716944916
2024-04-10,36.81596755981445,37.99368438720703,40.82345308576311,-0.0294809533669252,28.84939978268784,0.2096427474007735,1.1876125874745966,0.9963902872397906
2024-04-11,37.24153137207031,37.57802047729492,40.48484230041504,0.0115592184712911,30.09145351916463,0.224759627586707,0.5839055674536695,0.8261334223287311
2024-04-12,35.321556091308594,36.980255889892575,39.99848665509905,-0.0515546812933054,25.108543375374765,0.2556567742224848,1.0886465127513034,1.5189141766401943
2024-04-15,35.935157775878906,36.64970397949219,39.60827119009836,0.0173718757742187,29.85402755703585,0.2744216989062325,0.8016393843846501,0.9754878679083068
2024-04-16,35.88566970825195,36.239976501464845,39.20321028573172,-0.0013771490286922,28.918328055990145,0.2890700002600385,0.742257405599652,0.5866444588620544
2024-04-17,35.31166076660156,35.93911514282227,38.63131850106375,-0.015995491969832,17.35273786584159,0.3065411804856705,0.7521563168980663,0.7842702885100469
2024-04-18,34.67826843261719,35.42646255493164,37.98590823582241,-0.0179372003534721,13.85596623924532,0.3245586205716037,0.8808115562981413,0.832169390298283
2024-04-19,33.84694290161133,35.13153991699219,37.25637544904436,-0.0239725213679914,10.670783209604949,0.3438297104008135,0.9401935924674872,1.1517940656486136
2024-04-22,34.054771423339844,34.755462646484375,36.58268846784319,0.0061402449944341,12.627477678746883,0.3551982963754559,0.4849394165240355,0.7696321781493722
2024-04-23,33.92611312866211,34.36355133056641,36.15500668116978,-0.0037779814487187,17.367882041970233,0.3662769554634092,0.4156623658363472,0.9035437090764432
2024-04-24,34.14384078979492,34.12998733520508,35.78529167175293,0.0064177013236705,20.584945222085977,0.3707670955605195,0.8313284485033137,1.0137005672970698
2024-04-25,34.74754333496094,34.14384231567383,35.53080340794155,0.0176811551132365,28.773600771624444,0.3535830776473327,0.791740463527681,1.2481639586453577
2024-04-26,31.55088996887207,33.684631729125975,35.09958716801235,-0.0919965286545188,22.22223782427227,0.3459747074336338,1.583484864911071,2.115788125223629
2024-04-29,31.036256790161133,33.080928802490234,34.60686928885324,-0.0163112095797827,18.7443878754776,0.3229730060548192,0.8313284417120457,1.0103134012942088
2024-04-30,30.15544509887696,32.326795196533205,34.13111768450056,-0.0283800877547643,19.15673956161284,0.2975282131091461,0.7521544369426891,1.207470130734548
2024-05-01,30.05647850036621,31.509322738647462,33.61789962223598,-0.0032818815370241,15.689961985179153,0.3051993084833225,1.0094705624615123,1.0322020709627435
2024-05-02,30.195032119750977,30.59882049560547,33.25171933855329,0.0046097755391762,20.501114751709,0.3072977953499636,0.4750442965113954,0.8709366966145231
2024-05-03,30.58100700378418,30.40484390258789,32.86927999768938,0.0127827280495167,18.362534687620386,0.3071124794641747,0.3562822975338733,0.6464445575687087
2024-05-06,30.774776458740234,30.35254783630371,32.50421619415283,0.0063362679630556,20.306243802673123,0.3052718241477688,0.467038515439576,0.6475635166777723
2024-05-07,30.48660469055176,30.41877975463867,32.15956933157785,-0.0093638947654038,21.00385932214853,0.2958559963748132,0.8347050957372346,0.8247182550082872
2024-05-08,29.81089210510254,30.369662475585937,31.81189959389823,-0.0221642453237383,20.89756458934761,0.2962417750664974,0.4173525652844603,1.1627959164051491
2024-05-09,29.90032386779785,30.31072082519531,31.529998234340123,0.0029999693528126,24.105574754085158,0.2843025284466769,0.5763438176858138,0.8187464210976831
2024-05-10,29.66183853149414,30.126887130737305,31.216217313494003,-0.0079760118103789,21.29272135332272,0.2865801870023102,0.6160907193381782,0.8084982970825828
2024-05-13,30.317676544189453,30.03546714782715,30.958471843174525,0.0221104977022568,27.939314165081186,0.2738838341928163,1.122876066677204,0.968451837921688
2024-05-14,30.854272842407227,30.109000778198244,30.723502704075404,0.0176991233954111,30.643454268464453,0.2532651304424025,0.4968482061278152,0.8845565201962586
2024-05-15,31.072887420654297,30.361399841308597,30.46102728162493,0.0070853907127765,27.351088702547955,0.2330724100368444,0.5862810377727605,0.6878046036904081
2024-05-16,31.828094482421875,30.7469539642334,30.480827604021343,0.0243043735055528,52.444153690657785,0.2154327393441171,0.7353332133147319,0.8834122391577681
2024-05-17,31.629356384277344,31.14045753479004,30.52319186074393,-0.0062441092178575,55.53794396784321,0.2040372629664622,0.5167225836637606,0.7795137164986143
2024-05-20,31.89765357971192,31.456452941894533,30.647635323660715,0.0084825373041086,68.36859168881746,0.1887354063439361,0.6558375905357323,0.6061062519095359
2024-05-21,31.5399227142334,31.593582916259766,30.75359562465123,-0.0112149586358932,64.8311154571957,0.1715003078566023,0.6160925864270261,0.8172567262359978
2024-05-22,31.22194099426269,31.623393630981447,30.82694625854492,-0.0100818801254451,59.911196200434375,0.1457872717892735,0.9638848266228734,0.7092036066086251
2024-05-23,29.8903865814209,31.23585205078125,30.777616228376115,-0.042648034377058,44.36332139423437,0.0938765524041477,1.6892826831936425,1.2034531417482843
2024-05-24,30.526351928710938,31.01525115966797,30.759871619088308,0.021276584883159,48.10892024668859,0.0906451318348556,0.8843910617319288,0.8902641798558336
2024-05-28,30.86421012878418,30.80856246948242,30.78684343610491,0.0110677555202878,52.85286176732343,0.0901888892001072,0.7055254404381408,0.7900472225779549
2024-05-29,29.94007110595703,30.48859214782715,30.79607050759452,-0.0299420921180577,50.9406551294156,0.091516636925446,0.556469442304028,0.8010240100962015
2024-05-30,29.99969482421875,30.24414291381836,30.803168433053152,0.0019914354261454,50.72675395879267,0.0918709381804896,0.4372269463636158,0.7686638844249973
2024-05-31,30.65553474426269,30.39717254638672,30.874146733965198,0.0218615530553492,56.849313087452906,0.0907367042079279,1.01356890161102,2.099294855190894
2024-06-03,30.099063873291016,30.31171493530273,30.85853154318673,-0.0181523785382938,48.47222666538703,0.0923207906364097,1.013570749457351,0.7799948585367984
2024-06-04,29.8407039642334,30.107013702392575,30.78613376617432,-0.0085836526393393,42.63007030947487,0.0953021761621891,0.8048935638260843,1.1017955848673686
2024-06-05,30.585975646972656,30.236194610595703,30.751354353768484,0.0249750033924309,46.71140569558223,0.0952228722100523,0.8247679300565096,0.9540908961282166
2024-06-06,30.22824478149414,30.28190460205078,30.63707937513079,-0.0116959115382648,38.58157461123702,0.0927748131021443,0.427289758329092,0.7642557504509638
2024-06-07,30.546226501464844,30.26004295349121,30.559712954929896,0.0105193577155817,42.39888099158068,0.0900129605242488,0.5664085288162184,0.7700073599741204
2024-06-10,30.71515464782715,30.38326110839844,30.47524874550956,0.0055302459815846,41.58416029746813,0.0844883278262364,0.6558394526327547,0.8501190732743923
2024-06-11,30.7250919342041,30.560138702392575,30.417046546936035,0.0003235304035058,43.898814284343246,0.0835610702097523,0.496848186584593,0.5933705393069999
2024-06-12,30.56610107421875,30.5561637878418,30.370200838361463,-0.0051746260133516,44.96951268575992,0.0836483944920632,1.0831292128415733,1.1974412354638715
2024-06-13,30.26799201965332,30.564113235473634,30.397172655378068,-0.0097529303407581,53.442034780939615,0.0839991458069586,0.4372269551474836,0.7912503271291497
2024-06-14,30.258056640625,30.506479263305664,30.378008706229075,-0.0003282470479663,47.239292701231896,0.0771451826043261,0.3477941248409024,0.6741638478530996
2024-06-17,30.784713745117188,30.520391082763677,30.37233039311,0.0174055165124216,49.21259143359028,0.0707863602123696,0.8148307375483199,0.8740041807614302
2024-06-18,30.436920166015625,30.462756729125974,30.407819611685618,-0.0112976064023569,55.555569773701166,0.0576557222180236,0.963884834168624,0.8018135912902922
2024-06-20,30.426984786987305,30.434933471679688,30.43834032331194,-0.0003264252419143,54.83147434125082,0.0476465235952426,0.6558394763625088,1.0543586664207971
2024-06-21,30.894020080566406,30.560139083862303,30.45537499019078,0.015349378088191,52.81688649503042,0.0434988793797323,0.6856510212336921,2.0508851968744937
2024-06-24,30.37729835510254,30.58398742675781,30.475248881748744,-0.0167256227618272,53.31753802404592,0.0403932560879496,0.8843891810632556,0.9400642437494054
2024-06-25,30.546226501464844,30.536289978027344,30.525643348693848,0.0055609996777059,58.59563917077784,0.0404361324935617,0.536595059766114,0.6892284491831049
2024-06-26,30.347488403320312,30.518403625488283,30.50860854557582,-0.0065061423588606,46.6480333105644,0.0383104248717876,0.407415364823251,0.7277700262814392
2024-06-27,30.397172927856445,30.51244125366211,30.52067484174456,0.0016371873637719,52.59939340541169,0.0354068605307609,0.3676666054109816,0.7193670567052416
2024-06-28,30.774776458740234,30.488592529296877,30.5369998386928,0.0124223240029583,53.453461589008505,0.0340025306361813,0.5862810206355249,0.9788114629499196
2024-07-01,30.645597457885746,30.54225234985352,30.5320314679827,-0.0041975609807493,48.93619007390783,0.0339561102086404,0.4074153767645683,0.8266698472978136
2024-07-02,30.874147415161133,30.60783653259277,30.54267828805106,0.0074578398280362,52.1367745717592,0.033789503854756,0.7154607389012746,0.9179210875944503
2024-07-03,31.033138275146484,30.744966506958008,30.576038088117325,0.005149643740681,56.695179597559736,0.0301995648907577,0.4272897574278893,0.6354782200895585
2024-07-05,31.818159103393555,31.02916374206543,30.68676430838449,0.0252962114655277,69.50006862047888,0.0472713429857674,1.0235079717603597,1.1946285561664125
2024-07-08,33.77574157714844,31.62935676574707,30.93802751813616,0.0615240645253452,79.69803423708576,0.1013209253044992,1.2619948557243177,2.0410084105289243
2024-07-09,34.3719596862793,32.374629211425784,31.19425937107631,0.0176522581382563,79.93372006707575,0.1433538470824402,1.490544645908642,2.2422479370605943
2024-07-10,34.65019226074219,33.129838180541995,31.49520737784249,0.0080947544743559,85.57052469940946,0.1762575376771542,0.8347051241119701,1.1810098074334898
2024-07-11,33.2888298034668,33.580976486206055,31.6996248790196,-0.039288741806428,69.67215414552847,0.1846285822421473,1.828401549786605,1.2070839998522127
2024-07-12,34.27259063720703,34.07186279296875,31.940951347351078,0.0295522804360572,71.6837099437288,0.1999345003572968,1.6992199408537516,1.3557775507086554
2024-07-15,34.242774963378906,34.165269470214845,32.21705681937082,-0.0008699568160381,76.46257401954706,0.209191330677453,0.9141988132004926,0.8547775466312696
2024-07-16,34.12353515625,34.11558456420899,32.472578866141184,-0.0034821887903777,74.65756234134965,0.2137384212794349,0.6061554216707492,0.6092353629670231
2024-07-17,34.242774963378906,34.03410110473633,32.75081362043108,0.0034943568004579,77.14681985402612,0.2194408956205203,2.7426002302521937,2.2266893134112564
2024-07-18,34.65019226074219,34.306373596191406,33.05460071563721,0.0118979054062935,78.23220223400624,0.2235769422176038,1.7588430754734716,1.5890577989513064
2024-07-19,32.7721061706543,34.00627670288086,33.19726712363107,-0.0542013180173812,61.05611083730633,0.2163717788467667,1.7190980738616377,1.282997778527932
2024-07-22,33.15964889526367,33.789651489257814,33.37684222630092,0.0118253835316937,63.52941200622188,0.2119489199449876,0.6459041974656969,0.929978087744696
2024-07-23,32.7422981262207,33.51340408325196,33.510281562805176,-0.0125861033800807,59.85326075912387,0.2019708664199364,0.397476297604399,0.571071141152912
2024-07-24,31.50017547607422,32.964884185791014,33.54364136287144,-0.0379363307168646,52.21072399129658,0.1954764507439345,1.1328132477058477,1.1685394904469366
2024-07-25,30.90395736694336,32.21563720703125,33.478341238839285,-0.0189274535814479,45.59386423727763,0.1906069889159021,1.0334432352472973,0.918429631838402
2024-07-26,31.152381896972656,31.89169235229492,33.290958404541016,0.008038599299099,34.86237643551402,0.184194373582594,0.5365950597153031,0.7023869894542598
2024-07-29,30.63566017150879,31.386894607543944,33.0240798677717,-0.0165869090579581,28.240729941374624,0.1854401459970583,0.6757119651169532,0.5973056771667918
2024-07-30,29.94007110595703,30.82644920349121,32.6876426424299,-0.0227052089511901,23.84106465360537,0.1927795478321886,0.8943263632485596,0.8783580427617224
2024-07-31,30.546226501464844,30.63565940856933,32.49174240657261,0.0202456231103342,33.37349525757823,0.1955228531187154,0.5862810159738956,1.002957898740766
2024-08-01,28.866878509521484,30.22824363708496,32.105620111737935,-0.0549772650923945,19.777770668714084,0.2184440115278272,1.808527072552618,1.7907971099098452
2024-08-02,21.3445987701416,28.26668701171875,31.184321812220983,-0.2605851455985698,10.761792393437249,0.3844433201666352,1.5501658934722968,4.127244871512892
2024-08-05,19.98323440551757,26.136201858520508,30.174300330025808,-0.0637802743112888,10.005621317416695,0.5181678015512503,1.0930644797076,1.9352552299799333
2024-08-06,19.70499992370605,24.08918762207031,29.135887827192036,-0.0139233957909584,9.24793049867462,0.6211629076893536,0.8744520152537909,1.3923013217480515
2024-08-07,18.989999771118164,21.77794227600097,28.017302649361746,-0.0362852146844064,6.845748898523269,0.7125290710404348,1.2999992370605469,1.2417234899937903
2024-08-08,20.489999771118164,20.10256652832031,27.140009335109166,0.0789889425002177,15.434359830740377,0.7726331589966418,1.7099990844726562,1.1957904906817505
2024-08-09,19.709999084472656,19.77564659118652,26.17932006290981,-0.0380673838632719,12.966598413561726,0.8270602579233055,0.6499996185302805,0.9355019846866648
2024-08-12,19.36000061035156,19.65099983215332,25.223441668919158,-0.0177574069192536,13.014871482047596,0.8740365137652464,0.9699993133544886,0.6635390293483283
2024-08-13,20.46999931335449,19.80399971008301,24.4355719430106,0.057334641942595,19.29124287386084,0.8978886769240761,1.0100002288818395,0.9134229559337086
2024-08-14,19.920000076293945,19.989999771118164,23.651003565107068,-0.0268685518079977,19.341017550625665,0.9150864870882888,0.7099990844726562,0.6914921353067394
2024-08-15,20.690000534057617,20.02999992370605,22.903690610613136,0.0386546413059516,21.623116274069744,0.9075418792555744,0.8299999237060547,1.0329162915442096
2024-08-16,20.8700008392334,20.2620002746582,22.20614351545061,0.0086998695277693,23.02001317799099,0.9033967037861071,0.4899997711181711,0.5993441259860394
2024-08-19,21.520000457763672,20.694000244140625,21.60470989772251,0.0311451649445237,26.67877911123142,0.8779896134214563,1.0200004577636683,0.8050087141955615
2024-08-20,20.989999771118164,20.79800033569336,20.92212227412632,-0.0246282841715415,23.419817609416256,0.8460469428714776,0.4099998474121094,0.9940254278075972
2024-08-21,21.40999984741211,21.096000289916997,20.389488083975653,0.0200095321997981,27.69655579386655,0.8118322339714505,0.3700008392333984,0.6756357472346145
2024-08-22,20.100000381469727,20.978000259399412,20.30058819907052,-0.061186337005076,44.075934455138274,0.7790822823611868,1.3599987030029368,0.9471272644515936
2024-08-23,20.540000915527344,20.912000274658205,20.340357235499788,0.0218905734182599,52.9048991973926,0.7200428986159715,0.6700000762939418,0.8365101086016654
2024-08-26,20.1299991607666,20.63400001525879,20.37071432386125,-0.019961136148285,52.18733520527706,0.6474000624532659,0.6099987030029297,0.657301330597591
2024-08-27,20.06999969482422,20.45,20.447857175554542,-0.0029805995252757,55.96026483095228,0.5579968921981061,0.4200000762939488,0.493755226773146
2024-08-28,19.61000061035156,20.09000015258789,20.385000092642645,-0.0229197354991135,44.513719951227024,0.3922439674992838,0.6000003814697195,0.5663837340185749
2024-08-29,20.1299991607666,20.095999908447265,20.41500009809221,0.0265170083748262,52.70618730909606,0.1360607678309268,0.8500003814697266,0.7470611896666127
2024-08-30,22.040000915527344,20.395999908447266,20.606428691319056,0.0948833499448593,64.37768451142814,0.1494600536647339,1.1200008392333984,2.2161527171789874
2024-09-03,20.100000381469727,20.39000015258789,20.580000196184432,-0.0880217991593127,48.17734543713419,0.1489429461159963,1.7000007629394531,1.4666453315776828
2024-09-04,19.43000030517578,20.2620002746582,20.54500021253313,-0.0333333364964322,47.61441256925745,0.1519033744890416,0.7699985504150391,1.106901832019279
2024-09-05,19.39999961853028,20.220000076293942,20.452857289995467,-0.0015440394325423,43.23189630430792,0.1453301063198178,0.6599998474121165,0.8609518201782422
2024-09-06,18.88999938964844,19.972000122070312,20.311428615025115,-0.0262886721087717,39.95942726165355,0.1592107091844809,0.850000381469723,1.2237147687644283
2024-09-09,19.06999969482422,19.37799987792969,20.13642856052944,0.0095288677073444,36.95420699214677,0.166432218168353,0.5900001525878906,0.8550557970154681
2024-09-10,18.979999542236328,19.153999710083006,19.992857115609308,-0.0047194627177847,38.77095179225719,0.1714861021439933,0.6000003814697195,0.7398261648664474
2024-09-11,19.63999938964844,19.195999526977538,19.86642851148333,0.0347734385316189,40.369967423573264,0.1732542935095635,1.170000076293945,0.9536158166209624
2024-09-12,19.36000061035156,19.1879997253418,19.81357138497489,-0.0142565574337267,45.46568865204941,0.1769588684038309,0.5,0.6904923976358952
2024-09-13,19.65999984741211,19.34199981689453,19.750714165823805,0.0154958278720376,44.51370936479587,0.1767787294654202,0.3099994659423828,0.6094383219977142
2024-09-16,20.90999984741211,19.70999984741211,19.8064285005842,0.0635808753663109,54.401810388421055,0.177134343756368,1.3099994659423793,1.923873796548256
2024-09-17,21.46999931335449,20.207999801635744,19.906428473336355,0.0267814189396891,57.478631477166296,0.1763321766959209,1.340000152587887,2.3324821498079045
2024-09-18,20.770000457763672,20.43400001525879,19.989285605294363,-0.0326035807162514,56.041666832235165,0.1743629848311913,1.0200004577636754,1.382710145845717
2024-09-19,21.13999938964844,20.789999771118165,20.061428478785928,0.0178141032128127,55.34391720208676,0.1705671424455604,0.6599998474121094,1.1343441610493
2024-09-20,21.84000015258789,21.22599983215332,20.04714271000454,0.0331126198273314,48.78640282287671,0.1870950337804152,2.7899990081787145,2.685616308685607
2024-09-23,22.559999465942383,21.55599975585937,20.222856930324014,0.0329670012968923,67.52136937916043,0.213932140945174,0.7899990081787109,1.799321768280292
2024-09-24,22.809999465942383,21.82399978637695,20.46428544180734,0.011081560546019,75.60606756814946,0.2399412681726835,0.8199996948242152,1.074600045090772
2024-09-25,23.540000915527344,22.37799987792969,20.75999982016427,0.0320035715333937,78.35618363959347,0.2736779641677001,1.329999923706055,1.0746044083398305
2024-09-26,23.920000076293945,22.93400001525879,21.119285583496094,0.0161426994896991,85.07673158483193,0.302767973291061,1.170000076293945,0.858425808058228
2024-09-27,23.90999984741211,23.34799995422363,21.464999880109517,-0.000418069767974,84.57144850128634,0.3264367559959029,0.9599990844726562,0.7653048971883833
2024-09-30,23.459999084472656,23.527999877929688,21.78499984741211,-0.0188206091932768,80.43479274937684,0.3394911116865077,0.8600006103515625,0.6217530489441515
2024-10-01,22.690000534057617,23.504000091552733,22.00285707201277,-0.0328217638731569,70.41501326846469,0.3415316074998263,1.4599990844726491,0.8207712023419209
2024-10-02,22.38999938964844,23.273999786376955,22.219285556248256,-0.0132217336865583,70.22696691245758,0.3336759085872965,0.7199993133544922,0.568414075440694
2024-10-03,22.26000022888184,22.941999816894533,22.40499986921038,-0.005806126141598,67.75957081515993,0.3224666567112124,1.0799999237060476,0.4809138682067662
2024-10-04,22.59000015258789,22.67799987792969,22.52499989100865,0.014824794263833,63.125007078054125,0.3022664925633688,0.6100006103515625,0.4938913696606303
2024-10-07,22.3799991607666,22.46199989318848,22.589999880109517,-0.009296192580912,57.52066084436605,0.2796344206981791,0.6299991607666087,0.5467814015663921
2024-10-08,23.31999969482422,22.5879997253418,22.772142682756694,0.0420018127482995,70.27026125517473,0.2550076961423549,1.3700008392333984,0.5829507203107295
2024-10-09,23.459999084472656,22.80199966430664,22.937856946672717,0.0060034044374155,69.14190733561082,0.2374972627563533,0.4200000762939453,0.4508473722646118
2024-10-10,23.21999931335449,22.99399948120117,23.0364283152989,-0.0102301696711069,62.32142023894306,0.2052556476129542,0.5700016021728516,0.4535298326750565
2024-10-11,23.559999465942383,23.18799934387207,23.10785688672747,0.0146425565306691,59.57854182134944,0.1726567288023946,0.8400001525878906,0.4406443462994874
2024-10-14,23.440000534057617,23.399999618530277,23.152856963021414,-0.0050933333873046,56.18861541482396,0.1592878836615554,0.5,0.3798018322609492
2024-10-15,22.65999984741211,23.26799964904785,23.08999974387033,-0.0332764790475235,41.43967730922801,0.1501192050178949,1.25,0.7933422469375414
2024-10-16,22.309999465942383,23.0379997253418,22.974999700273788,-0.015445736267721,34.24657125196708,0.1263594193849977,0.8000011444091797,0.7397287648500117
2024-10-17,22.440000534057617,22.881999969482425,22.86999974931989,0.0058270314310715,35.9464731747718,0.1059925048845648,0.4200000762939382,0.5393786783045541
2024-10-18,22.770000457763672,22.72400016784668,22.820714133126398,0.0147058786030422,43.24854653332896,0.0961420263861609,0.3199996948242187,0.5694110222715428
2024-10-21,22.84000015258789,22.60400009155273,22.831428391592844,0.0030742070011839,51.700675270348185,0.0947214120644183,0.6299991607666016,0.6309606700599975
2024-10-22,22.39999961853028,22.552000045776367,22.832142693655832,-0.0192644715901088,50.109892597435135,0.0974135178402278,0.6499996185302734,0.8385696850281481
2024-10-23,21.979999542236328,22.48600006103516,22.812142644609725,-0.0187500037252906,47.10743215417988,0.1022299454829919,0.8500003814697301,0.814120829992943
2024-10-24,22.34000015258789,22.46599998474121,22.79428550175258,0.0163785540422689,47.43326633464981,0.0956368850840821,0.4000015258789098,0.7578452061213421
2024-10-25,22.68000030517578,22.447999954223636,22.815714154924667,0.0152193442374934,53.00001029967868,0.0847189515091134,0.9300003051757812,1.2834792568548057
2024-10-28,22.920000076293945,22.463999938964843,22.787142753601078,0.0105820003478305,45.34884288286355,0.0800809126252738,0.7100009918212891,0.8158780397126179
2024-10-29,22.89999961853028,22.563999938964844,22.747142791748047,-0.000872620318372,43.30144534057342,0.0802881012998302,0.7299995422363317,1.6284496034296876
2024-10-30,22.299999237060547,22.62799987792969,22.681428500584197,-0.0262008904569686,39.8678468694085,0.081023158008368,0.6700000762939418,1.0023187174479136
2024-10-31,21.520000457763672,22.463999938964843,22.535714285714285,-0.0349775249319554,29.518088209103567,0.09270057487104,0.7800006866455114,2.0842483977243744
2024-11-01,23.200000762939453,22.568000030517577,22.51857144492013,0.0780669270185676,48.16514015652501,0.0944708573021977,1.6700000762939418,2.883945575618803
2024-11-04,22.520000457763672,22.488000106811523,22.508571488516672,-0.0293103570178342,48.91304862907888,0.0937499576877704,1.0,1.3728613103643474
2024-11-05,23.31999969482422,22.572000122070317,22.58071436200823,0.0355239440852119,57.32946327108845,0.0937499576877704,1.1800003051757706,0.9593443154154624
2024-11-06,25.049999237060547,23.12200012207031,22.767142840794158,0.0741852300547112,65.3710175109886,0.1277510006468999,1.0700016021728516,1.789152992305725
2024-11-07,26.229999542236328,24.063999938964844,23.0142856325422,0.0471058020405052,68.5224787363305,0.1835855258619318,1.1899986267089844,1.4904962767075711
2024-11-08,26.200000762939453,24.66399993896484,23.254285676138743,-0.0011436820366149,68.06452089244235,0.2206620809978201,0.6000003814697301,1.096007805764495
2024-11-11,25.049999237060547,25.16999969482422,23.44357136317662,-0.0438931867324833,63.23676102865725,0.2322145170042327,1.4600009918212926,1.1141154361550747
2024-11-12,24.15999984741211,25.337999725341795,23.599285670689174,-0.0355289188325289,60.40076526907266,0.2333848407178498,1.0699996948242152,0.8727997775982734
2024-11-13,24.920000076293945,25.31199989318848,23.78357137952532,0.0314569633146435,61.85661821100853,0.2371057251531441,1.1199989318847692,0.8145080449497828
2024-11-14,25.030000686645508,25.072000122070317,23.9514285496303,0.0044141496795662,61.03286603588645,0.2404908645121456,0.6800003051757777,0.6866427743758073
2024-11-15,24.350000381469727,24.70200004577637,24.053571428571427,-0.0271674105681741,56.44725106176886,0.2397255615195607,0.5900001525878906,0.7602194728146721
2024-11-18,24.84000015258789,24.660000228881835,24.19214289528983,0.0201231935705041,58.3910061577994,0.2411455164998653,0.8600006103515625,0.8109771764964621
2024-11-19,24.200000762939453,24.668000411987304,24.327857289995467,-0.0257648706005245,58.189662826756816,0.235268994842272,0.4400005340576172,0.8265671162559208
2024-11-20,24.01000022888184,24.486000442504885,24.505714416503903,-0.0078512614903957,61.307900632855166,0.2232517871749761,0.6599998474121094,0.6759817553680458
2024-11-21,24.440000534057617,24.368000411987303,24.594285828726637,0.0179092170377628,56.352457694871525,0.2145452989722968,0.9400005340576209,0.7839508804787007
2024-11-22,24.5,24.39800033569336,24.7357143674578,0.0024549699112637,60.83150806595671,0.2081284257782654,0.5400009155273402,0.4995710458021498
2024-11-25,24.8700008392334,24.40400047302246,24.8464287349156,0.0151020750707508,58.89782415561511,0.2040563836349393,0.8099994659423793,1.197588642565358
2024-11-26,24.049999237060547,24.37400016784668,24.775000163487025,-0.0329715148573404,43.58974609776185,0.1975372351516914,1.1800003051757812,0.9232228878472832
2024-11-27,23.64999961853028,24.302000045776367,24.59071445465088,-0.0166320012981071,31.62393835842548,0.1838848561336042,0.8700008392333984,0.7146057728660301
2024-11-29,24.049999237060547,24.223999786376957,24.4371429170881,0.0169133033819104,35.45331127451608,0.1488590369221815,0.6800003051757812,0.5102538351462955
2024-12-02,23.93000030517578,24.10999984741211,24.357142993382045,-0.0049895607356131,41.194977795585,0.1423904929832232,2.039999008178711,2.1312977008429157
2024-12-03,22.46999931335449,23.629999542236327,24.236428669520787,-0.0610113235771881,37.80663784635357,0.143375953266506,1.3099994659423828,1.885108406985464
2024-12-04,21.959999084472656,23.21199951171875,24.02500002724784,-0.022696940118673,27.84431129175708,0.1660328337549385,0.7300014495849609,1.3848823265557264
2024-12-05,20.799999237060547,22.641999435424804,23.7228570665632,-0.0528233103721901,22.639064318596667,0.2116090411316474,1.5300006866455078,2.1502640927265597
2024-12-06,20.920000076293945,22.015999603271485,23.477857044764928,0.0057692713286059,26.080897097372585,0.2307495110758151,0.3899993896484375,1.020261198433529
2024-12-09,20.809999465942383,21.391999435424804,23.18999985286168,-0.0052581553513574,20.32401317221712,0.2429280401644941,0.3299999237060547,0.8984226473703968
2024-12-10,20.15999984741211,20.929999542236327,22.90142835889544,-0.031234965651684,20.294124246878027,0.2722733642328734,0.9000015258789027,1.1675305283221964
2024-12-11,20.1200008392334,20.56199989318848,22.62357125963484,-0.0019840778016595,20.75189099949624,0.3002523645544172,0.3799991607666015,0.9676536156370986
2024-12-12,20.780000686645508,20.55800018310547,22.3621426991054,0.0328031719623553,23.401168029071485,0.3083575290980678,0.9799995422363352,0.9872548254708314
2024-12-13,20.34000015258789,20.44200019836426,22.06499985286168,-0.0211742309681629,21.34987174003733,0.3162634226252646,0.5499992370605469,0.6976030824925795
2024-12-16,20.82999992370605,20.44600028991699,21.77642835889544,0.0240904507100416,22.628724045976824,0.3202645749612202,1.1000003814697266,0.9237539445359028
2024-12-17,20.440000534057617,20.50200042724609,21.518571308680944,-0.0187229664463217,24.02878203282772,0.3196484144268909,0.4799995422363281,0.6508657945112964
2024-12-18,19.299999237060547,20.338000106811524,21.20785699571882,-0.0557730561257849,21.716514438429627,0.3358299148073739,1.3700008392333949,1.065150816269989
2024-12-19,19.059999465942383,19.993999862670897,20.85142844063895,-0.0124352217930303,16.86587439515141,0.3512994238423178,0.6599998474121094,0.8457390531764954
2024-12-20,19.520000457763672,19.82999992370605,20.53642845153809,0.0241343654097812,21.98222167503441,0.3495397209410521,0.860000610351559,1.288033396277954
2024-12-23,20.200000762939453,19.704000091552736,20.37428569793701,0.0348360803908345,33.99155225044207,0.3339792814379264,0.7099990844726562,0.680126601571395
2024-12-24,20.39999961853028,19.695999908447263,20.26285716465541,0.0099009330711392,38.4955803248288,0.3025627652755915,0.4400005340576243,0.3635568890678854
2024-12-26,20.440000534057617,19.92400016784668,20.237142971583776,0.001960829229183,46.8198004293892,0.278102955326183,0.5900001525878942,0.4936923089217717
2024-12-27,20.299999237060547,20.172000122070312,20.19285719735282,-0.0068493783434006,44.54224825946109,0.2548606975617634,0.5200004577636683,0.6000794290064088
2024-12-30,19.81999969482422,20.231999969482423,20.122142927987237,-0.0236452985357763,41.81818525742738,0.2149836831920922,0.3800010681152308,0.7307279678832308
2024-12-31,20.049999237060547,20.20199966430664,20.114285741533557,0.0116044170422662,49.02308535095547,0.1558899948733483,0.520000457763679,0.6512416054005026
2025-01-02,20.21999931335449,20.165999603271484,20.12142848968506,0.0084788071203369,50.86804198814528,0.1253627007359814,0.4300003051757812,0.6453832034429888
2025-01-03,20.559999465942383,20.18999938964844,20.10571411677769,0.0168150427365909,47.97793086425293,0.1011946384161815,0.6100006103515625,0.7081497381803851
2025-01-06,19.8700008392334,20.10399971008301,20.07214273725237,-0.0335602453614829,45.86995369735642,0.0994269624125258,1.1999988555908203,1.2823639194835432
2025-01-07,20.01000022888184,20.141999816894533,20.013571330479213,0.0070457666701257,42.32210045512058,0.0941904414233578,0.4400005340576101,0.9630423764638354
2025-01-08,19.8799991607666,20.107999801635746,19.973571232387,-0.0064968049289474,44.48817744643657,0.0900696856200151,0.4100017547607422,0.7596824937619788
2025-01-10,19.14999961853028,19.893999862670903,19.962856973920548,-0.0367203004553935,48.39400839315078,0.0999519972868246,0.75,1.1470559965146174
2025-01-13,19.200000762939453,19.622000122070315,19.9728570665632,0.0026110258697231,51.56251396983409,0.107291402705713,0.5200004577636719,0.8322244589962045
2025-01-14,19.200000762939453,19.488000106811526,19.949999945504324,0.0,46.01990474645076,0.1073741740147362,0.7000007629394531,0.794311451293238
2025-01-15,19.71999931335449,19.429999923706056,19.91571412767683,0.0270832567579244,43.78236255349589,0.1062350271327917,0.6000003814697266,0.947648663793673
2025-01-16,19.670000076293945,19.388000106811525,19.86357130323137,-0.0025354583570742,40.16172880888861,0.0975446990188767,0.5500011444091726,0.7745085177548067
2025-01-17,21.489999771118164,19.8560001373291,19.938571248735705,0.0925266745177932,59.56283830263279,0.119678971299093,0.8299999237060547,2.6133310352632884
2025-01-21,21.770000457763672,20.370000076293945,20.04357133592878,0.0130293480515444,63.05507937690992,0.1416399044353411,0.6599998474121094,1.499021749489385
2025-01-22,21.86000061035156,20.902000045776365,20.18928568703788,0.004134136458219,69.46566552662503,0.1549170308099109,0.720001220703125,0.9555423008076236
2025-01-23,21.56999969482422,21.272000122070317,20.29785714830671,-0.0132662812182179,64.33962902423634,0.1628108664464862,0.3999996185302734,0.9117713429911528
2025-01-24,20.82999992370605,21.504000091552733,20.34142862047468,-0.0343068976164951,55.19591755833337,0.1643715319484167,0.6599998474121094,1.0764612606124035
2025-01-27,20.290000915527344,21.26400032043457,20.32214300973075,-0.0259241003435698,47.77595841161477,0.1643514335276426,0.9200000762939418,1.3003592622832478
2025-01-28,19.799999237060547,20.870000076293945,20.31714289528983,-0.0241499091353817,49.40373430864796,0.1658740179932225,0.6000003814697266,1.113062627190111
2025-01-29,19.75,20.447999954223636,20.2985714503697,-0.0025252140902591,47.75086333914663,0.1676195769875214,0.4200000762939417,1.2746571515464429
2025-01-30,20.01000022888184,20.136000061035155,20.30785724094936,0.0131645685509791,51.09983986016653,0.1667813512852924,0.6700000762939453,1.5387654240901496
2025-01-31,19.43000030517578,19.8560001373291,20.327857289995467,-0.0289855031020391,52.430561419438135,0.1707405603099765,0.9500007629394496,1.5895655524369463
2025-02-03,19.3799991607666,19.673999786376957,20.34071431841169,-0.0025733990542378,51.56248603016193,0.1750435385200318,0.9699993133544922,1.0307463790531248
2025-02-04,19.290000915527344,19.572000122070317,20.3471429007394,-0.0046438725044659,50.76923227404271,0.1788090959385651,0.5100002288818359,0.7168518529315578
2025-02-05,19.64999961853028,19.55200004577637,20.34214292253767,0.0186624513176232,49.38488829772623,0.179784188658198,0.8600006103515625,0.885443578961788
2025-02-06,19.3799991607666,19.425999832153323,20.321428571428573,-0.0137404815778756,47.54652349395297,0.1828745063412478,0.4800014495849645,0.6172839589818876
2025-02-07,19.100000381469727,19.359999847412112,20.150714329310823,-0.0144478220547972,22.65446254219528,0.1881387792611682,0.3299999237060511,0.7841884262239206
2025-02-10,19.770000457763672,19.43800010681153,20.007857186453684,0.0350785373252642,28.99158923068916,0.1837798179688564,0.8400001525878871,0.9812238078079596
2025-02-11,20.96999931335449,19.773999786376955,19.944285665239608,0.0606979680225336,42.41906517774259,0.1826259650898506,2.0199985504150426,1.900815441762205
2025-02-12,22.479999542236328,20.339999771118165,20.00928565434047,0.0720076432201031,56.41749166038952,0.2024961731932095,1.6299991607666016,1.9089715012131263
2025-02-13,24.1299991607666,21.289999771118165,20.24499988555908,0.0733985610377876,70.6250050663972,0.2581357643196577,2.0399990081787074,2.6227089057778348
2025-02-14,23.600000381469727,22.189999771118163,20.48142841884068,-0.0219643098934959,70.71339888027353,0.2843790307895777,2.3299999237060582,2.2123083534939654
2025-02-18,27.38999938964844,23.71399955749512,21.023571286882675,0.1605931757168339,83.61383820267841,0.3984648773679337,3.059999465942383,2.585201222016225
2025-02-19,25.71999931335449,24.66399955749512,21.449999809265137,-0.0609711615008322,73.12161901617102,0.4411305826571147,0.8700008392333949,1.3470654182829445
2025-02-20,26.09000015258789,25.38599967956543,21.884285518101283,0.0143857250820877,73.34870346386072,0.4815247501165949,1.6400012969970703,1.239346530634599
2025-02-21,24.8700008392334,25.53400001525879,22.272856984819686,-0.0467611846002031,69.91216278766798,0.4986641808240492,1.4500007629394531,0.9322693372297418
2025-02-24,24.270000457763672,25.66800003051758,22.622142791748047,-0.0241254668766718,67.20620542275171,0.5053298875905595,1.1799983978271484,0.7550635914211058
2025-02-25,22.989999771118164,24.788000106811523,22.886428424290248,-0.0527400355378259,62.01298657065185,0.5003623624591613,1.510000228881836,0.7330293095031561
2025-02-26,23.520000457763672,24.34800033569336,23.162857055664062,0.0230535316190536,62.42775012577842,0.4917756665896373,0.6100006103515625,0.5576118192776632
2025-02-27,23.09000015258789,23.74800033569336,23.42785712650844,-0.0182823255445067,61.79275762760715,0.4792457357068605,1.3299999237060618,0.8053359319936755
2025-02-28,23.729999542236328,23.520000076293947,23.75857135227748,0.027717600061458,64.3878174820079,0.4689568729649995,1.800001144409176,0.8582859839216337
2025-03-03,22.739999771118164,23.213999938964843,23.970714160374232,-0.041719333763833,59.04935919005667,0.4483345850725618,2.520000457763672,1.153481111114058
2025-03-04,21.32999992370605,22.88199996948242,23.99642848968506,-0.0620052709588387,51.083034396773975,0.429672188769449,1.869998931884762,1.2051751299733842
2025-03-05,20.809999465942383,22.339999771118165,23.877142769949774,-0.0243788307371601,44.65770900203926,0.412434881331538,1.1800003051757777,0.979137340776265
2025-03-06,20.75,21.871999740600582,23.635714258466447,-0.002883203627207,37.96296510135916,0.4000197132740629,1.1299991607666016,0.733861900476564
2025-03-07,20.63999938964844,21.253999710083008,23.424285616193497,-0.00530123423381,39.13362404760363,0.3841492975645384,1.0900001525878942,0.6087295627517519
2025-03-10,19.93000030517578,20.69199981689453,22.89142853873117,-0.0343991814664851,14.611013109672925,0.3714733696280516,0.860000610351559,0.6155411713806371
2025-03-11,19.780000686645508,20.381999969482425,22.46714292253767,-0.0075263229419679,17.073180015216536,0.3713288654991482,0.7699985504150391,0.5991433382708824
2025-03-12,20.68000030517578,20.3560001373291,22.08071436200823,0.0455004846960349,21.675391206223352,0.3741917372483468,0.9600009918212892,0.9621968740272816
2025-03-13,23.700000762939453,20.94600028991699,21.997142927987237,0.1460348362281129,44.84581481510735,0.3738884000650936,1.4000015258789062,1.7658592487623122
2025-03-14,24.049999237060547,21.62800025939941,21.98142855507987,0.0147678676309748,49.00900337411738,0.3735767874828116,0.8500003814697266,0.8912228935484274
2025-03-17,25.690000534057617,22.780000305175783,22.174285752432688,0.0681913242836973,61.78010898184856,0.3859041157529277,1.779998779296882,1.2586684718245518
2025-03-18,25.920000076293945,24.00800018310547,22.34571429661342,0.0089528819562076,60.75268844770335,0.3647368793071672,1.0200004577636683,1.1031247839097689
2025-03-19,24.1200008392334,24.69600028991699,22.41928577423096,-0.0694444148056465,54.11013944046324,0.3521343196820039,1.1999988555908203,1.1358755142258783
2025-03-20,23.959999084472656,24.747999954223637,22.435714312962123,-0.006633571691278,50.95435500746319,0.3322721324929888,0.5799999237060547,0.5969472540552738
2025-03-21,24.26000022888184,24.790000152587893,22.54428577423096,0.0125209163552764,56.69014250042648,0.327471755415982,1.210000991821289,0.8211561261752716
2025-03-24,24.21999931335449,24.495999908447267,22.75071430206299,-0.0016488423392398,64.46445897941017,0.3271491548690697,0.8600006103515625,0.6094286772453161
2025-03-25,24.200000762939453,24.15200004577637,22.99285725184849,-0.0008257040042114,67.86091348133742,0.3308498198942109,0.639999389648441,0.4634795952327347
2025-03-26,23.420000076293945,24.01199989318848,23.183571543012345,-0.0322314323163172,63.07541536201977,0.3306216315388263,1.170000076293945,0.5348339358639214
2025-03-27,23.6200008392334,23.944000244140625,23.39642878941127,0.0085397421984594,64.46602484700932,0.3315034744146635,0.8999996185302805,0.5284039336938685
2025-03-28,22.709999084472656,23.63400001525879,23.59500013078962,-0.0385267452340309,63.23808461576747,0.3304131866768845,1.0200004577636683,0.54573875503665
2025-03-31,22.709999084472656,23.33199996948242,23.804285730634412,0.0,64.15457589337132,0.3304496863005631,1.0,0.6380832534259222
2025-04-01,22.049999237060547,22.90199966430664,23.902142797197616,-0.0290620816388921,56.77546158382689,0.3258497885441394,0.9600009918212892,0.6486117607988222
2025-04-02,21.979999542236328,22.61399955749512,23.77928556714739,-0.0031745894442738,37.98882443450872,0.3162716389560574,0.6799983978271484,0.6175123592824734
2025-04-03,22.43000030517578,22.375999450683597,23.66357135772705,0.020473192552836,38.84299170803194,0.3032573447032909,3.0399990081787216,2.366450168426839
2025-04-04,19.850000381469727,21.80399971008301,23.24642848968506,-0.1150245157647507,14.390262851103174,0.3149471368205667,2.5,1.6300237828435593
2025-04-07,19.56999969482422,21.17599983215332,22.792857033865797,-0.0141058277715144,11.515175895568944,0.3209955203956349,2.1100006103515625,1.2911964099442037
2025-04-08,18.1299991607666,20.391999816894533,22.364999771118164,-0.0735820417226915,12.04058080043788,0.353242744425261,2.719999313354496,1.4319678457866407
2025-04-09,21.530000686645508,20.302000045776367,22.19142845698765,0.1875345660928944,39.0835718088903,0.3456325504503217,3.75,1.8792954219190428
2025-04-10,19.8799991607666,19.79199981689453,21.878571237836564,-0.076637318776416,32.4519288816127,0.3663386458129075,1.6599998474121094,1.1363202854128154
2025-04-11,19.739999771118164,19.769999694824214,21.55857127053397,-0.007042223116625,32.19396847508911,0.3834061734464477,1.6199989318847656,1.1249863182631072
2025-04-14,20.309999465942383,19.91799964904785,21.28071403503418,0.0288753648142485,35.18659830430548,0.3727420824376103,1.0699996948242188,0.9167836685759658
2025-04-15,19.850000381469727,20.26199989318848,21.02571405683245,-0.0226488969260695,36.06558060502683,0.3544940689102282,0.6599998474121058,0.5942303250242815
2025-04-16,19.229999542236328,19.80199966430664,20.712142535618373,-0.0312342986054638,33.40892082314963,0.3616477637465969,0.7100009918212926,0.8480780238189678
2025-04-17,18.93000030517578,19.611999893188475,20.442142622811453,-0.015600584721889,35.023779886574744,0.3686977884670818,0.5400009155273438,0.8054613985737377
2025-04-21,18.84000015258789,19.431999969482423,20.16571412767683,-0.0047543661456403,34.775774787047794,0.3664064594094093,0.7399997711181641,0.6879968470489018
2025-04-22,19.51000022888184,19.272000122070317,19.984285627092635,0.0355626364579364,40.01572962440088,0.3498374053538103,0.6999988555908203,0.7867851622437197
2025-04-23,20.59000015258789,19.420000076293945,19.88499995640346,0.0553562230156852,44.938095230157046,0.3201142076364424,0.720001220703125,0.8979816039065135
2025-04-24,21.489999771118164,19.87200012207031,19.81785706111363,0.0437105202457783,46.685471130507416,0.3000326104473393,0.6700000762939453,1.0537960592292386
2025-04-25,20.049999237060547,20.095999908447265,19.832142693655832,-0.0670079362212432,50.76686661156224,0.2706921706097475,0.8400001525878906,1.277684544056685
2025-04-28,20.51000022888184,20.429999923706056,19.899285588945663,0.022942693731929,53.555220543265285,0.2517473576435186,1.0300006866455045,0.8221851566513895
