Price,Open,High,Low,Close,Volume,Dividends
Ticker,INTC,INTC,INTC,INTC,INTC,INTC
Date,,,,,,
2021-04-01,58.86365707338173,59.01827255130448,57.826813255853125,58.709041595458984,31416300,0.0
2021-04-05,59.072845540812764,60.7008740638183,58.84546737177341,60.51897430419922,27947500,0.0
2021-04-06,60.082411414667426,60.555361941310586,59.38208963437075,59.627655029296875,28771400,0.0
2021-04-07,59.727695674536186,60.54625846946761,59.4457489659052,60.25521469116211,17793300,0.0
2021-04-08,60.910063555214876,61.20110732696513,60.355260281092384,60.982826232910156,22224200,0.0
2021-04-09,60.755440764429466,62.2106594482119,60.60081835816037,62.08332824707031,27177100,0.0
2021-04-12,62.0287564243337,62.292515910506864,58.85455939940576,59.4912223815918,51266900,0.0
2021-04-13,59.67312981404885,59.69131701518353,58.39981062464989,59.31842041015625,26822000,0.0
2021-04-14,59.40026433288302,59.463929935872045,58.06328320059831,58.381614685058594,25768400,0.0
2021-04-15,58.18152483077533,59.31841563350572,57.917765331858185,59.13650894165039,24927700,0.0
2021-04-16,59.41846060013654,59.59126327785486,58.72722907217164,58.89094161987305,24625500,0.0
2021-04-19,58.845462485853446,58.881843822562736,57.362959444859754,57.87228775024414,23997700,0.0
2021-04-20,57.881384117910834,57.99052466374325,56.76268398196118,57.02644348144531,19872100,0.0
2021-04-21,57.10830621602403,58.00872189261274,56.662643443413245,57.93596267700195,24364200,0.0
2021-04-22,57.617625705262796,58.12695404461384,56.644447435237865,56.908206939697266,38257600,0.0
2021-04-23,53.80676918170424,54.57075995992379,52.660784749132645,53.87953186035156,77479500,0.0
2021-04-26,53.75219709123579,54.134194214524236,53.170109541001466,53.442962646484375,39645900,0.0
2021-04-27,53.26105790369461,53.32472350669738,52.54254213321745,52.72444534301758,38167700,0.0
2021-04-28,52.315170418970844,52.897257986269814,51.9786516946603,52.40612030029297,30387400,0.0
2021-04-29,52.642590472851644,53.02458410103275,52.2696904441207,53.00639343261719,23290600,0.0
2021-04-30,52.39702720774248,53.14282734426123,51.90588951700606,52.32426452636719,30731800,0.0
2021-05-03,52.62440692232278,52.64259759319878,51.69670352474093,52.078697204589844,22281700,0.0
2021-05-04,51.73307581180005,51.82402568074565,50.75989764211865,51.75126647949219,35323600,0.0
2021-05-05,51.80584223959098,52.115076694463134,51.351085892397556,51.70579528808594,21001900,0.0
2021-05-06,51.81377328571852,52.39029630106427,51.475181955194145,52.33538818359375,25529300,0.348
2021-05-07,52.802102565347894,53.08578580048553,52.38115077129017,52.7746467590332,19959000,0.0
2021-05-10,52.29879130516095,52.37199864462898,51.13659555494798,51.218955993652344,35046500,0.0
2021-05-11,50.37705427241367,50.90782237642975,49.69071837363178,50.36790466308594,35968100,0.0
2021-05-12,49.773074212016375,50.011005923123264,48.88541208137491,49.06843566894531,30232300,0.0
2021-05-13,49.452779290062125,49.773067909590914,48.922011302403966,49.425323486328125,29192500,0.0
2021-05-14,49.96524877129295,51.1091418612116,49.65410971119969,50.65158462524414,28158300,0.0
2021-05-17,50.59667629374889,51.14574354043296,50.111663285264065,50.63328170776367,20010200,0.0
2021-05-18,51.20065306427348,51.37452354928085,50.14827007326353,50.18487548828125,18703400,0.0
2021-05-19,49.4802450672258,50.72480145471573,49.269769132706934,50.660743713378906,23769700,0.0
2021-05-20,50.85291240398042,51.46604093325487,50.6607391971017,51.20065689086914,23145200,0.0
2021-05-21,51.63074610024674,51.896130079764,51.22809707299858,51.319610595703125,17723100,0.0
2021-05-24,51.84123284306836,52.5184155531434,51.61245424003785,52.124916076660156,19164400,0.0
2021-05-25,52.67398795484802,52.67398795484802,51.63075457017931,52.04255676269531,22309900,0.0
2021-05-26,52.20727991517172,52.37200079935752,51.786328095978945,52.088314056396484,15173600,0.0
2021-05-27,52.26218554354143,52.96682407203346,52.161522397916215,52.82955551147461,32387600,0.0
2021-05-28,52.664838931933645,52.75635247673404,52.10661852674799,52.271339416503906,20303900,0.0
2021-06-01,52.71973932788218,52.91191250745516,51.786322253105084,52.060855865478516,20326400,0.0
2021-06-02,52.07915417621879,52.79294220632211,51.94188563617554,52.60076904296875,18483600,0.0
2021-06-03,52.14322434726896,52.25303711099252,51.32877299212335,51.466041564941406,21831300,0.0
2021-06-04,51.74972463962523,52.847862745500905,51.74057503055038,52.500118255615234,21493800,0.0
2021-06-07,52.53671371817953,52.56416603108675,51.960190710938846,52.24387741088867,17364400,0.0
2021-06-08,52.57332794338729,52.74719843908985,51.79547853539381,52.16152572631836,33254500,0.0
2021-06-09,52.4909674999735,52.600780260896975,52.13407340880867,52.16152572631836,13904800,0.0
2021-06-10,52.298790003958054,53.104088172493114,52.097463716382066,52.5092658996582,26738100,0.0
2021-06-11,52.59162822629419,53.021729641275165,52.115768296394656,52.939369201660156,18119700,0.0
2021-06-14,53.094939577466114,53.25966045391958,52.371998340907496,53.25050735473633,21784500,0.0
2021-06-15,53.26881626268756,53.46098947729065,52.893619442845115,53.0674934387207,20806500,0.0
2021-06-16,53.21390691093129,53.415229717064534,51.951047986620026,52.362850189208984,21879700,0.0
2021-06-17,52.20727849870055,52.98512787311466,51.88698983863183,52.32624435424805,21498800,0.0
2021-06-18,51.86868352823351,51.932741255798106,50.422801126896935,50.94441604614258,55118300,0.0
2021-06-21,51.01762865385974,51.283012672113614,50.669884198592065,51.12744140625,19254600,0.0
2021-06-22,51.19149913605135,51.50263817689412,50.788850050030774,51.12744140625,18682800,0.0
2021-06-23,51.12744185334773,51.21895539021026,50.54176918096552,50.56922149658203,20287900,0.0
2021-06-24,50.77970220233321,51.33791908268561,50.64243363892313,51.31046676635742,21209700,0.0
2021-06-25,51.26471420846711,51.6216083014416,51.01763287697291,51.1640510559082,21101200,0.0
2021-06-28,51.5758420142002,52.82954761578484,51.55753930946883,52.60076904296875,22480900,0.0
2021-06-29,52.66483390663257,52.921068316738896,51.136594508581496,51.932743072509766,26360000,0.0
2021-06-30,51.55754674566915,51.59415216041152,50.68818734540258,51.3745231628418,29891600,0.0
2021-07-01,51.36537043678014,51.83207722832107,51.12743874628141,51.25555419921875,24871600,0.0
2021-07-02,51.74972513557064,52.152377756418616,51.53924921598413,51.941898345947266,17219400,0.0
2021-07-06,52.08831286272459,52.1706733029301,50.97187560657555,51.32876968383789,26186600,0.0
2021-07-07,51.585005167923285,51.65821600607473,50.981029716713465,51.209808349609375,14857400,0.0
2021-07-08,50.61498692629404,50.990183751484636,50.139126942242676,50.688194274902344,19162000,0.0
2021-07-09,50.798000908987085,51.347071666226974,50.614980814125,51.23725891113281,18708000,0.0
2021-07-12,51.48433526446223,51.94189247029632,51.34707019724267,51.9144401550293,15392800,0.0
2021-07-13,51.81377815472915,52.43605624766788,51.557547230890094,52.04255676269531,15716000,0.0
2021-07-14,52.31708942605422,52.58247344419685,51.54839666876018,51.722267150878906,16263600,0.0
2021-07-15,51.61246181998154,51.61246181998154,50.85291507074664,51.07254409790039,18917000,0.0
2021-07-16,51.292162392653566,52.097464057343515,50.23978290726534,50.30384063720703,25263800,0.0
2021-07-19,49.791378034263985,50.15742521759744,49.38872892530491,50.001853942871094,27007700,0.0
2021-07-20,50.25807877346569,50.843754893853195,49.66325653638828,50.55091857910156,19867000,0.0
2021-07-21,50.496016795017304,51.502641316882375,50.34044551966889,51.456886291503906,18497200,0.0
2021-07-22,51.301321897298685,51.740576453552656,50.95357739784912,51.209808349609375,36691000,0.0
2021-07-23,49.94694676097013,50.06590912223273,47.878786215146256,48.50106430053711,67742300,0.0
2021-07-26,48.32719556767113,49.910343154028155,48.28143705226798,49.699867248535156,32881200,0.0
2021-07-27,48.61087099864455,48.684081818811194,47.86963064431947,48.66577911376953,39878000,0.0
2021-07-28,48.528522907027835,49.3429742885477,48.4461624588469,48.565128326416016,28478800,0.0
2021-07-29,48.94032104001591,49.507691029369475,48.79390286563807,49.14164733886719,16886600,0.0
2021-07-30,49.09588490351181,49.32466348462625,48.72983777737507,49.159942626953125,16465700,0.0
2021-08-02,49.40702348684279,49.846277939883535,48.99522134621581,49.12333679199219,18098100,0.0
2021-08-03,49.315517137708795,49.56259845804355,48.738994056927694,49.47108840942383,16375900,0.0
2021-08-04,49.644953697078506,49.818824167594194,49.14164150063059,49.32466506958008,17612700,0.0
2021-08-05,49.72809455408135,49.75572526508348,49.350459611584206,49.635986328125,15310000,0.348
2021-08-06,49.60835475937116,49.85704169479906,49.48861582448303,49.66361618041992,19256000,0.0
2021-08-09,49.81098993731621,50.114938297441356,49.58072464399704,49.783355712890625,14670100,0.0
2021-08-10,49.958362346327284,50.09651942181475,49.2859845607233,49.68204116821289,16215700,0.0
2021-08-11,49.97677543642494,50.06888365769298,49.589931447807274,49.866249084472656,18590800,0.0
2021-08-12,49.893879875474816,49.90309245440134,49.05571438519962,49.31361389160156,15070100,0.0
2021-08-13,49.276764300995794,49.33202922677892,48.87149871929298,49.267555236816406,15281100,0.0
2021-08-16,49.02808166962764,49.26755952194794,48.81623803938691,49.24913787841797,17690300,0.0
2021-08-17,48.97282107080258,48.982033650167054,48.09781576393299,48.53071212768555,22014900,0.0
2021-08-18,48.447813907377075,48.843870473339166,47.996495922442186,48.0701789855957,15061700,0.0
2021-08-19,47.94123226945256,48.51228920001898,47.508335917144386,48.300445556640625,22999400,0.0
2021-08-20,48.042552830098714,48.24518742172516,47.36096598508137,47.90439224243164,25728300,0.0
2021-08-23,48.43860900579038,49.313617854957734,48.337291710871995,49.0280876159668,23976300,0.0
2021-08-24,49.33203634875623,49.70967127887042,49.10177106177027,49.56230163574219,20348800,0.0
2021-08-25,49.81098856731535,49.94914563136526,49.488615057393346,49.56230163574219,15048400,0.0
2021-08-26,49.50703870147794,49.50703870147794,48.788612101408056,48.93598175048828,19570000,0.0
2021-08-27,49.147825028049795,49.68203868431839,48.74255586098097,49.635986328125,16525000,0.0
2021-08-30,49.97678047886983,50.53862838780016,49.51624986677214,49.68204116821289,14581300,0.0
2021-08-31,50.14256892226164,50.19783385744845,49.42414233268077,49.79256820678711,22350100,0.0
2021-09-01,49.83862260490997,49.88467496266799,49.304405416921966,49.433353424072266,18615000,0.0
2021-09-02,49.55308330575279,49.63597893999001,49.13860513456668,49.488609313964844,15869500,0.0
2021-09-03,49.221506225673615,49.810988308695386,49.110979872293655,49.285980224609375,13456200,0.0
2021-09-07,49.34124186323359,49.6912460580623,49.22150293881892,49.4149284362793,13915000,0.0
2021-09-08,49.48861338203576,49.66361372933573,48.80703012323012,49.341243743896484,18235100,0.0
2021-09-09,49.42414386070306,49.63598751511434,49.129404557733494,49.184669494628906,13495800,0.0
2021-09-10,49.5991405533867,50.63994061635902,49.56230077841897,49.58993148803711,20324700,0.0
2021-09-13,50.29915043897908,51.10968524243778,50.11493750452445,50.64915466308594,22639200,0.0
2021-09-14,50.99915964776935,51.0636336531965,49.985993693711514,50.21625900268555,22072700,0.0
2021-09-15,50.354415937858825,50.79652842178301,50.12415062953446,50.76889419555664,18796200,0.0
2021-09-16,50.52941217209711,50.61230781108854,49.958355277694636,50.50178146362305,19863100,0.0
2021-09-17,50.280727987053304,50.280727987053304,49.43334990759219,49.976776123046875,35359200,0.0
2021-09-20,49.009664695345364,49.27677328162395,48.189920804794156,48.797821044921875,35051900,0.0
2021-09-21,49.00045839424268,49.23072370294347,48.65966672116504,48.69650650024414,17968900,0.0
2021-09-22,49.18466683579979,49.61756318725187,48.81624097021941,49.276771545410156,18594100,0.0
2021-09-23,49.50703853317368,50.013621480566655,49.36887795044397,49.76493453979492,16474300,0.0
2021-09-24,49.53466842944935,50.12414701406935,49.4886160738202,49.939937591552734,12976200,0.0
2021-09-27,49.68203823307401,50.538625402055416,49.57151187649982,50.3452033996582,13899900,0.0
2021-09-28,49.90308832938468,50.280723222060864,49.70045377258362,49.73729705810547,24691300,0.0
2021-09-29,49.737294808481735,49.78334715651654,48.98202505729031,49.267555236816406,20514300,0.0
2021-09-30,49.51624373792375,49.71887830650805,49.05571318282801,49.074134826660156,20534100,0.0
2021-10-01,49.414934468328,49.83862177435245,48.862295643732544,49.60835647583008,19895100,0.0
2021-10-04,49.67282513889943,50.04125098236023,48.88992461350677,49.24913787841797,27353300,0.0
2021-10-05,49.322816408398694,50.05045544993308,49.25834241875073,49.69124221801758,18129400,0.0
2021-10-06,49.25835291106942,49.80177916354736,48.88071795687762,49.7188835144043,20059600,0.0
2021-10-07,50.03204324898936,50.64915606951296,49.84783030941949,49.90309524536133,20704400,0.0
2021-10-08,50.24388491762173,50.271519141287264,49.460984347297256,49.56230163574219,16068000,0.0
2021-10-11,49.56230319132862,50.11493849201241,49.20308638095764,49.22150802612305,14398800,0.0
2021-10-12,49.341244809237295,49.47940538516251,47.90438817117882,48.0517578125,32784300,0.0
2021-10-13,48.245184868491364,48.42939780444197,47.77544170613886,48.1346549987793,18534000,0.0
2021-10-14,48.72413390153764,49.73729971247516,48.56755168649789,49.64519500732422,26586700,0.0
2021-10-15,49.92151350828717,50.188622076887285,49.562300232927385,50.160987854003906,25231100,0.0
2021-10-18,49.91230843516073,50.253103631272005,49.47941203200918,50.17020797729492,22407600,0.0
2021-10-19,50.31757012821138,50.860996331269305,50.07809226865671,50.851783752441406,18392900,0.0
2021-10-20,50.88862678680885,51.10968300117454,50.732048083208866,50.99915313720703,16850300,0.0
2021-10-21,50.593890635378294,51.64389981294672,50.5017859232851,51.57942581176758,38390900,0.0
2021-10-22,46.412278050025556,46.559647716546685,45.260951432338594,45.55569076538086,109971900,0.0
2021-10-25,45.89647962770403,46.11753234013492,45.41752739934442,45.5096321105957,43178800,0.0
2021-10-26,45.500421101149534,45.53726087593457,44.14646011946501,44.46883010864258,68405400,0.0
2021-10-27,44.68988866509604,44.966206315082886,44.09119749548327,44.109619140625,41081500,0.0
2021-10-28,44.33988743267233,44.54252202936335,44.10041305677641,44.28462600708008,31317200,0.0
2021-10-29,44.30303597331168,45.38988831483198,44.13724469995644,45.13199234008789,42301000,0.0
2021-11-01,45.5004232547515,45.68463267810367,45.13199738090812,45.638580322265625,28013700,0.0
2021-11-02,45.69384891609795,45.96095752034319,45.34384465927901,45.92411422729492,27193300,0.0
2021-11-03,45.988586097315725,46.46753834398794,45.78595150853181,46.41227340698242,23962100,0.0
2021-11-04,46.59591671136627,46.69793505049029,46.12290683341081,46.66083908081055,24806000,0.348
2021-11-05,46.88342003838998,47.838712718581654,46.87414693225358,47.22658157348633,36816200,0.0
2021-11-08,47.72742189178836,48.218981508137695,47.35643744062313,47.81089401245117,31647800,0.0
2021-11-09,47.80161723914619,48.01493407825877,47.087467714463166,47.48627853393555,22508400,0.0
2021-11-10,47.282229745532604,47.662490772504796,47.03181342952609,47.07818603515625,25040700,0.0
2021-11-11,47.31005538743195,47.36570464026718,46.753577011092524,46.864871978759766,25420000,0.0
2021-11-12,46.929801666506634,47.20804443612927,46.54026744984099,46.66083908081055,23884800,0.0
2021-11-15,46.75357709086241,46.95762081360317,46.48461100870471,46.67010498046875,24695800,0.0
2021-11-16,46.71648197535279,47.43990817935832,46.68865911527689,46.9390754699707,30927800,0.0
2021-11-17,46.92979715769325,47.24513586669924,46.35476899586001,46.58663558959961,23546900,0.0
2021-11-18,46.59591290770332,46.59591290770332,45.418030169931384,46.07653045654297,30658200,0.0
2021-11-19,46.002330387810815,46.122902006161276,45.668445467615044,45.92813491821289,27607600,0.0
2021-11-22,45.95596326092748,47.161668974297186,45.82611852013436,46.21565628051758,33389600,0.0
2021-11-23,46.52171272752853,46.7906788225031,45.111963428148464,45.538597106933594,44713300,0.0
2021-11-24,45.31600493887673,46.16927225461333,45.10268810994258,46.15072250366211,26035800,0.0
2021-11-26,45.35310071213322,45.61279012809377,44.6296746365242,45.24180221557617,25269000,0.0
2021-11-29,45.72408304026322,46.4938816859838,45.18615448299097,46.37331008911133,31478900,0.0
2021-11-30,45.90958303111033,46.744304137786365,45.149060928584724,45.631343841552734,49460800,0.0
2021-12-01,46.22492718268544,46.660837538549416,45.00067177362425,45.074867248535156,35093500,0.0
2021-12-02,45.08413956501766,46.17855013439296,44.82445012076024,45.909584045410156,37240800,0.0
2021-12-03,46.07652609378542,46.42896427863087,45.22325525752849,45.67771530151367,32224900,0.0
2021-12-06,45.89103904412608,47.49555556137703,45.612799819620804,47.2915153503418,40336000,0.0
2021-12-07,50.695309369970765,51.01064806315403,48.4230161577387,48.75690460205078,91731500,0.0
2021-12-08,48.75690579181537,49.044421634323,47.653222107743524,47.99638366699219,37143400,0.0
2021-12-09,47.579022636185556,47.84798872448175,46.77212790930029,46.81850051879883,31694200,0.0
2021-12-10,47.1523835265116,47.36570033599035,46.41968435177832,46.92051696777344,23783600,0.0
2021-12-13,47.16165494542511,47.31932603948954,46.326937486622775,46.37331008911133,35726900,0.0
2021-12-14,46.206376308012736,46.62373690051859,45.74264310256259,46.0950813293457,34120400,0.0
2021-12-15,46.25274805180748,47.096742328346856,45.75191888821527,46.994720458984375,32590300,0.0
2021-12-16,47.059651500660756,47.671779245679815,46.911257003019884,47.143123626708984,33132300,0.0
2021-12-17,46.92052232626106,47.319333135876505,46.3825901503134,46.94834518432617,50102300,0.0
2021-12-20,46.28984279139149,46.49388650911132,45.40874910069598,46.00232696533203,30140300,0.0
2021-12-21,46.317672174260245,47.15239337526762,46.317672174260245,47.08747100830078,31956300,0.0
2021-12-22,46.96690265122764,47.31934090929719,46.56809177609723,47.27296829223633,23307900,0.0
2021-12-23,47.3749857632755,47.97783680496576,47.34715936522573,47.58830261230469,25198200,0.0
2021-12-27,47.62539828892084,48.28390212269013,47.57902567645911,48.172603607177734,20985400,0.0
2021-12-28,48.16333214409893,48.33954949267067,47.88509292182642,48.00566101074219,19290400,0.0
2021-12-29,48.05203359166578,48.35809565201856,47.9129122218669,48.07058334350586,14174800,0.0
2021-12-30,48.15405082469691,48.35809455229415,47.90363802555906,47.98711013793945,18359400,0.0
2021-12-31,48.12623006118308,48.376646409223184,47.72741923334181,47.76451873779297,16319000,0.0
2022-01-03,47.90364142219277,49.36903650810461,47.8572652713572,49.350486755371094,33857600,0.0
2022-01-04,49.684371416069276,50.02753297029807,48.83110408382401,49.285560607910156,45681400,0.0
2022-01-05,50.25940110621688,52.095784086568784,49.925516186337504,49.96261215209961,59109300,0.0
2022-01-06,50.64893875943675,50.70458447701535,49.54525152074919,50.09245681762695,35757900,0.0
2022-01-07,50.25940057905962,50.44489455793817,49.29483825729722,49.56380081176758,30717200,0.0
2022-01-10,50.05536504019112,51.29817021481781,49.443237329584164,51.205421447753906,49260800,0.0
2022-01-11,51.47438370396257,52.01231589856995,50.76023417215799,51.854644775390625,39795200,0.0
2022-01-12,52.067956281714935,52.19780099455663,50.8344279717158,51.69697189331055,29136800,0.0
2022-01-13,51.93811358285694,52.13288065967188,50.797330441222435,50.95499801635742,29605400,0.0
2022-01-14,50.87152547933865,51.72479632079541,50.574736544398,51.659873962402344,30151500,0.0
2022-01-18,51.29816473931565,51.613503437666665,50.713859952193985,50.788055419921875,35313800,0.0
2022-01-19,50.66748249216889,50.87152266239012,49.67509388253779,49.73073959350586,30595100,0.0
2022-01-20,49.95333488998406,50.1666517118867,48.17259777540078,48.26534652709961,28582600,0.0
2022-01-21,48.30244602777915,49.27628492359662,48.181874419572225,48.26534652709961,46372400,0.0
2022-01-24,47.74596991172417,48.34882448773726,46.26202508492762,48.172603607177734,64198400,0.0
2022-01-25,47.31005435626881,47.87580936475128,46.6051815257353,47.30078125,44095400,0.0
2022-01-26,47.42135596612733,48.896027619695644,47.06891775877047,47.94073486328125,54895400,0.0
2022-01-27,46.35476867510513,46.42896768283003,44.31434195671484,44.56475830078125,89642800,0.0
2022-01-28,44.24942128617774,44.70388138086401,42.94169379804433,44.26797103881836,61945400,0.0
2022-01-31,44.221589231826236,45.325272749442526,43.87842772433257,45.278900146484375,51828400,0.0
2022-02-01,45.24181159324788,45.47367820213169,44.85227738856484,45.39948272705078,35386100,0.0
2022-02-02,44.750258961784375,45.98379111430965,44.601864462187734,45.91886520385742,37962700,0.0
2022-02-03,45.67771581089341,46.08579971399993,44.75024950001232,44.778072357177734,42145800,0.0
2022-02-04,44.72668183848054,45.081804835871324,44.044474215173935,44.866859436035156,32431500,0.365
2022-02-07,44.97900045804897,45.474300994257604,44.82012825504803,45.025726318359375,27558500,0.0
2022-02-08,44.838820039083416,45.73596940542432,44.76405937436569,45.61448287963867,28051200,0.0
2022-02-09,46.10044484738698,46.69854449201897,45.63317905439885,46.64247131347656,35217300,0.0
2022-02-10,45.96025889762095,46.66115751411787,45.56775381860623,45.66120910644531,32762700,0.0
2022-02-11,45.74531523889806,45.8948401284581,44.39024392197322,44.51173400878906,37208200,0.0
2022-02-14,44.78275657620677,45.025736810368144,44.02578819390552,44.46501922607422,28456900,0.0
2022-02-15,44.57715592053723,45.287398334299496,44.10054283074843,45.268707275390625,35837900,0.0
2022-02-16,44.91358770707936,45.31543655994511,44.483700483462655,45.07245635986328,26022900,0.0
2022-02-17,44.726676755759605,45.1004872050473,44.278102077641584,44.45566177368164,32030600,0.0
2022-02-18,43.16600617272321,43.18469722942275,41.595993059506505,42.0912971496582,76520100,0.0
2022-02-22,41.76421356201172,42.43707741679785,40.979206919746204,41.76421356201172,57093300,0.0
2022-02-23,42.2127904506228,42.71743836769913,41.633381859695405,41.726837158203125,38176700,0.0
2022-02-24,41.025940770664185,43.72673666282557,40.77361679792503,43.661319732666016,72740100,0.0
2022-02-25,43.857564810829864,44.6612624937742,43.222083087802005,44.58649826049805,39266300,0.0
2022-02-28,43.92297950403978,44.68929503146708,43.782798356236505,44.577152252197266,41946100,0.0
2022-03-01,44.427628377856074,44.764060288341724,43.19404708271185,43.754764556884766,53853000,0.0
2022-03-02,44.40893896854757,45.78270146570743,44.371556851560456,45.670555114746094,46936500,0.0
2022-03-03,45.02572422527481,45.371499853443495,44.50238534524438,44.792091369628906,36389900,0.0
2022-03-04,44.26875134979189,45.10983103444328,44.26875134979189,44.92292404174805,38310700,0.0
2022-03-07,44.86685760428659,45.3621617439656,44.48369981601881,44.55846405029297,43813700,0.0
2022-03-08,44.56780705096684,45.53037694387971,43.8201825455162,44.3902473449707,44813900,0.0
2022-03-09,45.24066739977495,45.287393259333484,43.82017916647726,44.51173400878906,36076500,0.0
2022-03-10,44.19399571433212,44.21268677222132,43.137974115798414,43.60523986816406,36456000,0.0
2022-03-11,44.06316356267847,44.184650096181784,42.773509038539,42.82958221435547,27082100,0.0
2022-03-14,42.894999533239236,42.96976020339688,41.399746915581915,41.493202209472656,35993900,0.0
2022-03-15,41.58665198222509,41.960466010294425,41.18480314978474,41.87635803222656,34448900,0.0
2022-03-16,42.334277028541415,43.577205657958984,42.30624222380277,43.577205657958984,38885500,0.0
2022-03-17,43.28749839657241,44.193995084018454,42.736124674046685,44.05381393432617,28555000,0.0
2022-03-18,43.75476526528211,44.48369870649941,43.315534312264084,44.34352111816406,46237100,0.0
2022-03-21,44.352865805324726,44.754714650660034,43.988399076986866,44.28744888305664,32910900,0.0
2022-03-22,44.390248541049736,45.296745283620965,44.296796812208456,45.221981048583984,27923300,0.0
2022-03-23,45.287396282526515,46.334074144273124,44.913585816149705,45.10983657836914,37126400,0.0
2022-03-24,45.47430058871964,48.26855121580029,45.40888367187754,48.24051284790039,51677900,0.0
2022-03-25,47.37140244346419,48.576948984743524,47.14711687040822,48.436771392822266,33239800,0.0
2022-03-28,47.99753680464878,48.19378755749413,47.2499123426513,48.13771438598633,22932400,0.0
2022-03-29,48.59563654119318,48.866651523646645,47.922772740606554,48.82926940917969,27303700,0.0
2022-03-30,48.829269471756035,49.07224608619334,47.866703195203556,48.06295394897461,24623300,0.0
2022-03-31,47.8480111090413,47.90408071465325,46.26865067181949,46.31538009643555,43698300,0.0
2022-04-01,46.56771119205296,46.63312811864987,44.231382199434336,44.9603157043457,46598600,0.0
2022-04-04,45.01638436641732,46.00698912171834,44.782751472097225,45.97895431518555,23784900,0.0
2022-04-05,45.63317282543199,45.773350405221024,44.87620106073469,44.979000091552734,25779200,0.0
2022-04-06,44.334176082863884,45.016383696328994,44.147272622153984,44.42763137817383,31518700,0.0
2022-04-07,44.324829486462484,44.77340418024935,43.70803883688619,44.446319580078125,24117000,0.0
2022-04-08,44.18464607395416,44.46500836255958,43.78279726290462,43.94166946411133,22167300,0.0
2022-04-11,43.82953438318096,44.20334489203043,43.48375511717732,43.52113723754883,30352500,0.0
2022-04-12,44.22203461378712,44.77340839523572,43.37161100832795,43.455718994140625,29861400,0.0
2022-04-13,43.689346838763264,44.17530363781252,43.5024398291359,43.93232345581055,22171300,0.0
2022-04-14,43.68934558017981,43.68934558017981,42.633324036418124,42.680049896240234,36181800,0.0
2022-04-18,42.54921733373471,43.82018072260643,42.53987358747302,43.5865478515625,25593100,0.0
2022-04-19,43.54916286641456,44.857508284013406,43.30618626512278,44.792091369628906,31483100,0.0
2022-04-20,45.193948603607566,45.55841535606326,44.8388255985421,44.9603157043457,22787100,0.0
2022-04-21,45.436921652601605,45.69859290322546,44.296795618647444,44.3902473449707,27316900,0.0
2022-04-22,44.34352278094047,44.53042980401766,43.45571709504006,43.493099212646484,28219900,0.0
2022-04-25,43.18470333231761,44.053817984420604,43.156668525783665,43.97905731201172,35999300,0.0
2022-04-26,43.63327128016918,43.77345242096214,42.53052390512505,42.53987121582031,35356600,0.0
2022-04-27,42.50249046653513,43.04452042570612,42.0632595385831,42.25951385498047,28320900,0.0
2022-04-28,42.79219918971315,44.17530541259565,42.55856630953121,43.77345657348633,41097000,0.0
2022-04-29,42.04457055460999,42.39034618511425,40.65211715697501,40.73622512817383,70765900,0.0
2022-05-02,40.8577233218762,42.04457889994495,40.661468973488546,42.01654052734375,45446500,0.0
2022-05-03,41.85766903433543,42.51184183317421,41.33433008227342,42.10999298095703,40158400,0.0
2022-05-04,42.10999294580325,43.58655094170761,41.50254601204114,43.493099212646484,44625600,0.0
2022-05-05,42.951493641871934,43.243489748438414,41.56687552015289,42.00957489013672,52996700,0.365
2022-05-06,41.90596039568117,42.527626532416654,41.29371186403417,41.726993560791016,40916600,0.0
2022-05-09,41.265457045785475,41.63280474167557,40.38005122170734,40.56843566894531,44925800,0.0
2022-05-10,41.77409083421778,42.14144212721681,40.97346141621227,41.45383834838867,42770000,0.0
2022-05-11,41.46325858686138,41.71757704852445,40.29527790290518,40.342376708984375,40351700,0.0
2022-05-12,40.248187374811025,40.41773303565469,39.570004731436356,40.35179901123047,42329600,0.0
2022-05-13,40.89810800349117,41.293715723737,40.47424746533912,41.06765365600586,32034100,0.0
2022-05-16,40.89810686913147,41.0770737157857,40.304700694923575,40.577857971191406,25071900,0.0
2022-05-17,41.274879098527315,41.84002890800059,41.114754636659335,41.82119369506836,28596600,0.0
2022-05-18,41.425587402434175,41.425587402434175,39.76781193504717,39.8902587890625,35218400,0.0
2022-05-19,39.86199960376542,40.219929720397545,39.29684981382816,39.570003509521484,29181000,0.0
2022-05-20,39.79606871876917,39.833746332571295,37.968747566986245,39.230918884277344,44802300,0.0
2022-05-23,39.268585147693344,39.7960608573187,38.9294974698638,39.56058120727539,27199500,0.0
2022-05-24,39.278008232674544,39.45697148177608,38.71285488954137,39.24974822998047,29837500,0.0
2022-05-25,39.033113550461565,40.05038757322405,38.98601832936369,39.74897384643555,26283100,0.0
2022-05-26,39.72071309938616,41.143012464740174,39.635943858870014,40.954627990722656,28826700,0.0
2022-05-27,41.058233788157054,41.96247482299805,41.0205561800884,41.96247482299805,30553300,0.0
2022-05-31,41.67990240145594,42.150861750624934,41.11475261970702,41.84002685546875,41111500,0.0
2022-06-01,42.16970086977554,42.32040771890644,41.001720094160056,41.54803466796875,29885500,0.0
2022-06-02,41.623385269464194,42.27331145973486,41.38790559893357,42.235633850097656,28727600,0.0
2022-06-03,41.54803274495878,41.67990078270309,40.82275494423052,40.869850158691406,33174700,0.0
2022-06-06,41.26546067188778,41.482101547651176,40.57786043321227,40.822757720947266,25437100,0.0
2022-06-07,40.55901730316389,41.058233024821796,40.182248415750955,41.00171661376953,25168700,0.0
2022-06-08,39.79606950169394,39.80548710876224,38.64692741006665,38.83531188964844,59649900,0.0
2022-06-09,38.628083537210124,38.94833603256156,37.68616485595703,37.68616485595703,39047200,0.0
2022-06-10,37.5354569427247,37.75210139520741,36.90437316894531,36.90437316894531,43066200,0.0
2022-06-13,36.310966520729075,36.55586740401901,35.48207702773477,35.576271057128906,50335900,0.0
2022-06-14,35.80232993320705,35.98129679444702,35.359630566181806,35.72697830200195,31351700,0.0
2022-06-15,36.3203823644979,36.89494968997079,35.71755144467224,36.405155181884766,37652300,0.0
2022-06-16,35.510333041688625,35.59510586204731,34.78505526598312,35.171241760253906,45576500,0.0
2022-06-17,35.30310791241368,35.90593522811779,34.47421855675341,34.822731018066406,71393200,0.0
2022-06-21,35.19008814510526,35.821172037960224,35.161831729943145,35.538597106933594,34004900,0.0
2022-06-22,35.161828121694676,35.576271071795276,35.05821648588582,35.20892333984375,32571000,0.0
2022-06-23,35.425563263144525,35.43498086926662,34.76621944742186,35.237178802490234,30163000,0.0
2022-06-24,35.651621014427626,36.39573764261425,35.54801297665849,36.36748123168945,38159900,0.0
2022-06-27,36.61238434588004,36.79135122528777,36.23561896533763,36.38632583618164,29585300,0.0
2022-06-28,36.3392235304761,36.75366644624107,35.548011714463314,35.58568572998047,37824200,0.0
2022-06-29,35.3596251581575,35.41613797463434,34.86982705426378,35.1241455078125,25437200,0.0
2022-06-30,35.04879434183594,35.7929109851963,34.59667379214647,35.237178802490234,35141000,0.0
2022-07-01,34.93577112458653,35.0393827754627,33.79605015121936,34.229331970214844,40596300,0.0
2022-07-05,33.843145164958905,34.60610074044648,33.47579738188037,34.55900192260742,33215000,0.0
2022-07-06,34.68144756902255,35.24659737331897,34.342356249190765,34.841575622558594,26258300,0.0
2022-07-07,35.68929452424265,36.10374100024401,35.53858769473331,35.924774169921875,33165400,0.0
2022-07-08,35.47265436430974,35.92477486154193,35.21833591090395,35.78348922729492,22566300,0.0
2022-07-11,35.472657031796935,35.48207463753453,34.87924726255996,35.03937530517578,25904300,0.0
2022-07-12,35.46324031829785,35.510335534439896,34.84157412307266,35.04879379272461,30546300,0.0
2022-07-13,34.54957803397649,35.25601705551123,34.49306161872523,35.04879379272461,27059200,0.0
2022-07-14,34.84157349728046,35.94361662637613,34.18222970373029,35.519752502441406,36690700,0.0
2022-07-15,36.04722960667704,36.42399493629921,35.538592638895636,36.37689971923828,32892300,0.0
2022-07-18,36.82902147201894,37.055083551674116,36.2921280751146,36.461673736572266,30814400,0.0
2022-07-19,37.03624388048239,38.3643491354545,36.96089225111403,37.88397216796875,53095300,0.0
2022-07-20,37.87454993307692,38.30783167121944,37.26230493608459,38.2042236328125,36387900,0.0
2022-07-21,38.157125857148586,38.28899749649604,37.507203232328344,38.251319885253906,29661200,0.0
2022-07-22,38.02525319045422,38.157121220643496,36.67830929386202,36.92321014404297,41350000,0.0
2022-07-25,36.9985654319096,37.121015869138596,36.31096521123621,36.885536193847656,32263400,0.0
2022-07-26,36.82902305376882,37.27172603249225,36.621803364414575,36.6971549987793,35925500,0.0
2022-07-27,36.98914478452229,38.0723490459156,36.951467177221375,37.846290588378906,42571600,0.0
2022-07-28,37.76151742110546,37.789773829753976,36.77250359392916,37.403587341308594,56662300,0.0
2022-07-29,33.53230387845462,34.49306137204714,33.19321616877606,34.20106887817383,125292400,0.0
2022-08-01,33.95617042132969,35.50091660563833,33.95617042132969,34.813316345214844,52513400,0.0
2022-08-02,34.4648059432096,34.53073996584255,33.90907375734986,33.91849136352539,53929400,0.0
2022-08-03,33.99385080480554,34.464810221002274,33.212056449214074,34.39887619018555,59513900,0.0
2022-08-04,34.26090807678385,34.34653671045325,33.64248228197904,33.92790985107422,54046300,0.365
2022-08-05,33.63296634503385,33.95645189476213,33.47122538487396,33.671024322509766,40205100,0.0
2022-08-08,33.64248529199656,34.21334048126174,33.490256999565254,33.66151428222656,41534600,0.0
2022-08-09,33.50929250625867,33.5854048525713,32.729121902154446,32.843292236328125,48202300,0.0
2022-08-10,33.2904642484428,33.680549547310896,32.90989163175758,33.65200424194336,42243300,0.0
2022-08-11,33.90887970650632,34.527309109635745,33.76616774152837,33.86130905151367,35569700,0.0
2022-08-12,34.061112307895904,34.3845978841193,33.93742568567286,34.356056213378906,37675200,0.0
2022-08-15,34.346542053577856,34.660514969011714,33.97548579308986,34.574886322021484,25400600,0.0
2022-08-16,34.40362919525413,34.80323075962041,33.96597327713647,34.43217086791992,25000200,0.0
2022-08-17,34.070629040737956,34.32751496881716,33.55685718457954,34.042083740234375,29176100,0.0
2022-08-18,33.94694186531471,34.565371344649,33.84228423378964,34.44168472290039,24598200,0.0
2022-08-19,34.061112188830435,34.279940132362384,33.48074068974586,33.66151428222656,31425500,0.0
2022-08-22,33.299975774868834,33.35706275421311,32.09166193265162,32.196319580078125,51006100,0.0
2022-08-23,32.32951365519827,32.71959887721433,32.2629140048108,32.30097198486328,30687100,0.0
2022-08-24,32.320004933297,32.33903392565383,31.967974018809528,32.21534729003906,25105700,0.0
2022-08-25,32.22485579212015,33.23337047977773,32.17728513210235,33.1953125,29799100,0.0
2022-08-26,33.25239798748715,33.3285103142413,31.730111528910154,31.739627838134766,44851500,0.0
2022-08-29,31.615947529519733,31.787204835632597,31.216349568195906,31.34003257751465,32976800,0.0
2022-08-30,31.43517608995099,31.463717763181926,30.588405909614842,30.69305992126465,40182500,0.0
2022-08-31,30.81674397852586,30.81674397852586,30.22685979479974,30.36957359313965,44074500,0.0
2022-09-01,30.036572511060186,30.283943933397634,29.61794381058878,30.217344284057617,36440700,0.0
2022-09-02,30.645486466608773,30.807231068816066,29.551344934538257,29.70357322692871,34893300,0.0
2022-09-06,29.865314825394012,29.865314825394012,28.85680197478343,28.885345458984375,46989600,0.0
2022-09-07,28.942434547694234,29.29446364188381,28.59040545350466,29.16126251220703,37329500,0.0
2022-09-08,28.894863110848906,29.351548019736743,28.45720537880301,29.256404876708984,37359500,0.0
2022-09-09,29.675033068244815,29.969975172940625,29.570375431379905,29.931917190551758,34069500,0.0
2022-09-12,30.19831684196443,30.312488971473055,29.589403657130262,30.02705955505371,38305500,0.0
2022-09-13,29.33251887651941,29.427662019055212,27.829263031508173,27.867321014404297,71417900,0.0
2022-09-14,28.114690149644826,28.324005422480926,27.600920092520106,27.762662887573242,40767200,0.0
2022-09-15,27.734118654951818,27.981490088656386,27.315489935243747,27.439176559448242,39919100,0.0
2022-09-16,27.30597786992203,27.895862074220805,27.039577439613396,27.819747924804688,72748000,0.0
2022-09-19,27.61043857825103,28.06712354273935,27.496266429776583,28.010038375854492,33151900,0.0
2022-09-20,27.658006181197088,27.75314932525788,27.315491588460063,27.553348541259766,31129000,0.0
2022-09-21,27.734119857239627,28.15274859509546,27.07763417066869,27.087148666381836,39977300,0.0
2022-09-22,27.020546463793597,27.115689597251134,26.67803372393253,26.706575393676758,36092700,0.0
2022-09-23,26.54483607290654,26.54483607290654,25.869323185203022,26.18329429626465,43491100,0.0
2022-09-26,26.221346133799905,26.354547241886923,25.555347852181903,25.660003662109375,44786400,0.0
2022-09-27,26.06912121539332,26.259407500241064,25.327008696837023,25.583892822265625,44121400,0.0
2022-09-28,25.555352645426254,25.954952415228984,25.307981186528885,25.812236785888672,40433400,0.0
2022-09-29,25.479235883108505,25.479235883108505,24.917893363563564,25.098663330078125,41831300,0.0
2022-09-30,25.022548923283036,25.27943484950694,24.48974989514429,24.518293380737305,43821000,0.0
2022-10-03,25.051090532697653,25.926404063579138,24.80371912019807,25.660003662109375,44096200,0.0
2022-10-04,26.09766347986094,26.449690731221,25.774177899597717,26.354549407958984,42427500,0.0
2022-10-05,26.040578349721315,26.487748739507303,25.58389164995404,26.297462463378906,30120000,0.0
2022-10-06,26.107177489015953,26.411634073076065,25.688548778581108,25.859806060791016,33985100,0.0
2022-10-07,24.89886349077504,25.003521120620693,24.40412064112841,24.470720291137695,57215500,0.0
2022-10-10,24.680035134062692,24.727605793350477,23.871321223240034,23.97597885131836,43409300,0.0
2022-10-11,23.795209869192025,24.242380288916017,23.49075325876679,23.823753356933594,48134900,0.0
2022-10-12,23.83326426643952,24.28043646762643,23.4622080269052,24.09966468811035,39634100,0.0
2022-10-13,23.528807288207744,25.536320375871682,23.395607986934852,25.136720657348633,62447000,0.0
2022-10-14,25.174777613695817,25.33652040519587,24.50877927170488,24.651493072509766,48185400,0.0
2022-10-17,25.03206302651743,25.45069173513786,24.898863725244542,25.136720657348633,39416500,0.0
2022-10-18,25.441178811192287,25.650492271076327,24.299466555409587,24.61343765258789,51126900,0.0
2022-10-19,24.489750148446408,24.974978520320015,24.442179486670426,24.73712158203125,33882300,0.0
2022-10-20,24.879835890300885,25.64097919719597,24.68955142460546,24.813236236572266,33247700,0.0
2022-10-21,24.59440568563886,25.73611780328584,24.53732053343258,25.660003662109375,53058700,0.0
2022-10-24,25.450691845446098,26.145233654671273,25.23186390249094,25.859806060791016,43831600,0.0
2022-10-25,25.859808208305978,26.221349978225323,25.688550911874092,26.078636169433594,32205300,0.0
2022-10-26,25.869322356281373,26.449692079523206,25.679036070648454,25.888349533081055,37111100,0.0
2022-10-27,26.116694124713124,26.249893437480765,24.86080789047216,24.994009017944336,56305100,0.0
2022-10-28,26.811232784015203,27.800716644961188,26.506776211416437,27.658002853393555,91695700,0.0
2022-10-31,27.667519016328484,27.7626621546783,26.68754777632292,27.049091339111328,59507700,0.0
2022-11-01,27.40111745222958,27.44868992677808,26.535318377194773,26.925403594970703,44418700,0.0
2022-11-02,26.8968640073058,27.448692051860544,26.078635528767748,26.088150024414062,51956100,0.0
2022-11-03,26.116691614507065,26.525804009357916,25.850291199872327,26.05960464477539,39678200,0.0
2022-11-04,26.585138541087908,27.231204737967765,26.4308542408671,27.19263458251953,43051900,0.365
2022-11-07,27.346918910656342,27.452988217657715,26.893707168982882,27.395132064819336,34389800,0.0
2022-11-08,27.732629670945908,27.9158429674121,26.932279172758577,27.462631225585938,36258000,0.0
2022-11-09,27.211919645642528,27.289061798318503,26.53692626953125,26.53692626953125,30544800,0.0
2022-11-10,27.84834341538586,28.764408105829368,27.626559951961106,28.696908950805664,62943900,0.0
2022-11-11,27.89655701103716,29.535828165320652,27.838700858094295,29.342973709106445,49826500,0.0
2022-11-14,29.256184181705414,29.88296428922423,29.101899904138126,29.265827178955078,39395300,0.0
2022-11-15,29.98903801322919,30.22046444959404,29.09225942280677,29.61296844482422,40933200,0.0
2022-11-16,29.034403469917226,29.150115769275452,28.388337307656638,28.475122451782227,35582800,0.0
2022-11-17,28.031552482172028,28.880117889265293,27.96405333735606,28.8222599029541,31983300,0.0
2022-11-18,29.179048198983242,29.179048198983242,28.552267959229212,28.802980422973633,27122200,0.0
2022-11-21,28.600477817022007,28.65833396683814,27.87726950707193,27.906198501586914,36086800,0.0
2022-11-22,28.099053475255506,28.793334642947404,28.021911327646837,28.754762649536133,25584100,0.0
2022-11-23,28.667976923046872,29.005474501705663,28.436550484907258,28.61012077331543,23143900,0.0
2022-11-25,28.619766692824296,28.619766692824296,28.291912078857422,28.291912078857422,11314900,0.0
2022-11-28,28.060484617975934,28.147269767948515,27.520489559757404,27.70370101928711,28267900,0.0
2022-11-29,27.81941494314125,28.13762654409084,27.713343796420073,27.86762809753418,24361500,0.0
2022-11-30,27.74227024466325,29.00547353372441,27.21191639898036,28.995830535888672,72072500,0.0
2022-12-01,29.15975801470209,29.3911844466584,28.465478718833158,28.764404296875,38896300,0.0
2022-12-02,28.127982886029038,28.378695329266066,27.684414151313096,28.35940933227539,31546000,0.0
2022-12-05,28.369054463474953,28.687266080887667,27.85798654008494,28.12798500061035,34040400,0.0
2022-12-06,28.147268371480845,28.262980672894155,27.32763190641211,27.578344345092773,27701200,0.0
2022-12-07,27.26977429221749,27.530127876031965,27.14441715999777,27.3179874420166,28239900,0.0
2022-12-08,27.30834477835158,27.57834320248603,27.067275347978825,27.42405891418457,28486100,0.0
2022-12-09,27.37584628944802,27.751915883981724,27.18299183201833,27.231204986572266,25641300,0.0
2022-12-12,27.125131852525012,27.68441286476634,26.864778262105673,27.665128707885742,35117900,0.0
2022-12-13,28.725836821361064,29.015119428460356,27.356562258610747,27.70370101928711,58546800,0.0
2022-12-14,27.491559632759046,28.079769665058897,27.00942074443822,27.250490188598633,37141100,0.0
2022-12-15,26.941923743458737,26.99977989969243,26.15121619781342,26.180143356323242,45682700,0.0
2022-12-16,26.035499002999398,26.17049729817023,25.505146981216424,25.958356857299805,81104200,0.0
2022-12-19,25.939071393459425,26.00657054243023,25.553360657044916,25.8330020904541,37662500,0.0
2022-12-20,25.59193252269879,25.910144108555976,25.476218382744424,25.49550437927246,31863300,0.0
2022-12-21,25.640147940708683,26.006572711054257,25.63050494159248,25.87157440185547,28100900,0.0
2022-12-22,25.50515022826992,25.50515022826992,24.444444210451955,25.042295455932617,47478300,0.0
2022-12-23,24.994079376869443,25.254434811023486,24.762652937359356,25.15800666809082,23600900,0.0
2022-12-27,24.9265796491694,25.16764908129055,24.733723367786958,25.013364791870117,29548100,0.0
2022-12-28,24.91693955319744,25.186938010736196,24.589084940191103,24.627656936645508,26176900,0.0
2022-12-29,24.849438887681156,25.350863775815828,24.830152890626614,25.273719787597656,30944800,0.0
2022-12-30,24.974794832133654,25.51478988904513,24.878366683595974,25.485862731933594,31030100,0.0
2023-01-03,26.08371317186176,26.102999168842448,25.428005827443503,25.775144577026367,31308000,0.0
2023-01-04,26.430854345730037,26.922636244340204,26.18978489577685,26.69120979309082,37665200,0.0
2023-01-05,26.45978436310016,26.78763897482769,26.40192636864423,26.575496673583984,33552600,0.0
2023-01-06,26.93227950754635,27.800129168058195,26.401925608912368,27.70370101928711,31788600,0.0
2023-01-09,27.80977151713731,28.80297829961147,27.80977151713731,28.262981414794922,37493200,0.0
2023-01-10,28.195485587914547,28.455841062442474,27.886916954050694,28.388341903686523,23008100,0.0
2023-01-11,28.619766010523257,28.812620471120535,27.96405679822175,28.783693313598633,30375400,0.0
2023-01-12,28.90904794592512,29.294758697326316,28.41726604818337,29.207975387573242,28963900,0.0
2023-01-13,28.89940461379544,29.09226090687782,28.745120315015104,29.034404754638672,31361900,0.0
2023-01-17,29.101904575659702,29.179046726826428,28.465481368730735,28.54262351989746,34759100,0.0
2023-01-18,28.73547856461602,28.754764562604766,27.607273431270517,27.78084373474121,44199600,0.0
2023-01-19,27.58798699952837,27.732628294098987,27.231203422987925,27.404773712158203,36886600,0.0
2023-01-20,27.404773681659314,28.185838142842474,27.240846390871358,28.17619514465332,35158500,0.0
2023-01-23,28.282266667526926,29.4008287235835,28.13762537116362,29.188688278198242,38795800,0.0
2023-01-24,28.87047465494698,29.1115440782934,28.667975382944846,28.85118865966797,24855100,0.0
2023-01-25,28.465481138851015,28.822262895410606,28.127983540516905,28.63905143737793,28268000,0.0
2023-01-26,28.98618865064606,29.03440364167541,28.282266334542182,29.015117645263672,56088100,0.0
2023-01-27,26.102999338615348,27.231204420328744,25.82335973743222,27.154062271118164,148548200,0.0
2023-01-30,26.729779500775336,27.49155983268477,26.681566347278196,26.95156478881836,55145800,0.0
2023-01-31,26.787637297221977,27.279419184014884,26.546567853061564,27.250490188598633,52621600,0.0
2023-02-01,26.893707084648902,28.378695770150827,26.691209630742602,28.03155517578125,63330600,0.0
2023-02-02,28.2051258177228,29.217616778058037,27.771200069456867,29.111547470092773,62230700,0.0
2023-02-03,28.56191075220231,30.056540685374546,28.475125598486343,29.23690414428711,57603100,0.0
2023-02-06,28.84160815142617,28.939211261132034,27.924143760414697,28.002225875854492,48726400,0.365
2023-02-07,27.963185138968626,28.56832295693167,27.748459777304095,28.353595733642578,50780800,0.0
2023-02-08,28.255995442166576,28.421920183249103,27.533733490425252,27.56301498413086,36479100,0.0
2023-02-09,27.99246768618719,28.129110934064443,26.909076616232884,27.06524085998535,43906400,0.0
2023-02-10,26.967637348743658,27.319007822872113,26.68459035918154,27.133562088012695,31232500,0.0
2023-02-13,27.20188630644277,27.865583419799805,27.055480697189722,27.865583419799805,32347500,0.0
2023-02-14,27.699657103494793,28.031506572145943,27.31900700894623,27.95342445373535,27928900,0.0
2023-02-15,27.68013685643991,28.187669674876624,27.484930637454998,28.158390045166016,23359400,0.0
2023-02-16,27.816782868384426,28.13887185871126,27.45565188571511,27.523975372314453,28972500,0.0
2023-02-17,27.32876831565852,27.397089938587733,26.72363048383983,26.948118209838867,32086200,0.0
2023-02-21,26.460104035351655,26.616268274114095,25.415754990518632,25.435274124145508,63668400,0.0
2023-02-22,25.28886953467257,26.255136427710145,24.693492230847845,24.859416961669922,89195300,0.0
2023-02-23,25.161987971011783,25.45479545717064,24.713014382393666,24.996063232421875,56473200,0.0
2023-02-24,24.615408925736485,24.742293522864312,24.32260146742129,24.53732681274414,44089900,0.0
2023-02-27,24.93749894033127,24.966780432064013,24.283560517962677,24.303081512451172,37657000,0.0
2023-02-28,24.34212362595629,24.517808854002507,24.13715690602753,24.33236312866211,50255300,0.0
2023-03-01,24.42996702389222,25.298630833078455,24.371404038247963,24.722774505615234,47823400,0.0
2023-03-02,24.605649728499785,25.669519737725928,24.5178089756653,25.571918487548828,48309300,0.0
2023-03-03,25.571919803997503,25.845206297161468,25.38647406819009,25.76712417602539,36744900,0.0
2023-03-06,25.8354456196771,25.903769104117636,25.30839177107945,25.366952896118164,37879800,0.0
2023-03-07,25.220548166860084,25.366951904546383,24.888698701904726,24.917980194091797,43164600,0.0
2023-03-08,24.947259508513874,25.386472577631434,24.839897761770864,25.35719108581543,36071900,0.0
2023-03-09,25.35719211065509,26.33321953780848,25.347431612988608,25.80616569519043,54886100,0.0
2023-03-10,25.913526404132295,26.860274161836333,25.689040551704853,26.56746482849121,65187000,0.0
2023-03-13,26.09897309226763,26.655308426042993,25.97209034627264,26.303939819335938,50977000,0.0
2023-03-14,26.694349744796313,27.42637029431564,26.5967466325355,27.33852767944336,47689800,0.0
2023-03-15,27.065240108074672,27.816781673769935,26.99691848603412,27.728939056396484,49322800,0.0
2023-03-16,27.70941861346735,29.544351255599253,27.70941861346735,29.45650863647461,75779500,0.0
2023-03-17,29.202740580670582,30.25685012340821,28.73424786425932,29.09537696838379,80628500,0.0
2023-03-20,29.085615413340413,29.183218524450513,27.94366329508857,28.46095848083496,38780100,0.0
2023-03-21,28.30479619784849,28.470720939680174,27.30924774685839,27.777740478515625,55650800,0.0
2023-03-22,27.797260296726222,28.421919107429034,27.426370698617145,27.455650329589844,37415500,0.0
2023-03-23,27.699654767475117,28.460956753993234,27.54349054382387,28.334074020385742,43785500,0.0
2023-03-24,28.343835708876163,29.095375368689577,28.23647210249233,28.656164169311523,55912100,0.0
2023-03-27,28.665925923718298,29.01729452630721,28.382877080518664,28.480480194091797,34758200,0.0
2023-03-28,28.38287811648555,28.62688497851229,27.943665020187566,28.587844848632812,37407900,0.0
2023-03-29,29.056339012180583,31.125516261865172,29.046578513822435,30.764387130737305,85556200,0.0
2023-03-30,31.086472417512596,31.798973819568147,31.04743042874265,31.32071876525879,70077600,0.0
2023-03-31,31.037671302059724,32.11130370114696,30.96934968031998,31.88681411743164,59765000,0.0
2023-04-03,32.15034023567914,32.755479885973635,31.759931521528337,32.101539611816406,57038300,0.0
2023-04-04,32.062500248058726,33.02876906193482,32.052741611786914,32.3065071105957,55714100,0.0
2023-04-05,32.01370065253086,32.199148256918505,31.564728904564877,32.04298400878906,39615700,0.0
2023-04-06,31.818491804169874,32.208904254125564,31.6818485636601,32.023460388183594,28551900,0.0
2023-04-10,31.81849010294123,31.974654329924114,31.428081397108453,31.74040985107422,30534400,0.0
2023-04-11,31.877053695966687,32.31626675629937,31.545204241854094,31.57448387145996,27059100,0.0
2023-04-12,31.98441808119869,32.101540325723725,31.19383455334442,31.252397537231445,37070800,0.0
2023-04-13,31.057194238752892,31.65257159963099,30.891269492030702,31.359764099121094,29722300,0.0
2023-04-14,31.23287668611058,31.467124899485984,30.930308714468747,31.125513076782227,24623600,0.0
2023-04-17,31.18407821695117,31.85753582668746,31.008392975585302,31.369522094726562,29601100,0.0
2023-04-18,31.652570501382968,31.68185013344323,31.018153031207433,31.066953659057617,26041400,0.0
2023-04-19,30.354454833564454,30.764386447377372,30.334933837281774,30.403255462646484,25746600,0.0
2023-04-20,30.022603718379475,30.500856931673162,29.973801230314056,30.120206832885742,30255100,0.0
2023-04-21,30.100687008481,30.100687008481,29.505309662296582,29.573631286621094,28655800,0.0
2023-04-24,29.407704912487166,29.64195312806772,28.900172076394732,28.948972702026367,38732500,0.0
2023-04-25,28.734248368404405,28.861131116549412,28.177913025202002,28.187671661376953,38289900,0.0
2023-04-26,28.5000013355668,29.095376794335365,28.148630869547965,28.353595733642578,41218800,0.0
2023-04-27,28.06078923095398,29.23202291741756,27.826542865986188,29.144180297851562,60186200,0.0
2023-04-28,31.213357863026513,31.789214215921206,30.071405655275562,30.315412521362305,80252400,0.0
2023-05-01,30.36421486941095,30.491097620067237,29.554112152260263,29.573631286621094,36918500,0.0
2023-05-02,29.573632650006484,29.846921021528146,29.0368182670306,29.056339263916016,33463400,0.0
2023-05-03,29.90548074347161,30.3642148405713,29.524830630239645,29.915241241455078,45554500,0.0
2023-05-04,29.831938610021997,31.086368450197742,29.77313580932783,30.615957260131836,46104000,0.125
2023-05-05,30.753161482191516,30.78256288390154,30.11614606579161,30.370952606201172,35024600,0.0
2023-05-08,30.08674451993011,30.223947313565983,29.78293566366801,30.155345916748047,30882800,0.0
2023-05-09,29.773137219066594,29.96914282549875,29.31252647397343,29.49873161315918,30706500,0.0
2023-05-10,29.68493770812026,29.792739112805663,28.900917126396287,29.371328353881836,40526500,0.0
2023-05-11,29.008720353927533,29.08712222504971,28.244300708550234,28.28350257873535,47144400,0.0
2023-05-12,28.45010405781083,28.51870545480219,28.146295200780703,28.371702194213867,24153800,0.0
2023-05-15,28.32270186303517,29.234124760049205,28.303100928438564,29.204723358154297,28717500,0.0
2023-05-16,29.028319875818404,29.30272547676297,28.626508202974787,28.636308670043945,22812000,0.0
2023-05-17,28.930316010753835,28.96951600834132,28.107095499689855,28.29330062866211,41667300,0.0
2023-05-18,28.420705130330777,29.165523833918176,28.293302791870843,29.087121963500977,36529200,0.0
2023-05-19,29.008718684013914,29.63593361688515,28.910715883440798,29.33212661743164,40683000,0.0
2023-05-22,29.25372581681525,29.841740772433006,29.224324414797557,29.67513656616211,28693400,0.0
2023-05-23,29.44972911136836,29.59673424999005,28.900916033390814,28.920516967773438,29400900,0.0
2023-05-24,28.724512816606875,28.900917496484908,28.244301115410053,28.420705795288086,28045800,0.0
2023-05-25,27.724887829401666,27.724887829401666,26.323452807345937,26.852664947509766,78009400,0.0
2023-05-26,26.891868351758603,28.508908135227102,26.558659927377448,28.420705795288086,71910600,0.0
2023-05-30,29.106720307092072,29.439928694012156,28.42070260008063,29.390926361083984,54874800,0.0
2023-05-31,29.10672380571776,31.644987009812084,29.07732240242681,30.811965942382812,136243800,0.0
2023-06-01,31.16477023413201,31.301974899480218,30.400352519575563,30.508153915405273,52667400,0.0
2023-06-02,30.772761200805327,30.958966332449027,30.214147675122152,30.684558868408203,36521000,0.0
2023-06-05,30.684561064934964,30.772763403645975,29.234125513850884,29.263526916503906,48244100,0.0
2023-06-06,29.175323279090467,30.82176436940935,29.106721878535176,30.341550827026367,42295300,0.0
2023-06-07,30.41015482791563,30.74336324083592,30.312152023660012,30.655160903930664,39098000,0.0
2023-06-08,30.802163081396642,31.213773349248747,30.439553279307525,31.184371948242188,35199000,0.0
2023-06-09,31.292175114093027,31.35097604666667,30.067144781529084,30.713960647583008,40218000,0.0
2023-06-12,30.772764025508007,32.63480990512271,30.73356402375987,32.40940475463867,59881600,0.0
2023-06-13,33.09542124932797,33.27182592341884,32.4094034876964,33.23262405395508,51990000,0.0
2023-06-14,33.193422109911886,34.88886370620157,33.12482070775246,34.869266510009766,74404300,0.0
2023-06-15,34.575259049742996,35.692486248650205,34.516459979377146,35.10447311401367,67676300,0.0
2023-06-16,35.633687423986125,36.064896809793105,34.88886679391473,35.64348602294922,110240300,0.0
2023-06-20,36.03549334456329,36.36870175041591,34.02644431155308,34.30084991455078,65970200,0.0
2023-06-21,34.222447505414806,34.349851713963076,32.17420026284826,32.242801666259766,70973500,0.0
2023-06-22,32.03699391346735,32.57601028427737,31.488182682818767,32.05659484863281,45740300,0.0
2023-06-23,31.56658116059826,32.781812912699415,31.390176491123963,32.34080123901367,46327100,0.0
2023-06-26,32.52700228840156,33.311024649713566,32.43879995967875,32.674007415771484,38952400,0.0
2023-06-27,32.556408366607485,33.546231262367364,32.35060042282913,33.418827056884766,33038900,0.0
2023-06-28,32.93862356856893,33.13462921344417,32.3702075722804,32.89942169189453,33906900,0.0
2023-06-29,32.67400853399177,32.67400853399177,31.840989419708507,32.25259780883789,38313000,0.0
2023-06-30,32.69361080430017,32.88961640935033,32.49760519925002,32.772010803222656,33811300,0.0
2023-07-03,32.8700176594415,33.21302468720255,32.47800642328926,32.94841766357422,15753000,0.0
2023-07-05,32.64461049777656,32.66421143222731,31.850789475753086,31.86058807373047,37664700,0.0
2023-07-06,31.262775625678355,31.399980302407595,30.753162527536734,31.331377029418945,41693600,0.0
2023-07-07,31.360776995734906,31.762586801452922,31.18437232605422,31.213773727416992,28356300,0.0
2023-07-10,31.23337653692382,32.1742008752923,31.135373729078424,32.08599853515625,36305700,0.0
2023-07-11,32.16440014333354,32.69361421055753,31.850792637977776,32.63481140136719,28148800,0.0
2023-07-12,33.017019605675934,33.39923224945889,32.39960694567266,33.30122756958008,37762200,0.0
2023-07-13,33.46782974323811,33.61483113812526,32.948414346848494,33.19342041015625,32745800,0.0
2023-07-14,33.105220867382876,33.19342320714573,32.340803081768925,32.48780822753906,30438700,0.0
2023-07-17,32.49760136808154,33.90883482877848,32.40939904313201,33.68342971801758,34111200,0.0
2023-07-18,33.59523025960864,34.00684239065943,33.154222335727155,33.81083679199219,29662200,0.0
2023-07-19,33.712837896688654,34.144047248986105,33.644236493788966,33.771636962890625,26486700,0.0
2023-07-20,33.02682092821433,33.5266316955034,32.5662082931762,32.70341110229492,37878000,0.0
2023-07-21,33.05621945219162,33.56583254084737,32.752410570926834,33.34042739868164,79737000,0.0
2023-07-24,33.164017984128066,33.77163192131636,32.88961241349377,32.958213806152344,25225800,0.0
2023-07-25,33.026819580894006,33.654034533276025,32.732813039276934,33.418827056884766,31771100,0.0
2023-07-26,33.04642240194962,33.84023973578182,33.02682146625675,33.67363739013672,32643200,0.0
2023-07-27,34.12444357049192,34.330247762644376,33.42862726074078,33.85983657836914,58890800,0.0
2023-07-28,36.0158917659717,36.251099234687665,34.80066003151501,36.094295501708984,90863000,0.0
2023-07-31,36.13349474303034,36.447102218638456,34.957464840251916,35.05546951293945,55630700,0.0
2023-08-01,35.10447031949267,35.300475928267105,34.57525629735052,35.084869384765625,24702200,0.0
2023-08-02,34.447857871766594,34.47725740635223,33.59523398382054,33.70303726196289,39052000,0.0
2023-08-03,33.605030748039106,34.3302465631894,33.44822702542588,34.17344284057617,24817900,0.0
2023-08-04,33.912804010161636,34.97503982551623,33.912804010161636,34.561946868896484,26674900,0.125
2023-08-07,34.82750622354184,34.965202626684565,34.17836335733644,34.65046691894531,22486900,0.0
2023-08-08,34.09967917404251,34.52260600489445,33.30300601746458,34.44392395019531,34753600,0.0
2023-08-09,34.4242522169312,34.52260572248699,33.66691821792523,33.716094970703125,28720200,0.0
2023-08-10,34.129187595095544,34.512771515517244,33.91280538277738,34.10951614379883,30957300,0.0
2023-08-11,33.893132309769804,34.375073463615266,33.794778809937924,34.31605911254883,28783700,0.0
2023-08-14,34.09967578017183,35.12256865307454,33.90296878702895,35.09306335449219,36896100,0.0
2023-08-15,34.82750763483381,35.04388984965245,34.17836474232362,34.198036193847656,27420300,0.0
2023-08-16,33.952147893919765,34.06033899883146,32.90958349888829,32.978431701660156,35757300,0.0
2023-08-17,33.007942201118006,33.037447503043396,31.817843746867872,32.044063568115234,39906700,0.0
2023-08-18,31.699815310954158,32.368629595522066,31.650638562489394,32.21126174926758,23701100,0.0
2023-08-21,32.06373444849641,32.62435775236178,31.493277293662434,32.594852447509766,43718200,0.0
2023-08-22,32.67353419723266,33.243991281080426,32.289950274103944,32.348960876464844,23425300,0.0
2023-08-23,32.3391283425487,33.58823741993685,32.26044253360494,33.4210319519043,32324300,0.0
2023-08-24,33.165306572463045,33.52921901502571,31.955540545609786,32.05389404296875,37931000,0.0
2023-08-25,31.994883798587985,32.85057509357383,31.81784447906994,32.703041076660156,27324800,0.0
2023-08-28,32.948930596902564,33.22432344305988,32.66370014798469,33.06695556640625,22341800,0.0
2023-08-29,32.93909468243524,33.912807185742764,32.9194232300927,33.74560546875,29943600,0.0
2023-08-30,33.499716745329984,34.089845286735404,33.22432017432113,33.96198272705078,26279200,0.0
2023-08-31,33.75543615810306,34.97503982551623,33.73576470760254,34.561946868896484,48157600,0.0
2023-09-01,35.20125973908189,36.14546695499011,35.14224538110789,36.00777053833008,43808500,0.0
2023-09-05,35.97826606063861,36.79461072896934,35.8602373419831,36.10612487792969,43379400,0.0
2023-09-06,35.95858821268886,36.43069174751434,35.43730417786343,36.37167739868164,39643400,0.0
2023-09-07,36.22414986154304,37.70930877467065,36.145464057219264,37.55194091796875,67659700,0.0
2023-09-08,37.492926211374595,38.19124958635702,37.08967084787984,37.384735107421875,44255200,0.0
2023-09-11,37.61095536569803,38.10273038812013,37.217533846982086,37.955196380615234,36349300,0.0
2023-09-12,38.014211915392515,39.410851221541385,38.014211915392515,38.22075653076172,55326600,0.0
2023-09-13,38.161742772262606,38.50598755520661,37.62079097271727,38.07322311401367,35407800,0.0
2023-09-14,38.17157848394199,38.26009813780729,37.66996586139009,38.033878326416016,30616500,0.0
2023-09-15,37.78799208829982,37.88634934698742,37.001152778527945,37.25687789916992,68881200,0.0
2023-09-18,37.00115032324325,37.758484281127345,36.892959221839014,37.36506652832031,29322200,0.0
2023-09-19,37.41424629005267,37.473256894153685,35.42747465982539,35.742210388183594,53288100,0.0
2023-09-20,35.62418060246607,35.65368590051986,34.06033602254477,34.119346618652344,57660800,0.0
2023-09-21,34.00132365845407,34.67013796763067,33.893132556683504,34.08000946044922,45240600,0.0
2023-09-22,34.237382091189346,34.316064152221024,33.578401539311905,33.61774444580078,29232700,0.0
2023-09-25,33.44070265186533,33.804615130179045,33.21448658415974,33.72593307495117,21729400,0.0
2023-09-26,33.578396636057406,34.20786804017717,33.08662163259565,33.27349853515625,34198300,0.0
2023-09-27,33.36202027735607,34.25705454229174,33.32268112166737,34.040672302246094,44369100,0.0
2023-09-28,34.080011321617654,35.073395238410804,33.8144523532997,34.60129165649414,32265300,0.0
2023-09-29,35.06356340977526,35.319284791074416,34.58162219831852,34.965206146240234,28763700,0.0
2023-10-02,35.024216283042065,35.388128734395956,34.40457872926451,34.87668228149414,26086200,0.0
2023-10-03,34.68980845092264,35.93891738317694,34.68980845092264,35.10289764404297,45292600,0.0
2023-10-04,35.91924574959853,35.91924574959853,34.748822623128994,35.338951110839844,39842200,0.0
2023-10-05,35.37829594163346,35.50615474471777,35.01437972746714,35.29961013793945,25771200,0.0
2023-10-06,35.27994123779504,35.860235950184574,34.601293015622566,35.59467697143555,33262200,0.0
2023-10-09,35.11273733222375,35.57500330172597,34.9160265729728,35.46681594848633,19376100,0.0
2023-10-10,35.5455000088046,36.135632319891045,35.22093042686105,35.83073043823242,24044100,0.0
2023-10-11,36.01759797203227,36.42085329981509,35.78154808608126,36.27332305908203,19262600,0.0
2023-10-12,36.19464299633936,36.6077359901128,35.79138760467375,36.233985900878906,23639200,0.0
2023-10-13,36.13562987431227,36.184806625588166,35.27010479446316,35.3782958984375,28390100,0.0
2023-10-16,35.54549848592473,36.3323377817168,35.4864878837064,35.95859146118164,29555800,0.0
2023-10-17,35.3291157906487,35.75204260985726,34.493099753764234,35.46681594848633,24993600,0.0
2023-10-18,34.935697428830494,35.42747244260579,34.8668492270576,35.0537223815918,22086000,0.0
2023-10-19,35.36846333035431,35.76188490044113,34.93570260481573,35.08323287963867,29201800,0.0
2023-10-20,35.063560630992285,35.68319445840024,34.29638904400115,34.34556579589844,32303300,0.0
2023-10-23,34.03082963896319,34.611124308475915,32.84073499957213,33.29316711425781,53924700,0.0
2023-10-24,33.08662280371101,34.13902104821362,33.08662280371101,34.02099609375,52673900,0.0
2023-10-25,33.61774244801486,33.88330142311442,32.01455474735268,32.28995132446289,44658500,0.0
2023-10-26,32.34895883545136,32.67353213574068,31.62113393798613,31.98504638671875,59142500,0.0
2023-10-27,34.08984298794316,35.781550195415,34.03082863700385,34.95536804199219,84128200,0.0
2023-10-30,34.886519198480364,35.36845659045408,34.34556370471026,35.10289764404297,36656300,0.0
2023-10-31,35.073392146282146,35.968422478248286,35.034049246604525,35.899574279785156,41185200,0.0
2023-11-01,35.899576894944936,36.706087637360646,35.68319468290073,36.67658233642578,41710700,0.0
2023-11-02,36.961812843096055,37.197862755048476,36.302832355675335,37.079837799072266,35440000,0.0
2023-11-03,37.37489973167095,37.689635429255695,37.05032643306735,37.512596130371094,30502700,0.0
2023-11-06,37.51753421530223,37.695155665246695,37.34977895067342,37.44845962524414,23877200,0.125
2023-11-07,37.73462737269627,38.385904758025376,37.47806138691897,38.25762176513672,32052000,0.0
2023-11-08,38.336563335089636,38.37603560514898,37.251102258437705,37.418853759765625,33483400,0.0
2023-11-09,37.54713779018939,38.010927565462474,37.270839420724386,37.30044174194336,48955800,0.0
2023-11-10,37.73462662816008,38.47471472253525,37.73462662816008,38.346431732177734,38862500,0.0
2023-11-13,37.84317119390614,38.060264914615274,37.63594742283806,37.72475814819336,24558300,0.0
2023-11-14,38.28722502524342,38.96810851136614,37.56687303319415,38.889163970947266,45457400,0.0
2023-11-15,39.0667829809207,40.300263115751136,39.05691679612642,40.07330322265625,47392100,0.0
2023-11-16,40.45815070157873,42.82643419957941,40.280529251014535,42.77709197998047,86405700,0.0
2023-11-17,42.34291076201377,43.23101806640625,41.99753779046285,43.23101806640625,49735000,0.0
2023-11-20,43.20140797728784,44.33621123172494,43.20140797728784,44.14872360229492,44564900,0.0
2023-11-21,43.911897974504114,44.06978329979618,42.72775615267211,43.063262939453125,37252100,0.0
2023-11-22,43.44810406483085,44.04017680174799,42.96458194884538,43.09286117553711,31481200,0.0
2023-11-24,43.10272997568714,43.41850058791116,43.0336553895308,43.3790283203125,13037100,0.0
2023-11-27,43.07313047380296,43.96123396715262,43.07313047380296,43.4974479675293,33339900,0.0
2023-11-28,43.11259769740228,43.79348116276332,43.082995377789274,43.64546203613281,24548900,0.0
2023-11-29,44.010570214205295,44.740792118757376,44.010570214205295,44.34607696533203,38982000,0.0
2023-11-30,44.05991447429258,44.49409815176386,43.82308461840098,44.1092529296875,46263000,0.0
2023-12-01,43.77374666363665,43.77374666363665,42.29357039916354,43.16194152832031,43928400,0.0
2023-12-04,42.72775566101437,42.737625611140786,41.13903247613481,41.79030990600586,50417600,0.0
2023-12-05,41.35612349986118,41.731102530170645,41.06008900826224,41.365989685058594,31859300,0.0
2023-12-06,41.91859060045017,42.027137460168056,40.6259019977016,40.72458267211914,31992300,0.0
2023-12-07,41.19824134769675,41.87912110704372,40.63577464121815,41.59295654296875,29118700,0.0
2023-12-08,41.2870537132975,42.39225103382624,41.25745138997899,42.13568878173828,42815000,0.0
2023-12-11,42.58959956316369,44.1388502247311,42.51065879637603,43.95136260986328,48288200,0.0
2023-12-12,43.773744096987876,43.852684869037354,43.05339214222901,43.45797348022461,31452200,0.0
2023-12-13,43.4974501312734,44.12899142843519,42.75736196785886,43.98097229003906,35216100,0.0
2023-12-14,44.41515336581766,46.44793008966711,44.05991423037119,44.582908630371094,70620800,0.0
2023-12-15,45.33285975624256,46.645284403284116,45.066427600130005,45.54995346069336,84583400,0.0
2023-12-18,45.540089950920446,45.61903072535941,44.800001839676554,45.08616638183594,27895700,0.0
2023-12-19,44.99735389367373,46.06308253893593,44.908543173235216,46.0433464050293,35358800,0.0
2023-12-20,46.023614061925066,46.32951851625015,45.096038277608145,45.155242919921875,38159100,0.0
2023-12-21,45.86572527577669,46.49726650794917,45.41180548568806,46.45779800415039,28320500,0.0
2023-12-22,46.625550627708435,47.52352404478188,46.57621217355154,47.365638732910156,30095700,0.0
2023-12-26,48.27347887400653,49.852335774632216,48.06625510566455,49.83259963989258,60287400,0.0
2023-12-27,49.96088169222299,50.60228911990351,49.52669426469732,50.08916091918945,52148000,0.0
2023-12-28,50.13850757372686,50.197712217786155,49.497096325008705,49.724056243896484,27705200,0.0
2023-12-29,49.63524162200012,49.9016737922272,49.11224723097072,49.58590316772461,29288700,0.0
2024-01-02,48.54978086907395,48.727402316983216,46.82290860884264,47.16828155517578,45905700,0.0
2024-01-03,46.4775344106148,47.178154054921954,46.181499902857844,46.42819595336914,35858400,0.0
2024-01-04,45.11577640812625,46.53674435073411,44.64212042725696,46.25057601928711,47797800,0.0
2024-01-05,46.408458630710044,47.19788898358277,46.02361340404019,46.27030944824219,34344000,0.0
2024-01-08,46.44793292031915,48.11559689647681,46.349256004061985,47.809696197509766,42135100,0.0
2024-01-09,47.37550575760561,47.91824005579795,47.16828198790462,47.41497802734375,30097000,0.0
2024-01-10,47.60246796769483,47.6616726062049,46.31964559049682,46.84264373779297,31480200,0.0
2024-01-11,46.81304127113789,47.2077564583543,46.11242538989763,47.010398864746094,31707900,0.0
2024-01-12,46.97092076942365,47.039995353979776,45.994006636825546,46.49726486206055,27587900,0.0
2024-01-16,46.35912003443378,46.595949892435485,45.76705103585386,46.43806457519531,43720700,0.0
2024-01-17,45.806521658210954,45.806521658210954,45.04670112183344,45.4512825012207,33488000,0.0
2024-01-18,46.408456099754304,46.94132042959796,45.55982115169575,46.122291564941406,46681300,0.0
2024-01-19,46.37885337888682,48.115591764024586,45.82625291965619,47.51365661621094,55979800,0.0
2024-01-22,48.2044044616061,48.520175090034456,47.01039653759373,47.582733154296875,45639500,0.0
2024-01-23,47.48404939457308,48.29321204787414,46.694622874801624,48.243873596191406,37224100,0.0
2024-01-24,48.520171543120746,49.11224425135441,47.63206812719406,48.44123077392578,49375800,0.0
2024-01-25,49.33921050777817,49.63524501796823,48.32282397588851,48.89515686035156,84845100,0.0
2024-01-26,43.5961221183612,44.80986611742092,42.77708950325992,43.07312774658203,127665300,0.0
2024-01-29,43.13233711529454,43.40863925508577,42.24423358075409,43.2606201171875,51790900,0.0
2024-01-30,43.09286371528312,43.24088284930683,42.32317325263891,42.35277557373047,47958800,0.0
2024-01-31,42.00740006513206,43.21127790693192,41.80017630149584,42.51066207885742,51584200,0.0
2024-02-01,42.579736837340135,42.994184366273146,41.92845946024345,42.78696060180664,38819900,0.0
2024-02-02,42.43171772242148,42.56986689876739,41.05021843039699,42.03700256347656,53683500,0.0
2024-02-05,42.056734763902966,42.57973286522663,41.86924715129706,42.20475387573242,28890300,0.0
2024-02-06,42.259190564805955,42.3383627277486,41.70497032294128,42.29877853393555,34068200,0.125
2024-02-07,42.44722867727391,42.65505985674417,42.11073848299591,42.33836364746094,34269200,0.0
2024-02-08,42.278986473496566,42.52640562884181,41.89301319520865,42.061256408691406,33206500,0.0
2024-02-09,42.11073961678992,43.07072715064209,41.96229038830714,42.86289596557617,51193000,0.0
2024-02-12,42.94206612066388,44.57503398469183,42.87278906222066,43.57545852661133,51107300,0.0
2024-02-13,42.55609509697383,43.17959243106469,42.318571044595544,42.71444320678711,36622200,0.0
2024-02-14,43.36762733344154,43.83277653306883,42.94206610299881,43.73380661010742,36186200,0.0
2024-02-15,44.29792246284209,44.802659637413264,43.56556390115373,43.595252990722656,44024500,0.0
2024-02-16,43.57546147103312,43.76350244978494,42.67485587510025,43.060829162597656,29975300,0.0
2024-02-20,43.80308389081493,44.703689430093235,42.97175541030291,44.060401916503906,61514100,0.0
2024-02-21,44.02081187474342,44.22864304125819,42.63526698932861,43.021240234375,57485200,0.0
2024-02-22,44.218751667634606,44.218751667634606,42.090945425277404,42.53630065917969,62809300,0.0
2024-02-23,42.68475009500671,43.060824460813436,42.21960091454698,42.54619598388672,33810700,0.0
2024-02-26,43.05092935658332,43.22907143525656,42.3779490094436,42.54619598388672,27035400,0.0
2024-02-27,42.803511664108804,42.82330564855216,42.07114934097092,42.28887939453125,25126400,0.0
2024-02-28,42.00187382207049,42.01177270231313,41.477346428710284,41.556522369384766,26928500,0.0
2024-02-29,41.93259519224425,42.704545483662436,41.922700087688604,42.60557556152344,48875100,0.0
2024-03-01,42.96185895503192,43.81298139348012,42.68475072867816,43.36762619018555,41426100,0.0
2024-03-04,43.81298196467845,46.12882527668589,43.397315844412255,45.1391487121582,59990800,0.0
2024-03-05,44.09999199914086,44.40678933828843,42.24929398250953,42.71444320678711,56655100,0.0
2024-03-06,43.476492325656736,45.04017935400904,43.11031304928887,44.05050277709961,52652000,0.0
2024-03-07,45.07976813297767,45.94078571326764,44.71358885003174,45.67357635498047,50378200,0.0
2024-03-08,45.960578190502105,46.14861915352694,43.54576873779297,43.54576873779297,54916600,0.0
2024-03-11,43.4171110598047,44.46616960706335,43.20927988143693,44.39689254760742,35051000,0.0
2024-03-12,44.59482621316421,44.802657380309554,44.00101802448503,44.77296829223633,31795800,0.0
2024-03-13,44.0505029236892,44.51565212448583,42.75402901982607,42.78371810913086,53195900,0.0
2024-03-14,42.783718164719176,42.90247829740919,42.07114981794601,42.30867385864258,38100000,0.0
2024-03-15,42.011769033672145,42.70454335281141,41.912799116471504,42.199806213378906,66952900,0.0
2024-03-18,42.64516307994282,42.93217018813967,42.16021990487515,42.26908493041992,27668300,0.0
2024-03-19,41.81383419719672,41.853422165234505,41.01219483335548,41.61589813232422,34673000,0.0
2024-03-20,42.54620015267069,42.565990363070036,40.982509258950394,41.76435470581055,74865000,0.0
2024-03-21,42.54620153995399,43.149901135053874,41.88311621045273,41.98208236694336,50807600,0.0
2024-03-22,41.81383889647089,42.35816030455685,41.65549078184012,42.13053512573242,28503100,0.0
2024-03-25,40.46787585904025,41.78414755859529,40.15117964680319,41.39817428588867,47276500,0.0
2024-03-26,41.51693439904752,41.83363061111218,41.22992727707748,41.556522369384766,39109700,0.0
2024-03-27,42.100843972465064,43.37752770777571,42.061256001916675,43.318145751953125,51017800,0.0
2024-03-28,43.30824490459669,44.139573371770645,43.25876183131705,43.714012145996094,54204200,0.0
2024-04-01,43.832776755512306,44.94121347108948,43.72391172736055,44.060401916503906,31712600,0.0
2024-04-02,43.476494055132804,43.62494705770123,43.05093280810779,43.48638916015625,32748400,0.0
2024-04-03,40.97261177691137,41.22003092103447,39.804793114625035,39.913658142089844,83718000,0.0
2024-04-04,40.170973402908174,40.3590105980652,39.29016183168939,39.31985092163086,57307200,0.0
2024-04-05,38.943771427576664,39.052636454070694,38.11244295972358,38.31037902832031,67263000,0.0
2024-04-08,38.24110374178147,38.4588338048539,37.518640266960844,37.58791732788086,56967800,0.0
2024-04-09,37.657195074347136,38.18172625626916,36.94463046686671,37.93430709838867,78671700,0.0
2024-04-10,37.62750200993688,37.82543807040204,36.63782548292745,36.81596755981445,51108400,0.0
2024-04-11,37.04359529776712,37.28111556667766,36.697209999223986,37.24153137207031,41909100,0.0
2024-04-12,36.311232680000735,36.32113156006494,35.23248504731364,35.321556091308594,80254800,0.0
2024-04-15,35.66794464775069,36.32113103584749,35.519491651462836,35.935157775878906,50751600,0.0
2024-04-16,35.895568587837126,36.13308884345184,35.390831437852185,35.88566970825195,30607500,0.0
2024-04-17,35.727323119111105,35.757015983802184,35.00485966690412,35.31166076660156,41173300,0.0
2024-04-18,35.054342816560656,35.29186685801872,34.41105530172058,34.67826843261719,42334400,0.0
2024-04-19,34.767342507621755,34.767342507621755,33.82714891515427,33.84694290161133,59070300,0.0
2024-04-22,34.06466652813322,34.213119527250065,33.72818011072603,34.054771423339844,39909900,0.0
2024-04-23,33.98549508463159,34.242809343199326,33.82714697736298,33.92611312866211,46834000,0.0
2024-04-24,34.50012494991297,34.816821142169815,33.9854926936665,34.14384078979492,53261100,0.0
2024-04-25,34.203222002242924,34.93558051526241,34.14384005173473,34.74754333496094,66549400,0.0
2024-04-26,31.45192381651619,31.907176045518334,30.323691180607266,31.55088996887207,119742500,0.0
2024-04-29,31.53109505843458,31.58057813019865,30.749249688486604,31.036256790161133,58533300,0.0
2024-04-30,30.719562342327688,30.858116461249818,30.105962024307132,30.155445098876953,72346400,0.0
2024-05-01,29.858542429729663,30.719561883042896,29.710091320581384,30.05647850036621,60654800,0.0
2024-05-02,30.274206169169542,30.353380218588107,29.87833592207671,30.195032119750977,50899400,0.0
2024-05-03,30.66018105742041,30.739355111056643,30.383072813522766,30.58100700378418,36794800,0.0
2024-05-06,30.923832433223346,31.003328068462462,30.536289553022886,30.774776458740234,36185600,0.125
2024-05-07,30.894020047360957,31.251751344198457,30.417046248461222,30.486604690551758,44683400,0.0
2024-05-08,29.81089210510254,29.959946186562956,29.5425936212785,29.81089210510254,63734600,0.0
2024-05-09,29.741332600527656,30.198432020098114,29.622088202412307,29.90032386779785,45003400,0.0
2024-05-10,30.138812358464122,30.267992059188092,29.65190133984991,29.66183853149414,42931300,0.0
2024-05-13,29.84070274039695,30.933767233590086,29.810891166912885,30.317676544189453,51459100,0.0
2024-05-14,30.42698497721072,30.913895991776922,30.417047785649103,30.854272842407227,47759900,0.0
2024-05-15,31.182192737724716,31.202067120946793,30.615786083174033,31.072887420654297,36992900,0.0
2024-05-16,31.430616301444132,32.056644199568396,31.32131098625367,31.828094482421875,47752800,0.0
2024-05-17,31.8579079970722,31.907592059017553,31.390869475353796,31.629356384277344,41449800,0.0
2024-05-20,31.649231369928607,32.21563613099912,31.55979854046339,31.897653579711914,31989000,0.0
2024-05-21,31.77840961678809,32.036772797045785,31.420680210618762,31.5399227142334,42975400,0.0
2024-05-22,31.708852003298507,31.867843275827525,30.90395844920465,31.221940994262695,36706400,0.0
2024-05-23,31.25175143532453,31.37099393773446,29.68171125454082,29.8903865814209,62014500,0.0
2024-05-24,30.099064079939822,30.82446197812326,29.94007091639133,30.526351928710938,42434500,0.0
2024-05-28,30.744967620329465,31.172257382164105,30.466731941725964,30.86421012878418,36799100,0.0
2024-05-29,30.277928026901556,30.476668061101428,29.920198618797393,29.94007110595703,35848600,0.0
2024-05-30,30.019567311756507,30.307740177296864,29.870513230933255,29.99969482421875,33351000,0.0
2024-05-31,30.029504942197292,30.76484006095746,29.75127115934644,30.655534744262695,95797500,0.0
2024-06-03,30.83439895760554,30.874145826725712,29.86057507726836,30.099063873291016,35544900,0.0
2024-06-04,30.556164699264862,30.556164699264862,29.75127113543878,29.8407039642334,51027200,0.0
2024-06-05,30.079190259300518,30.645596899838363,29.820828969781854,30.585975646972656,44161700,0.0
2024-06-06,30.35742448048119,30.397173246523653,29.96988348819456,30.22824478149414,34248100,0.0
2024-06-07,30.059315502581093,30.585975266431074,30.019566737614863,30.546226501464844,34085500,0.0
2024-06-10,30.35742334809095,30.75490341238691,30.099063959754154,30.71515464782715,37396500,0.0
2024-06-11,30.57603785729381,30.834399141756844,30.337550955172254,30.7250919342041,25326900,0.0
2024-06-12,31.26168740752887,31.281561790135704,30.198432577294135,30.56610107421875,51323900,0.0
2024-06-13,30.18849638192882,30.387236423902817,29.950009468755333,30.26799201965332,33787200,0.0
2024-06-14,30.099065365610674,30.36736195761891,30.01956783277801,30.258056640625,28125900,0.0
2024-06-17,30.14874866124054,30.804588127819695,29.989757390271375,30.784713745117188,36235300,0.0
2024-06-18,30.79465147966915,31.27162530099019,30.307740466821567,30.436920166015625,33294700,0.0
2024-06-20,30.367361637990363,30.913895798509436,30.258056322146935,30.426984786987305,43826300,0.0
2024-06-21,30.65553318086021,31.162318553482905,30.476667532249213,30.894020080566406,90795200,0.0
2024-06-24,30.943704994449813,31.221940666114026,30.337551485050767,30.37729835510254,40611800,0.0
2024-06-25,30.506479631824043,30.635659327313434,30.099064267547327,30.546226501464844,29323600,0.0
2024-06-26,30.446856525218326,30.48660529023788,30.079189925414628,30.347488403320312,30743000,0.0
2024-06-27,30.228244464597882,30.466731372376067,30.099064766965085,30.397172927856445,30184300,0.0
2024-06-28,30.556163935664028,31.11263338233784,30.526352361702315,30.774776458740234,41467700,0.0
2024-07-01,30.71515590338328,30.824463115065406,30.417047738300834,30.645597457885742,32401800,0.0
2024-07-02,30.66547207706199,31.112634328128223,30.39717358922695,30.874147415161133,35999300,0.0
2024-07-03,30.923832959411207,31.14244548620724,30.71515572877935,31.033138275146484,24065700,0.0
2024-07-05,31.2020665029894,32.13614164734713,31.112633675586775,31.818159103393555,45309400,0.0
2024-07-08,32.82179017277948,33.87510969875,32.613114843025684,33.77574157714844,82315900,0.0
2024-07-09,34.79924945469186,34.99798949894323,33.507444853034585,34.3719596862793,97546900,0.0
2024-07-10,34.22290250728898,34.7495641747144,33.91485905060243,34.65019226074219,52256200,0.0
2024-07-11,34.809184100885474,34.928430399599435,33.10002884981283,33.2888298034668,55213700,0.0
2024-07-12,33.55712801341558,35.25634795426933,33.55712801341558,34.27259063720703,62792600,0.0
2024-07-15,34.48126375284248,35.00792159998404,34.093722786783545,34.242774963378906,39847900,0.0
2024-07-16,34.143409539494236,34.232842368767805,33.626686947097056,34.12353515625,28409900,0.0
2024-07-17,35.85256576329393,36.925755839253235,34.18315560900105,34.242774963378906,112304200,0.0
2024-07-18,34.73962508799172,36.07117841001198,34.31233533453851,34.65019226074219,84188600,0.0
2024-07-19,34.35208356711346,34.362022653681926,32.64292457982029,32.7721061706543,69628700,0.0
2024-07-22,33.07021606470152,33.19939766232487,32.55349346485917,33.15964889526367,48503700,0.0
2024-07-23,32.75223342263411,33.020531913608885,32.623055616004486,32.7422981262207,29466400,0.0
2024-07-24,32.32494148650973,32.59323995949019,31.460426711784343,31.50017547607422,62216700,0.0
2024-07-25,31.17225584068728,31.78834652633028,30.754903291082982,30.90395736694336,49774000,0.0
2024-07-26,31.23187753157216,31.361057227049322,30.824462167334016,31.152381896972656,38352500,0.0
2024-07-29,31.221941203638227,31.27162526588968,30.595913300772725,30.63566017150879,32342200,0.0
2024-07-30,30.655533712816226,30.715154964946016,29.820828601697457,29.94007110595703,48256600,0.0
2024-07-31,30.34748836260998,30.675408092279664,30.08912707630577,30.546226501464844,56110600,0.0
2024-08-01,30.238180548162198,30.516414316046976,28.70788724349436,28.866878509521484,107672500,0.0
2024-08-02,21.801700111553938,21.8414469830145,20.291281089542203,21.3445987701416,300895900,0.0
2024-08-05,20.072667229540986,20.26146817330116,19.168403693593557,19.983234405517578,147385700,0.0
2024-08-06,20.191910941842604,20.4999563012095,19.62550428595571,19.704999923706055,106670400,0.0
2024-08-07,19.920000076293945,20.25,18.950000762939453,18.989999771118164,97972300,0.125
2024-08-08,19.100000381469727,20.549999237060547,18.84000015258789,20.489999771118164,96836800,0.0
2024-08-09,20.079999923706055,20.149999618530273,19.5,19.709999084472656,76394500,0.0
2024-08-12,19.8700008392334,19.969999313354492,19.0,19.360000610351562,54677600,0.0
2024-08-13,19.479999542236328,20.479999542236328,19.469999313354492,20.469999313354492,77511300,0.0
2024-08-14,20.489999771118164,20.5,19.790000915527344,19.920000076293945,56758200,0.0
2024-08-15,20.31999969482422,21.059999465942383,20.229999542236328,20.690000534057617,84814900,0.0
2024-08-16,20.530000686645508,20.899999618530273,20.40999984741211,20.8700008392334,48582700,0.0
2024-08-19,20.889999389648438,21.860000610351562,20.84000015258789,21.520000457763672,65956300,0.0
2024-08-20,21.209999084472656,21.229999542236328,20.81999969482422,20.989999771118164,84161300,0.0
2024-08-21,21.06999969482422,21.440000534057617,21.06999969482422,21.40999984741211,57028900,0.0
2024-08-22,21.389999389648438,21.399999618530273,20.040000915527344,20.100000381469727,81444700,0.0
2024-08-23,20.31999969482422,20.93000030517578,20.260000228881836,20.540000915527344,73398400,0.0
2024-08-26,20.530000686645508,20.559999465942383,19.950000762939453,20.1299991607666,58534800,0.0
2024-08-27,20.1299991607666,20.260000228881836,19.84000015258789,20.06999969482422,43862000,0.0
2024-08-28,19.979999542236328,20.110000610351562,19.510000228881836,19.610000610351562,50144900,0.0
2024-08-29,19.760000228881836,20.600000381469727,19.75,20.1299991607666,64529700,0.0
2024-08-30,21.25,22.1200008392334,21.0,22.040000915527344,177785400,0.0
2024-09-03,21.540000915527344,21.690000534057617,19.989999771118164,20.100000381469727,115305500,0.0
2024-09-04,19.760000228881836,20.049999237060547,19.280000686645508,19.43000030517578,85871900,0.0
2024-09-05,19.280000686645508,19.899999618530273,19.239999771118164,19.399999618530273,65388800,0.0
2024-09-06,19.440000534057617,19.489999771118164,18.639999389648438,18.889999389648438,92686500,0.0
2024-09-09,19.0,19.540000915527344,18.950000762939453,19.06999969482422,64244100,0.0
2024-09-10,19.030000686645508,19.110000610351562,18.510000228881836,18.979999542236328,55621300,0.0
2024-09-11,19.010000228881836,19.690000534057617,18.520000457763672,19.639999389648438,71403100,0.0
2024-09-12,19.43000030517578,19.540000915527344,19.040000915527344,19.360000610351562,51520600,0.0
2024-09-13,19.489999771118164,19.799999237060547,19.489999771118164,19.65999984741211,44236300,0.0
2024-09-16,20.030000686645508,21.06999969482422,19.760000228881836,20.90999984741211,149337000,0.0
2024-09-17,21.709999084472656,22.579999923706055,21.239999771118164,21.469999313354492,196249800,0.0
2024-09-18,21.360000610351562,21.739999771118164,20.719999313354492,20.770000457763672,118727900,0.0
2024-09-19,21.280000686645508,21.690000534057617,21.030000686645508,21.139999389648438,99829200,0.0
2024-09-20,20.889999389648438,23.139999389648438,20.350000381469727,21.84000015258789,260377900,0.0
2024-09-23,22.43000030517578,22.81999969482422,22.030000686645508,22.559999465942383,184439100,0.0
2024-09-24,22.530000686645508,23.110000610351562,22.290000915527344,22.809999465942383,113082500,0.0
2024-09-25,22.799999237060547,24.059999465942383,22.729999542236328,23.540000915527344,117013400,0.0
2024-09-26,24.280000686645508,24.420000076293945,23.25,23.920000076293945,95416900,0.0
2024-09-27,24.15999984741211,24.65999984741211,23.700000762939453,23.90999984741211,85883300,0.0
2024-09-30,23.739999771118164,23.950000762939453,23.09000015258789,23.459999084472656,66308200,0.0
2024-10-01,23.459999084472656,23.719999313354492,22.260000228881836,22.690000534057617,86344400,0.0
2024-10-02,22.670000076293945,23.06999969482422,22.350000381469727,22.389999389648438,59033900,0.0
2024-10-03,22.139999389648438,22.729999542236328,21.649999618530273,22.260000228881836,49565900,0.0
2024-10-04,22.700000762939453,22.90999984741211,22.299999237060547,22.59000015258789,49845500,0.0
2024-10-07,22.399999618530273,22.649999618530273,22.020000457763672,22.3799991607666,54928700,0.0
2024-10-08,22.25,23.420000076293945,22.049999237060547,23.31999969482422,58650500,0.0
2024-10-09,23.25,23.479999542236328,23.059999465942383,23.459999084472656,44759000,0.0
2024-10-10,23.190000534057617,23.530000686645508,22.959999084472656,23.219999313354492,44874600,0.0
2024-10-11,23.049999237060547,23.81999969482422,22.979999542236328,23.559999465942383,43585300,0.0
2024-10-14,23.579999923706055,23.770000457763672,23.270000457763672,23.440000534057617,35403600,0.0
2024-10-15,23.40999984741211,23.719999313354492,22.469999313354492,22.65999984741211,68900600,0.0
2024-10-16,22.3799991607666,22.540000915527344,21.739999771118164,22.309999465942383,62151800,0.0
2024-10-17,22.719999313354492,22.81999969482422,22.399999618530273,22.440000534057617,43807600,0.0
2024-10-18,22.610000610351562,22.81999969482422,22.5,22.770000457763672,39971700,0.0
2024-10-21,22.610000610351562,22.8799991607666,22.25,22.84000015258789,39727000,0.0
2024-10-22,22.729999542236328,22.81999969482422,22.170000076293945,22.399999618530273,50160400,0.0
2024-10-23,22.299999237060547,22.43000030517578,21.579999923706055,21.979999542236328,45799100,0.0
2024-10-24,22.09000015258789,22.3700008392334,21.969999313354492,22.34000015258789,40554400,0.0
2024-10-25,22.420000076293945,23.34000015258789,22.40999984741211,22.68000030517578,67503000,0.0
2024-10-28,22.670000076293945,23.270000457763672,22.559999465942383,22.920000076293945,41915000,0.0
2024-10-29,22.8700008392334,23.139999389648438,22.40999984741211,22.899999618530273,83422200,0.0
2024-10-30,22.420000076293945,22.93000030517578,22.260000228881836,22.299999237060547,50941200,0.0
2024-10-31,22.149999618530273,22.25,21.469999313354492,21.520000457763672,112485500,0.0
2024-11-01,23.0,23.579999923706055,21.90999984741211,23.200000762939453,173471100,0.0
2024-11-04,22.959999084472656,23.0,22.0,22.520000457763672,84616300,0.0
2024-11-05,22.579999923706055,23.579999923706055,22.399999618530273,23.31999969482422,59153300,0.0
2024-11-06,24.299999237060547,25.1200008392334,24.049999237060547,25.049999237060547,116760500,0.0
2024-11-07,25.43000030517578,26.3799991607666,25.190000534057617,26.229999542236328,101489300,0.0
2024-11-08,26.0,26.43000030517578,25.829999923706055,26.200000762939453,76428000,0.0
2024-11-11,25.959999084472656,26.290000915527344,24.829999923706055,25.049999237060547,80185300,0.0
2024-11-12,24.65999984741211,24.959999084472656,23.889999389648438,24.15999984741211,62539700,0.0
2024-11-13,24.059999465942383,25.139999389648438,24.020000457763672,24.920000076293945,58202000,0.0
2024-11-14,25.1200008392334,25.610000610351562,24.93000030517578,25.030000686645508,49252100,0.0
2024-11-15,24.809999465942383,24.81999969482422,24.229999542236328,24.350000381469727,55104900,0.0
2024-11-18,24.329999923706055,25.020000457763672,24.15999984741211,24.84000015258789,59589500,0.0
2024-11-19,24.5,24.540000915527344,24.100000381469727,24.200000762939453,61190900,0.0
2024-11-20,24.06999969482422,24.209999084472656,23.549999237060547,24.010000228881836,50191500,0.0
2024-11-21,24.079999923706055,24.770000457763672,23.829999923706055,24.440000534057617,58928400,0.0
2024-11-22,24.350000381469727,24.68000030517578,24.139999389648438,24.5,36784700,0.0
2024-11-25,25.040000915527344,25.56999969482422,24.760000228881836,24.8700008392334,91128400,0.0
2024-11-26,24.950000762939453,24.989999771118164,23.809999465942383,24.049999237060547,69613600,0.0
2024-11-27,23.829999923706055,23.93000030517578,23.059999465942383,23.649999618530273,53992300,0.0
2024-11-29,23.719999313354492,24.280000686645508,23.600000381469727,24.049999237060547,36616800,0.0
2024-12-02,24.84000015258789,25.479999542236328,23.440000534057617,23.93000030517578,150497900,0.0
2024-12-03,23.68000030517578,23.75,22.440000534057617,22.469999313354492,138160500,0.0
2024-12-04,22.530000686645508,22.540000915527344,21.809999465942383,21.959999084472656,104649000,0.0
2024-12-05,22.040000915527344,22.190000534057617,20.65999984741211,20.799999237060547,167993500,0.0
2024-12-06,20.950000762939453,21.049999237060547,20.65999984741211,20.920000076293945,78539100,0.0
2024-12-09,20.920000076293945,21.059999465942383,20.729999542236328,20.809999465942383,68818200,0.0
2024-12-10,20.829999923706055,20.860000610351562,19.959999084472656,20.15999984741211,90004800,0.0
2024-12-11,20.139999389648438,20.25,19.8700008392334,20.1200008392334,75209300,0.0
2024-12-12,20.020000457763672,20.899999618530273,19.920000076293945,20.780000686645508,77695000,0.0
2024-12-13,20.600000381469727,20.799999237060547,20.25,20.34000015258789,55104100,0.0
2024-12-16,20.170000076293945,21.100000381469727,20.0,20.829999923706055,73832900,0.0
2024-12-17,20.639999389648438,20.770000457763672,20.290000915527344,20.440000534057617,51767200,0.0
2024-12-18,20.479999542236328,20.579999923706055,19.209999084472656,19.299999237060547,86041200,0.0
2024-12-19,19.530000686645508,19.690000534057617,19.030000686645508,19.059999465942383,69117800,0.0
2024-12-20,18.969999313354492,19.760000228881836,18.899999618530273,19.520000457763672,108453700,0.0
2024-12-23,19.579999923706055,20.229999542236328,19.520000457763672,20.200000762939453,57988400,0.0
2024-12-24,20.219999313354492,20.399999618530273,19.959999084472656,20.399999618530273,29884000,0.0
2024-12-26,20.229999542236328,20.670000076293945,20.079999923706055,20.440000534057617,39846200,0.0
2024-12-27,20.209999084472656,20.610000610351562,20.09000015258789,20.299999237060547,48260800,0.0
2024-12-30,20.010000228881836,20.110000610351562,19.729999542236328,19.81999969482422,59608100,0.0
2024-12-31,19.989999771118164,20.399999618530273,19.8799991607666,20.049999237060547,49846700,0.0
2025-01-02,20.229999542236328,20.43000030517578,20.0,20.219999313354492,46438500,0.0
2025-01-03,20.389999389648438,20.670000076293945,20.059999465942383,20.559999465942383,48983900,0.0
2025-01-06,20.829999923706055,20.979999542236328,19.780000686645508,19.8700008392334,83271000,0.0
2025-01-07,20.020000457763672,20.34000015258789,19.899999618530273,20.010000228881836,61726100,0.0
2025-01-08,19.829999923706055,20.1200008392334,19.709999084472656,19.8799991607666,47897100,0.0
2025-01-10,19.65999984741211,19.65999984741211,18.90999984741211,19.149999618530273,71244600,0.0
2025-01-13,18.920000076293945,19.25,18.729999542236328,19.200000762939453,50669000,0.0
2025-01-14,19.360000610351562,19.520000457763672,18.81999969482422,19.200000762939453,47147500,0.0
2025-01-15,19.399999618530273,19.770000457763672,19.170000076293945,19.719999313354492,56306000,0.0
2025-01-16,19.75,19.950000762939453,19.399999618530273,19.670000076293945,44898100,0.0
2025-01-17,21.260000228881836,21.6200008392334,20.790000915527344,21.489999771118164,166483900,0.0
2025-01-21,22.030000686645508,22.40999984741211,21.75,21.770000457763672,96262200,0.0
2025-01-22,21.729999542236328,22.290000915527344,21.56999969482422,21.860000610351562,60972600,0.0
2025-01-23,21.690000534057617,21.75,21.350000381469727,21.56999969482422,55778200,0.0
2025-01-24,21.360000610351562,21.40999984741211,20.75,20.829999923706055,66300600,0.0
2025-01-27,20.809999465942383,21.059999465942383,20.139999389648438,20.290000915527344,83582100,0.0
2025-01-28,20.34000015258789,20.34000015258789,19.739999771118164,19.799999237060547,73411400,0.0
2025-01-29,19.8700008392334,20.079999923706055,19.65999984741211,19.75,86506800,0.0
2025-01-30,19.719999313354492,20.100000381469727,19.43000030517578,20.010000228881836,108167000,0.0
2025-01-31,20.100000381469727,20.329999923706055,19.3799991607666,19.43000030517578,117081700,0.0
2025-02-03,18.969999313354492,19.75,18.780000686645508,19.3799991607666,77523100,0.0
2025-02-04,19.100000381469727,19.530000686645508,19.020000457763672,19.290000915527344,54098200,0.0
2025-02-05,19.190000534057617,19.770000457763672,18.90999984741211,19.649999618530273,66059200,0.0
2025-02-06,19.510000228881836,19.700000762939453,19.219999313354492,19.3799991607666,45553800,0.0
2025-02-07,19.350000381469727,19.360000610351562,19.030000686645508,19.100000381469727,58277900,0.0
2025-02-10,19.25,20.079999923706055,19.239999771118164,19.770000457763672,73007300,0.0
2025-02-11,19.8700008392334,21.8799991607666,19.860000610351562,20.969999313354492,150960700,0.0
2025-02-12,21.979999542236328,22.559999465942383,20.93000030517578,22.479999542236328,162631200,0.0
2025-02-13,22.84000015258789,24.829999923706055,22.790000915527344,24.1299991607666,248661300,0.0
2025-02-14,24.360000610351562,25.190000534057617,22.860000610351562,23.600000381469727,230254100,0.0
2025-02-18,24.600000381469727,27.549999237060547,24.489999771118164,27.389999389648438,284292200,0.0
2025-02-19,25.979999542236328,26.329999923706055,25.459999084472656,25.719999313354492,151881700,0.0
2025-02-20,25.559999465942383,26.1200008392334,24.479999542236328,26.09000015258789,144939600,0.0
2025-02-21,25.959999084472656,26.290000915527344,24.84000015258789,24.8700008392334,111630900,0.0
2025-02-24,24.549999237060547,24.799999237060547,23.6200008392334,24.270000457763672,91358100,0.0
2025-02-25,24.209999084472656,24.280000686645508,22.770000457763672,22.989999771118164,88886500,0.0
2025-02-26,23.25,23.81999969482422,23.209999084472656,23.520000457763672,67449300,0.0
2025-02-27,23.700000762939453,24.399999618530273,23.06999969482422,23.09000015258789,97871900,0.0
2025-02-28,23.020000457763672,24.440000534057617,22.639999389648438,23.729999542236328,104133800,0.0
2025-03-03,25.0,25.040000915527344,22.520000457763672,22.739999771118164,141348700,0.0
2025-03-04,22.540000915527344,22.6299991607666,20.760000228881836,21.329999923706055,152182200,0.0
2025-03-05,21.329999923706055,21.360000610351562,20.18000030517578,20.809999465942383,127219300,0.0
2025-03-06,20.260000228881836,21.1299991607666,20.0,20.75,96466400,0.0
2025-03-07,20.270000457763672,21.200000762939453,20.110000610351562,20.639999389648438,81099600,0.0
2025-03-10,20.239999771118164,20.510000228881836,19.649999618530273,19.93000030517578,82760600,0.0
2025-03-11,19.969999313354492,20.059999465942383,19.290000915527344,19.780000686645508,80789000,0.0
2025-03-12,20.790000915527344,21.170000076293945,20.209999084472656,20.68000030517578,128671100,0.0
2025-03-13,23.5,24.530000686645508,23.1299991607666,23.700000762939453,243261000,0.0
2025-03-14,23.68000030517578,24.3700008392334,23.520000457763672,24.049999237060547,116901600,0.0
2025-03-17,24.420000076293945,26.149999618530273,24.3700008392334,25.690000534057617,160723600,0.0
2025-03-18,25.549999237060547,26.40999984741211,25.389999389648438,25.920000076293945,132488800,0.0
2025-03-19,24.899999618530273,25.229999542236328,24.030000686645508,24.1200008392334,135491400,0.0
2025-03-20,23.770000457763672,24.309999465942383,23.729999542236328,23.959999084472656,68937600,0.0
2025-03-21,23.600000381469727,24.700000762939453,23.489999771118164,24.260000228881836,94110700,0.0
2025-03-24,24.719999313354492,24.989999771118164,24.1299991607666,24.219999313354492,69169000,0.0
2025-03-25,24.18000030517578,24.75,24.110000610351562,24.200000762939453,51743300,0.0
2025-03-26,24.25,24.420000076293945,23.25,23.420000076293945,59496700,0.0
2025-03-27,23.290000915527344,23.760000228881836,22.860000610351562,23.6200008392334,57720600,0.0
2025-03-28,23.350000381469727,23.579999923706055,22.559999465942383,22.709999084472656,58365300,0.0
2025-03-31,22.3799991607666,22.75,21.75,22.709999084472656,65832000,0.0
2025-04-01,22.559999465942383,22.6200008392334,21.65999984741211,22.049999237060547,64060400,0.0
2025-04-02,21.889999389648438,22.3799991607666,21.700000762939453,21.979999542236328,58878800,0.0
2025-04-03,21.399999618530273,23.899999618530273,20.860000610351562,22.43000030517578,242972100,0.0
2025-04-04,21.700000762939453,22.200000762939453,19.700000762939453,19.850000381469727,175014700,0.0
2025-04-07,19.139999389648438,20.670000076293945,18.559999465942383,19.56999969482422,142491200,0.0
2025-04-08,20.059999465942383,20.389999389648438,17.670000076293945,18.1299991607666,163982700,0.0
2025-04-09,18.06999969482422,21.729999542236328,17.979999542236328,21.530000686645508,224183500,0.0
2025-04-10,20.68000030517578,20.81999969482422,19.15999984741211,19.8799991607666,129064900,0.0
2025-04-11,19.25,19.799999237060547,18.18000030517578,19.739999771118164,128425800,0.0
2025-04-14,20.59000015258789,21.049999237060547,19.979999542236328,20.309999465942383,101964400,0.0
2025-04-15,20.200000762939453,20.469999313354492,19.809999465942383,19.850000381469727,64056900,0.0
2025-04-16,19.34000015258789,19.43000030517578,18.719999313354492,19.229999542236328,89469700,0.0
2025-04-17,18.90999984741211,19.100000381469727,18.559999465942383,18.93000030517578,85646700,0.0
2025-04-21,18.93000030517578,18.989999771118164,18.25,18.84000015258789,72409900,0.0
2025-04-22,19.059999465942383,19.739999771118164,19.040000915527344,19.510000228881836,83365600,0.0
2025-04-23,20.719999313354492,21.030000686645508,20.309999465942383,20.59000015258789,97188100,0.0
2025-04-24,21.040000915527344,21.549999237060547,20.8799991607666,21.489999771118164,117086200,0.0
2025-04-25,19.729999542236328,20.18000030517578,19.34000015258789,20.049999237060547,147711200,0.0
2025-04-28,20.1200008392334,21.079999923706055,20.049999237060547,20.510000228881836,96624400,0.0
2025-04-29,20.309999465942383,20.850000381469727,20.219999313354492,20.34000015258789,70031900,0.0
2025-04-30,19.709999084472656,20.18000030517578,19.549999237060547,20.100000381469727,68297300,0.0
2025-05-01,20.219999313354492,20.649999618530273,19.940000534057617,19.979999542236328,72607500,0.0
2025-05-02,20.260000228881836,20.780000686645508,20.209999084472656,20.6200008392334,63298500,0.0
2025-05-05,20.389999389648438,20.579999923706055,20.239999771118164,20.270000457763672,44237000,0.0
2025-05-06,19.920000076293945,20.1200008392334,19.770000457763672,19.940000534057617,51330800,0.0
2025-05-07,19.969999313354492,20.3700008392334,19.81999969482422,20.309999465942383,61002600,0.0
2025-05-08,21.010000228881836,21.239999771118164,20.639999389648438,21.0,71651700,0.0
2025-05-09,21.200000762939453,21.450000762939453,20.829999923706055,21.420000076293945,51768600,0.0
2025-05-12,22.18000030517578,22.670000076293945,21.8799991607666,22.18000030517578,94578700,0.0
2025-05-13,22.360000610351562,22.8799991607666,22.299999237060547,22.559999465942383,76850400,0.0
2025-05-14,22.350000381469727,22.459999084472656,21.459999084472656,21.520000457763672,91584800,0.0
2025-05-15,21.229999542236328,21.6299991607666,21.190000534057617,21.549999237060547,66705500,0.0
2025-05-16,21.530000686645508,21.760000228881836,21.350000381469727,21.65999984741211,55795100,0.0
2025-05-19,21.18000030517578,21.559999465942383,21.049999237060547,21.3799991607666,64279100,0.0
2025-05-20,21.329999923706055,21.40999984741211,21.1200008392334,21.270000457763672,48497400,0.0
2025-05-21,21.190000534057617,21.6299991607666,20.59000015258789,20.690000534057617,62904700,0.0
2025-05-22,20.729999542236328,20.899999618530273,20.510000228881836,20.549999237060547,56077500,0.0
2025-05-23,20.15999984741211,20.270000457763672,19.940000534057617,20.049999237060547,68206100,0.0
2025-05-27,20.440000534057617,20.670000076293945,20.18000030517578,20.549999237060547,69504600,0.0
2025-05-28,20.56999969482422,20.639999389648438,20.329999923706055,20.3700008392334,46096500,0.0
2025-05-29,20.540000915527344,20.600000381469727,20.100000381469727,20.25,66372200,0.0
2025-05-30,20.260000228881836,20.260000228881836,19.309999465942383,19.549999237060547,114281900,0.0
2025-06-02,19.479999542236328,19.81999969482422,19.3700008392334,19.739999771118164,67885500,0.0
2025-06-03,19.75,20.40999984741211,19.399999618530273,20.290000915527344,80401900,0.0
2025-06-04,20.34000015258789,20.5,20.010000228881836,20.25,71166500,0.0
2025-06-05,20.270000457763672,20.549999237060547,19.850000381469727,19.989999771118164,72458400,0.0
2025-06-06,20.170000076293945,20.440000534057617,20.030000686645508,20.059999465942383,70072800,0.0
2025-06-09,20.219999313354492,20.959999084472656,20.219999313354492,20.479999542236328,92893900,0.0
2025-06-10,20.5,22.440000534057617,20.280000686645508,22.079999923706055,171457000,0.0
2025-06-11,21.780000686645508,21.829999923706055,20.3799991607666,20.68000030517578,146784500,0.0
2025-06-12,20.5,20.979999542236328,20.40999984741211,20.770000457763672,78175900,0.0
2025-06-13,20.329999923706055,20.600000381469727,20.100000381469727,20.139999389648438,87655900,0.0
2025-06-16,20.40999984741211,20.93000030517578,20.299999237060547,20.739999771118164,86745100,0.0
2025-06-17,20.6299991607666,21.479999542236328,20.6200008392334,20.799999237060547,87512200,0.0
2025-06-18,20.809999465942383,21.600000381469727,20.65999984741211,21.489999771118164,94200600,0.0
2025-06-20,21.700000762939453,21.889999389648438,20.8799991607666,21.079999923706055,133472800,0.0
2025-06-23,21.06999969482422,21.579999923706055,20.729999542236328,21.190000534057617,81461000,0.0
2025-06-24,21.34000015258789,22.690000534057617,21.329999923706055,22.549999237060547,130368700,0.0
2025-06-25,22.579999923706055,22.770000457763672,22.1299991607666,22.200000762939453,64975100,0.0
2025-06-26,22.399999618530273,22.6200008392334,22.209999084472656,22.5,63229300,0.0
2025-06-27,22.709999084472656,23.3799991607666,22.420000076293945,22.690000534057617,95542400,0.0
2025-06-30,22.969999313354492,22.969999313354492,22.270000457763672,22.399999618530273,77102400,0.0
2025-07-01,22.329999923706055,23.15999984741211,22.280000686645508,22.850000381469727,79094900,0.0
2025-07-02,22.530000686645508,22.770000457763672,21.520000457763672,21.8799991607666,138245300,0.0
2025-07-03,22.149999618530273,22.6299991607666,21.989999771118164,22.489999771118164,61176000,0.0
2025-07-07,22.209999084472656,22.389999389648438,21.860000610351562,22.0,80725200,0.0
2025-07-08,22.18000030517578,23.790000915527344,22.1299991607666,23.59000015258789,119545500,0.0
2025-07-09,23.290000915527344,23.530000686645508,23.1299991607666,23.440000534057617,70247700,0.0
2025-07-10,23.6299991607666,24.040000915527344,23.479999542236328,23.81999969482422,54599800,0.0
2025-07-11,23.559999465942383,23.65999984741211,23.15999984741211,23.43000030517578,49367900,0.0
2025-07-14,23.239999771118164,23.399999618530273,22.8799991607666,23.299999237060547,48420500,0.0
2025-07-15,23.56999969482422,23.780000686645508,22.899999618530273,22.920000076293945,66099400,0.0
2025-07-16,22.989999771118164,23.1299991607666,22.25,22.690000534057617,58865900,0.0
2025-07-17,22.65999984741211,23.049999237060547,22.59000015258789,22.799999237060547,49384000,0.0
2025-07-18,23.219999313354492,23.59000015258789,22.899999618530273,23.100000381469727,60195600,0.0
2025-07-21,23.399999618530273,23.829999923706055,23.15999984741211,23.260000228881836,61658000,0.0
2025-07-22,23.34000015258789,23.540000915527344,23.079999923706055,23.239999771118164,53969800,0.0
2025-07-23,23.260000228881836,23.6200008392334,22.920000076293945,23.489999771118164,68711700,0.0
2025-07-24,23.489999771118164,23.579999923706055,22.600000381469727,22.6299991607666,131963300,0.0
2025-07-25,20.68000030517578,21.049999237060547,20.360000610351562,20.700000762939453,245077700,0.0
2025-07-28,20.81999969482422,21.290000915527344,20.649999618530273,20.68000030517578,86105600,0.0
2025-07-29,20.690000534057617,20.850000381469727,20.34000015258789,20.40999984741211,100831500,0.0
2025-07-30,20.43000030517578,20.6200008392334,20.079999923706055,20.34000015258789,67420300,0.0
2025-07-31,20.170000076293945,20.229999542236328,19.65999984741211,19.799999237060547,90665200,0.0
2025-08-01,19.5,19.549999237060547,18.969999313354492,19.309999465942383,86496100,0.0
2025-08-04,19.520000457763672,19.59000015258789,19.350000381469727,19.5,69249400,0.0
2025-08-05,19.700000762939453,20.540000915527344,19.68000030517578,20.190000534057617,97338200,0.0
2025-08-06,20.1200008392334,20.479999542236328,19.8700008392334,20.40999984741211,67074200,0.0
2025-08-07,20.0,20.440000534057617,19.600000381469727,19.770000457763672,131382800,0.0
2025-08-08,20.0,20.020000457763672,19.610000610351562,19.950000762939453,75415000,0.0
2025-08-11,20.450000762939453,21.600000381469727,20.440000534057617,20.649999618530273,175545600,0.0
2025-08-12,21.200000762939453,21.860000610351562,20.760000228881836,21.809999465942383,134153600,0.0
2025-08-13,21.6200008392334,22.299999237060547,21.360000610351562,22.219999313354492,86024400,0.0
2025-08-14,21.989999771118164,24.200000762939453,21.899999618530273,23.860000610351562,188052500,0.0
2025-08-15,25.010000228881836,25.649999618530273,24.110000610351562,24.559999465942383,310161100,0.0
2025-08-18,24.0,24.899999618530273,23.209999084472656,23.65999984741211,212515600,0.0
2025-08-19,24.940000534057617,26.530000686645508,24.940000534057617,25.309999465942383,297659200,0.0
2025-08-20,24.899999618530273,24.93000030517578,23.329999923706055,23.540000915527344,161149400,0.0
2025-08-21,23.530000686645508,23.56999969482422,22.780000686645508,23.5,97718300,0.0
2025-08-22,23.649999618530273,25.229999542236328,23.649999618530273,24.799999237060547,200266800,0.0
2025-08-25,25.5,25.8799991607666,24.440000534057617,24.549999237060547,156825600,0.0
2025-08-26,24.579999923706055,24.739999771118164,24.100000381469727,24.350000381469727,78558200,0.0
2025-08-27,24.190000534057617,24.989999771118164,24.049999237060547,24.850000381469727,90934400,0.0
2025-08-28,24.959999084472656,25.139999389648438,24.610000610351562,24.93000030517578,60035100,0.0
2025-08-29,24.760000228881836,24.969999313354492,24.280000686645508,24.350000381469727,63734400,0.0
2025-09-02,23.8799991607666,24.239999771118164,23.68000030517578,24.209999084472656,57661800,0.0
2025-09-03,24.09000015258789,24.09000015258789,23.719999313354492,24.0,47822900,0.0
2025-09-04,23.850000381469727,24.639999389648438,23.75,24.610000610351562,59056500,0.0
2025-09-05,24.600000381469727,24.709999084472656,24.170000076293945,24.489999771118164,55975300,0.0
2025-09-08,24.479999542236328,24.739999771118164,24.1200008392334,24.479999542236328,51122100,0.0
2025-09-09,24.530000686645508,24.809999465942383,24.270000457763672,24.440000534057617,42146200,0.0
2025-09-10,24.420000076293945,24.8700008392334,24.280000686645508,24.770000457763672,61600700,0.0
2025-09-11,24.760000228881836,24.93000030517578,24.56999969482422,24.610000610351562,55536900,0.0
2025-09-12,24.610000610351562,24.6299991607666,24.049999237060547,24.079999923706055,52672800,0.0
2025-09-15,24.329999923706055,25.459999084472656,24.219999313354492,24.770000457763672,83951600,0.0
2025-09-16,24.81999969482422,25.34000015258789,24.690000534057617,25.270000457763672,60336600,0.0
2025-09-17,25.079999923706055,25.260000228881836,24.450000762939453,24.899999618530273,63093700,0.0
2025-09-18,31.780000686645508,32.380001068115234,30.15999984741211,30.56999969482422,523908000,0.0
2025-09-19,30.3799991607666,30.6299991607666,29.329999923706055,29.579999923706055,225702900,0.0
2025-09-22,29.670000076293945,30.100000381469727,28.729999542236328,28.760000228881836,130314500,0.0
2025-09-23,28.989999771118164,30.200000762939453,28.81999969482422,29.34000015258789,126317900,0.0
2025-09-24,29.3799991607666,31.700000762939453,29.229999542236328,31.219999313354492,164458500,0.0
2025-09-25,31.610000610351562,34.25,31.209999084472656,33.9900016784668,295709300,0.0
2025-09-26,35.02000045776367,36.29999923706055,34.4900016784668,35.5,268583300,0.0
2025-09-29,34.52000045776367,35.04999923706055,33.72999954223633,34.47999954223633,152605900,0.0
2025-09-30,33.93000030517578,34.2400016784668,33.02000045776367,33.54999923706055,124818400,0.0
2025-10-01,33.529998779296875,36.060001373291016,33.5,35.939998626708984,162649700,0.0
2025-10-02,35.7599983215332,37.56999969482422,35.439998626708984,37.29999923706055,149361700,0.0
2025-10-03,37.95000076293945,38.08000183105469,36.45000076293945,36.83000183105469,125359300,0.0
2025-10-06,37.189998626708984,38.68000030517578,36.43000030517578,36.59000015258789,112086100,0.0
2025-10-07,36.63999938964844,38.04999923706055,36.349998474121094,37.16999816894531,111140200,0.0
2025-10-08,36.54999923706055,37.790000915527344,35.90999984741211,37.43000030517578,103202100,0.0
2025-10-09,37.529998779296875,38.099998474121094,36.86000061035156,37.79999923706055,89884700,0.0
2025-10-10,38.459999084472656,39.650001525878906,36.29999923706055,36.369998931884766,183063300,0.0
2025-10-13,36.439998626708984,37.5099983215332,36.279998779296875,37.220001220703125,104020700,0.0
2025-10-14,36.0,36.54999923706055,34.689998626708984,35.630001068115234,117908300,0.0
2025-10-15,36.400001525878906,37.4900016784668,35.63999938964844,37.150001525878906,99242700,0.0
2025-10-16,37.150001525878906,38.02000045776367,36.40999984741211,36.84000015258789,83357800,0.0
2025-10-17,36.36000061035156,38.380001068115234,36.08000183105469,37.0099983215332,119394700,0.0
2025-10-20,37.56999969482422,38.52000045776367,37.560001373291016,38.099998474121094,80230200,0.0
2025-10-21,38.13999938964844,38.349998474121094,37.66999816894531,38.119998931884766,73134900,0.0
2025-10-22,37.84000015258789,37.93000030517578,36.040000915527344,36.91999816894531,87099900,0.0
2025-10-23,36.599998474121094,38.400001525878906,36.43000030517578,38.15999984741211,121974200,0.0
2025-10-24,40.02000045776367,41.119998931884766,37.83000183105469,38.279998779296875,246380000,0.0
2025-10-27,38.38999938964844,40.66999816894531,38.22999954223633,39.540000915527344,160007600,0.0
2025-10-28,39.59000015258789,42.47999954223633,39.540000915527344,41.529998779296875,181256400,0.0
2025-10-29,41.599998474121094,42.040000915527344,40.91999816894531,41.34000015258789,106962900,0.0
2025-10-30,40.970001220703125,41.43000030517578,40.11000061035156,40.15999984741211,84855500,0.0
2025-10-31,40.68000030517578,40.83000183105469,39.790000915527344,39.9900016784668,80471400,0.0
2025-11-03,40.25,40.45000076293945,39.04999923706055,39.5,61267500,0.0
2025-11-04,38.13999938964844,38.25,36.630001068115234,37.029998779296875,102250300,0.0
2025-11-05,37.41999816894531,38.689998626708984,37.11000061035156,38.380001068115234,74631600,0.0
2025-11-06,38.34000015258789,39.84000015258789,36.79999923706055,37.2400016784668,77629900,0.0
2025-11-07,37.2599983215332,38.27000045776367,36.970001220703125,38.130001068115234,95521400,0.0
2025-11-10,38.93000030517578,39.529998779296875,37.970001220703125,38.45000076293945,77820300,0.0
2025-11-11,38.150001525878906,38.220001220703125,37.4900016784668,37.880001068115234,53741900,0.0
2025-11-12,38.060001373291016,38.20000076293945,37.349998474121094,37.88999938964844,53876000,0.0
2025-11-13,37.27000045776367,37.310001373291016,35.45000076293945,35.90999984741211,95593200,0.0
2025-11-14,35.029998779296875,36.099998474121094,34.619998931884766,35.52000045776367,71716200,0.0
2025-11-17,35.45000076293945,35.72999954223633,34.22999954223633,34.709999084472656,72580100,0.0
2025-11-18,34.25,34.7599983215332,33.56999969482422,34.33000183105469,61504800,0.0
2025-11-19,34.33000183105469,35.75,34.25,35.11000061035156,67115500,0.0
2025-11-20,36.0,36.68000030517578,33.47999954223633,33.619998931884766,96389100,0.0
2025-11-21,33.5099983215332,34.97999954223633,32.88999938964844,34.5,105641700,0.0
2025-11-24,34.970001220703125,36.15999984741211,34.689998626708984,35.790000915527344,103804200,0.0
2025-11-25,35.54999923706055,36.130001068115234,34.68000030517578,35.83000183105469,62203300,0.0
2025-11-26,36.20000076293945,37.2400016784668,36.130001068115234,36.810001373291016,54563400,0.0
2025-11-28,37.400001525878906,40.59000015258789,37.34000015258789,40.560001373291016,95799500,0.0
2025-12-01,39.86000061035156,40.380001068115234,39.599998474121094,40.0099983215332,74534900,0.0
2025-12-02,40.470001220703125,43.68000030517578,40.04999923706055,43.470001220703125,167205800,0.0
2025-12-03,43.38999938964844,44.02000045776367,42.5099983215332,43.7599983215332,91957200,0.0
2025-12-04,43.2599983215332,43.279998779296875,40.13999938964844,40.5,107850200,0.0
2025-12-05,41.15999984741211,42.83000183105469,41.150001525878906,41.40999984741211,103042000,0.0
2025-12-08,41.939998626708984,42.119998931884766,39.70000076293945,40.29999923706055,93953600,0.0
2025-12-09,40.72999954223633,41.2599983215332,40.029998779296875,40.5,61877200,0.0
2025-12-10,40.11000061035156,40.9900016784668,38.88999938964844,40.779998779296875,75974900,0.0
2025-12-11,40.06999969482422,40.189998626708984,39.08000183105469,39.5099983215332,59096800,0.0
2025-12-12,39.25,40.029998779296875,37.619998931884766,37.810001373291016,87784500,0.0
2025-12-15,38.33000183105469,38.47999954223633,37.31999969482422,37.5099983215332,60898500,0.0
2025-12-16,37.58000183105469,37.959999084472656,36.91999816894531,37.310001373291016,50490300,0.0
2025-12-17,37.59000015258789,37.84000015258789,35.970001220703125,36.04999923706055,54792000,0.0
2025-12-18,37.380001068115234,37.4900016784668,35.66999816894531,36.279998779296875,69468400,0.0
2025-12-19,36.47999954223633,37.58000183105469,36.439998626708984,36.81999969482422,163221300,0.0
2025-12-22,37.88999938964844,37.900001525878906,36.290000915527344,36.369998931884766,51685400,0.0
2025-12-23,36.2400016784668,36.79999923706055,36.029998779296875,36.349998474121094,35958000,0.0
2025-12-24,35.16999816894531,36.18000030517578,34.95000076293945,36.15999984741211,37443800,0.0
2025-12-26,36.16999816894531,36.4900016784668,35.849998474121094,36.20000076293945,28779400,0.0
2025-12-29,36.0099983215332,36.79999923706055,35.81999969482422,36.68000030517578,38062300,0.0
2025-12-30,36.90999984741211,38.2599983215332,36.81999969482422,37.29999923706055,61935300,0.0
2025-12-31,37.400001525878906,37.58000183105469,36.869998931884766,36.900001525878906,51524700,0.0
2026-01-02,37.77000045776367,39.86000061035156,37.7599983215332,39.380001068115234,95396400,0.0
2026-01-05,41.59000015258789,42.099998474121094,39.27000045776367,39.369998931884766,96665400,0.0
2026-01-06,39.86000061035156,40.310001373291016,38.95000076293945,40.040000915527344,66395100,0.0
2026-01-07,40.18000030517578,44.56999969482422,40.119998931884766,42.630001068115234,166028400,0.0
2026-01-08,42.619998931884766,43.34000015258789,40.68000030517578,41.11000061035156,88242000,0.0
2026-01-09,41.83000183105469,45.72999954223633,41.56999969482422,45.54999923706055,186691400,0.0
2026-01-12,44.2400016784668,45.45000076293945,43.88999938964844,44.060001373291016,101989100,0.0
2026-01-13,45.88999938964844,48.2400016784668,45.220001220703125,47.290000915527344,168656400,0.0
2026-01-14,48.95000076293945,49.0,47.41999816894531,48.720001220703125,148225800,0.0
2026-01-15,49.349998474121094,50.38999938964844,47.83000183105469,48.31999969482422,132328900,0.0
2026-01-16,49.27000045776367,50.209999084472656,46.709999084472656,46.959999084472656,127314700,0.0
2026-01-20,47.29999923706055,50.22999954223633,47.0,48.560001373291016,150153000,0.0
2026-01-21,50.31999969482422,54.40999984741211,50.150001525878906,54.25,220565300,0.0
2026-01-22,54.209999084472656,54.599998474121094,53.08000183105469,54.31999969482422,190066400,0.0
2026-01-23,46.86000061035156,48.130001068115234,44.45000076293945,45.06999969482422,294675400,0.0
2026-01-26,44.279998779296875,44.459999084472656,42.279998779296875,42.4900016784668,149407800,0.0
2026-01-27,43.970001220703125,44.529998779296875,43.099998474121094,43.93000030517578,121832200,0.0
2026-01-28,46.599998474121094,49.290000915527344,46.31999969482422,48.779998779296875,201995100,0.0
2026-01-29,47.560001373291016,48.77000045776367,46.9900016784668,48.65999984741211,124256600,0.0
2026-01-30,48.97999954223633,49.58000183105469,45.959999084472656,46.470001220703125,114920100,0.0
2026-02-02,45.630001068115234,49.84000015258789,45.5,48.810001373291016,101414600,0.0
2026-02-03,50.060001373291016,51.4900016784668,48.43000030517578,49.25,122205100,0.0
2026-02-04,49.540000915527344,49.70000076293945,47.0,48.599998474121094,128702300,0.0
2026-02-05,47.59000015258789,50.86000061035156,46.790000915527344,48.2400016784668,114307800,0.0
2026-02-06,49.099998474121094,51.29999923706055,48.83000183105469,50.59000015258789,115600200,0.0
2026-02-09,49.59000015258789,51.220001220703125,47.59000015258789,50.2400016784668,94841400,0.0
2026-02-10,50.40999984741211,50.540000915527344,46.77000045776367,47.130001068115234,99832900,0.0
2026-02-11,48.11000061035156,49.54999923706055,46.86000061035156,48.290000915527344,107681200,0.0
2026-02-12,47.79999923706055,48.95000076293945,46.189998626708984,46.47999954223633,88321200,0.0
2026-02-13,45.7599983215332,47.689998626708984,44.970001220703125,46.790000915527344,69740400,0.0
2026-02-17,45.93000030517578,46.83000183105469,45.459999084472656,46.18000030517578,65802200,0.0
2026-02-18,45.91999816894531,46.77000045776367,44.880001068115234,45.459999084472656,65306100,0.0
2026-02-19,44.95000076293945,45.16999816894531,43.91999816894531,44.619998931884766,72724900,0.0
2026-02-20,43.88999938964844,44.38999938964844,42.880001068115234,44.11000061035156,90743600,0.0
2026-02-23,44.09000015258789,44.54999923706055,43.18000030517578,43.630001068115234,57130900,0.0
2026-02-24,44.099998474121094,46.599998474121094,43.540000915527344,46.119998931884766,98872300,0.0
2026-02-25,46.09000015258789,46.970001220703125,45.08000183105469,46.880001068115234,75645300,0.0
2026-02-26,46.77000045776367,46.95000076293945,44.38999938964844,45.459999084472656,71457500,0.0
2026-02-27,44.459999084472656,46.560001373291016,44.400001525878906,45.61000061035156,79327200,0.0
2026-03-02,44.20000076293945,45.810001373291016,43.95000076293945,45.5,60705100,0.0
2026-03-03,43.439998626708984,43.689998626708984,42.13999938964844,43.099998474121094,83971000,0.0
2026-03-04,44.06999969482422,46.130001068115234,43.27000045776367,45.58000183105469,96628100,0.0
2026-03-05,44.869998931884766,46.47999954223633,44.70000076293945,45.95000076293945,78229400,0.0
2026-03-06,44.66999816894531,45.18000030517578,43.279998779296875,43.41999816894531,74698300,0.0
2026-03-09,42.7400016784668,45.7599983215332,41.63999938964844,45.58000183105469,82937400,0.0
2026-03-10,45.40999984741211,47.880001068115234,45.40999984741211,46.779998779296875,85233300,0.0
2026-03-11,46.81999969482422,48.83000183105469,46.65999984741211,47.97999954223633,72480600,0.0
2026-03-12,47.400001525878906,47.439998626708984,45.16999816894531,45.25,85110200,0.0
2026-03-13,45.970001220703125,46.650001525878906,45.38999938964844,45.77000045776367,68386200,0.0
2026-03-16,47.90999984741211,49.16999816894531,45.689998626708984,45.7599983215332,114199400,0.0
2026-03-17,46.08000183105469,46.08000183105469,43.90999984741211,44.060001373291016,89061600,0.0
2026-03-18,44.20000076293945,45.709999084472656,44.04999923706055,45.029998779296875,78056200,0.0
2026-03-19,43.9900016784668,46.439998626708984,43.650001525878906,46.18000030517578,74051500,0.0
2026-03-20,46.95000076293945,47.54999923706055,43.63999938964844,43.869998931884766,162814200,0.0
2026-03-23,44.5,45.459999084472656,43.7400016784668,44.0099983215332,80772200,0.0
2026-03-24,43.540000915527344,44.310001373291016,43.20000076293945,44.060001373291016,65323500,0.0
2026-03-25,45.849998474121094,47.849998474121094,45.45000076293945,47.18000030517578,97467900,0.0
2026-03-26,46.29999923706055,46.599998474121094,43.91999816894531,44.099998474121094,82841400,0.0
2026-03-27,43.619998931884766,44.130001068115234,42.86000061035156,43.130001068115234,70002200,0.0
2026-03-30,43.720001220703125,43.9900016784668,40.630001068115234,41.189998626708984,84596000,0.0
2026-03-31,41.95000076293945,44.22999954223633,41.599998474121094,44.130001068115234,95294900,0.0
2026-04-01,45.0,48.77000045776367,44.97999954223633,48.029998779296875,129598500,0.0
2026-04-02,46.060001373291016,50.4900016784668,46.040000915527344,50.380001068115234,117134200,0.0
2026-04-06,50.880001068115234,52.38999938964844,49.869998931884766,50.779998779296875,79978800,0.0
2026-04-07,51.90999984741211,53.27000045776367,51.220001220703125,52.90999984741211,129543800,0.0
2026-04-08,55.369998931884766,59.16999816894531,54.79999923706055,58.95000076293945,184599900,0.0
2026-04-09,58.400001525878906,62.08000183105469,58.38999938964844,61.720001220703125,155609900,0.0
2026-04-10,61.52000045776367,63.38999938964844,60.75,62.380001068115234,98624400,0.0
2026-04-13,62.18000030517578,65.6500015258789,62.18000030517578,65.18000030517578,112111000,0.0
2026-04-14,65.16000366210938,65.18000030517578,62.09000015258789,63.810001373291016,112796100,0.0
2026-04-15,63.77000045776367,65.83999633789062,62.880001068115234,64.94000244140625,92051500,0.0
2026-04-16,64.93000030517578,68.61000061035156,64.2699966430664,68.5,108328300,0.0
2026-04-17,68.8499984741211,70.33000183105469,67.73999786376953,68.5,118831500,0.0
2026-04-20,68.44999694824219,69.20999908447266,64.47000122070312,65.69999694824219,96851100,0.0
2026-04-21,67.13999938964844,67.66999816894531,65.63999938964844,66.26000213623047,91402300,0.0
2026-04-22,67.94000244140625,68.7699966430664,64.9800033569336,65.2699966430664,90267300,0.0
2026-04-23,66.0999984741211,68.27999877929688,65.41999816894531,66.77999877929688,155141800,0.0
2026-04-24,82.19999694824219,85.22000122070312,79.62000274658203,82.54000091552734,281405200,0.0
2026-04-27,83.66999816894531,87.0999984741211,82.61000061035156,84.98999786376953,178820200,0.0
2026-04-28,81.27999877929688,84.58999633789062,80.80000305175781,84.5199966430664,147773500,0.0
2026-04-29,86.13999938964844,94.94999694824219,85.87000274658203,94.75,235070900,0.0
